Irradiance,WindSpeed,AmbientTemp,Power,Failure
374.54011884736246,5.904532804161631,14.945632738667939,123.5323023735838,0.0
950.7143064099162,7.101534890625321,13.31648384925613,296.70121985378296,0.0
731.9939418114051,12.818210898032705,7.046156500114402,45.181543034314316,1.0
598.6584841970366,5.100065790898382,24.29066680405952,184.21415225296042,0.0
156.01864044243652,13.04474527218257,19.064966420345154,54.08411728530899,0.0
155.99452033620264,1.3220164646503725,34.628039692960144,47.45730678469288,0.0
58.08361216819946,11.65197655812946,1.2843832192823301,21.519825767025353,0.0
866.1761457749352,12.713214495821045,25.754717102205053,268.6723964496771,0.0
601.1150117432088,2.7272647925600815,30.517955140462444,177.38335905044914,0.0
708.0725777960455,6.455197985583006,30.37946276753228,211.23099409151774,0.0
20.584494295802447,2.4824966199548344,35.442958683821004,6.393728402686713,0.0
969.9098521619943,10.599061934913266,29.161349713179764,288.81891482532905,0.0
832.4426408004217,8.030216520924851,37.11240246590785,90.96177677286487,1.0
212.33911067827614,9.529850200624816,13.306263992835659,73.28066318191925,0.0
181.82496720710063,2.947304504343167,20.128376670061723,59.07719079714296,0.0
183.4045098534338,3.176187930786293,0.563186531315627,64.25295823218859,0.0
304.24224295953775,0.6224598826485955,0.2783034921316485,103.79406431929061,0.0
524.7564316322379,4.831013027935946,9.605064818060796,172.5558752252471,0.0
431.94501864211577,8.396169920005125,4.03228788556341,149.61393170651922,0.0
291.22914019804193,12.869023709959931,10.408454717430144,22.842914848361517,1.0
611.8528947223795,10.00391171188021,7.081731781135896,41.673841285013914,1.0
139.49386065204183,6.5309448509962715,1.1408009935459296,49.90010994707754,0.0
292.14464853521815,14.296801715912068,36.37216585624198,93.97566852521574,0.0
366.3618432936917,10.788678008637477,0.328925255555661,131.2399503092573,0.0
456.06998421703594,13.95247804293825,29.443285773483417,147.57889475559668,0.0
785.1759613930136,7.913819599082485,6.085915476780661,258.52217280660255,0.0
199.67378215835973,3.883564121897094,36.489184879984,60.917039189702045,0.0
514.2344384136117,0.7924002954708298,35.71183758359543,148.1322513550315,0.0
592.4145688620424,10.891272772257757,26.156045854770294,187.60749588796943,0.0
46.45041271999772,1.8195449700830117,26.889365992024207,14.831219259992912,0.0
607.5448519014384,4.541626924079508,0.21356567878754174,204.81359899842477,0.0
170.52412368729154,7.9870636182584605,39.394862644544084,52.92414184638819,0.0
65.05159298527951,8.466248816696215,35.11330414303258,20.869343829986622,0.0
948.8855372533333,9.00874795480704,35.80424902920368,272.35876063871694,0.0
965.6320330745593,2.4938299552455097,26.369781482034877,276.1268861785886,0.0
808.3973481164611,5.696061072324731,13.79147714618146,254.03150080711453,0.0
304.6137691733707,9.2579134067545,35.745945963619235,95.1379514690551,0.0
97.67211400638386,14.547282969506771,11.660677126047695,35.284491432314255,0.0
684.2330265121569,10.91446706549533,22.508461733688115,217.4974241395914,0.0
440.1524937396013,13.839056356409367,3.989238893755296,156.94205254174716,0.0
122.03823484477883,11.433180874712656,36.87822520531001,39.30379388165832,0.0
495.17691011127016,8.875754533386006,5.630818310848533,169.75615610359972,0.0
34.388521115218396,2.8803505370451683,8.99587222921629,11.853552570802824,0.0
909.3204020787821,10.000284778387696,22.3253663251286,279.80350226255393,0.0
258.7799816000169,9.350693489398607,30.56372000851926,83.04110349563621,0.0
662.522284353982,9.037037556858996,24.774052237451958,206.83910572449196,0.0
311.71107608941094,7.346788019823611,9.285356512006246,106.68338739819801,0.0
520.0680211778108,7.9298490598391345,0.03772170109961337,180.57095287946422,0.0
546.7102793432797,5.016637906771561,30.286023212297568,165.0366131067958,0.0
184.85445552552704,7.789690389634548,39.40829303644375,57.19677451363971,0.0
969.5846277645586,2.9633385851771736,32.39652481224362,270.5044236556327,0.0
775.1328233611146,12.077615960405652,18.408264726264612,249.48529182284258,0.0
939.4989415641891,2.786654320480617,36.150690455964266,75.1352639624865,1.0
894.8273504276489,1.2744943483419964,16.393906924734,94.71226158087516,1.0
597.8999788110851,6.543690395357361,20.9973633697387,188.17580549429738,0.0
921.8742350231169,9.874611592590927,19.08519069582733,286.82295157055046,0.0
88.4925020519195,6.565752374003121,17.904954906620997,29.936109953312272,0.0
195.9828624191452,4.151311979269629,31.00763077175623,61.294622036042696,0.0
45.227288910538064,8.372567758356611,21.07075629077968,15.348696127489019,0.0
325.3303307632643,5.205035031182999,12.668684881008643,42.92447420837276,1.0
388.677289689482,13.993015351899496,10.326326706339133,48.72335810288238,1.0
271.3490317738959,13.839677094053581,1.5098926786973355,99.37336496555218,0.0
828.7375091519293,7.535577299581432,23.32780647532184,252.586923973247,0.0
356.75332669358926,4.9182599102738775,9.19845661604137,26.501445942044743,1.0
280.93450968738074,11.056986209349587,5.925356880655324,31.369620862177815,1.0
542.6960831582485,0.5506941522459996,26.153198553107107,162.12595536715662,0.0
140.92422497476264,7.121535090654769,27.248370312861955,45.85448000547052,0.0
802.1969807540397,5.044850914055003,30.08619569030664,60.99824704685682,1.0
74.55064367977083,13.808038276538321,20.14307585354366,7.9552187535147105,1.0
986.8869366005173,0.18004540909023814,35.76218420815546,265.1504986498161,0.0
772.2447692966574,8.292223135775236,37.453710135929114,224.20282779627473,0.0
198.7156815341724,11.10995371599939,32.294837591699576,64.45602193143245,0.0
5.522117123602399,7.275269812860619,25.42373928032749,1.8400471906017215,0.0
815.4614284548342,1.281045452440825,12.148838143647547,250.83216436647746,0.0
706.8573438476171,14.586920850418533,39.31779686480885,213.8503489979135,0.0
729.0071680409873,7.770156470641469,10.965446687677534,236.8464487544008,0.0
771.2703466859457,9.21279366478517,8.106276879617242,254.28455395164943,0.0
74.04465173409037,3.54914674061261,17.68616455146331,7.490514916029003,1.0
358.4657285442726,7.252471276602057,2.2736228284955384,125.19394909397823,0.0
115.86905952512971,6.437242379374828,39.13977858687163,35.89753433154702,0.0
863.1034258755935,1.123437630029756,23.53734225665699,251.06472955669759,0.0
623.2981268275579,1.5924053032120082,22.27808366656701,18.97523253973003,1.0
330.8980248526492,12.562087794281618,26.231851195988796,24.635166795606313,1.0
63.55835028602363,3.5972992830988537,19.880945911088265,21.038993791446945,0.0
310.9823217156622,2.9243740724794582,1.2825406837816633,106.9876912865499,0.0
325.183322026747,7.573671768752089,24.492451553615872,104.93798224306616,0.0
729.6061783380641,11.531206970437694,28.646955078257225,225.78023441563568,0.0
637.5574713552131,0.9291977786848188,16.669962424962126,196.34494096929734,0.0
887.2127425763265,8.652118794573838,30.29182288284772,262.41052736065666,0.0
472.2149251619493,1.7881566426086004,9.080051973536825,153.78989014113984,0.0
119.5942459383017,0.5469157623842769,8.851063642647361,9.199039628486346,1.0
713.244787222995,0.7911592824332608,6.456679507502958,226.7161792523421,0.0
760.7850486168975,12.51246162312662,14.879790391566473,249.35768344783412,0.0
561.2771975694963,1.7695872544209235,33.88048141556334,163.03842349767524,0.0
770.967179954561,0.6772704661843792,33.11648248596257,216.87778758444222,0.0
493.79559636439075,6.568498307143685,15.312968318540152,161.00164256738657,0.0
522.7328293819941,12.659902079130372,23.564749439209464,170.44811680625372,0.0
427.54101835854965,3.936125647339529,28.832652658996626,130.92759225459142,0.0
25.419126744095188,6.325689262888746,9.64827098512092,8.917523861935024,0.0
107.89142699330445,0.5988379884562683,6.725643435789883,36.72601674564119,0.0
31.42918568673425,6.736177712023138,38.88383972849244,1.3827265432702236,1.0
636.4104112637804,8.664196209557005,24.70229252838474,198.92799694455738,0.0
314.35598107632666,8.563605806282172,39.25662887334656,96.23139748452235,0.0
508.5706911647028,4.986400382615478,13.510239485289164,165.15918007503728,0.0
907.5664739260931,4.732997709947033,28.12126799896526,263.413527316173,0.0
249.29222914887495,1.5993542840489683,8.90414546164951,83.28869141980643,0.0
410.38292303562974,5.501974809694026,10.448006850956517,136.83465048977192,0.0
755.5511385430486,1.49242003309447,20.476084850784957,226.39552981964326,0.0
228.79816549162246,11.498939170680774,12.784725020322849,8.938382324273809,1.0
76.979909828793,14.494114466222788,6.704862553623379,28.350965413881955,0.0
289.75145291376805,14.551116850000604,10.51522807957304,102.96381526623951,0.0
161.2212872540044,12.976066490630908,1.4299357786345857,59.473377303915065,0.0
929.6976523425731,9.011882240094288,28.176944859099464,276.61845991434626,0.0
808.1203795644169,10.512985458658198,19.684666283434463,255.3310779576777,0.0
633.4037565104235,4.278087040206211,3.769722656181025,209.69843403393438,0.0
871.4605901877177,9.46155630258931,6.867759725139648,285.7618351489257,0.0
803.6720768991145,6.8347432415981615,4.1013815245057605,264.41770184672293,0.0
186.57005888603584,7.230260096653987,24.50371233103506,61.07427918456465,0.0
892.5589984899777,11.36664840562737,3.768414544499752,298.76281827215223,0.0
539.3422419156507,4.228775333958775,30.171293321408644,162.22834903253133,0.0
807.4401551640625,4.7705941754177985,0.820436772815647,37.41807475508585,1.0
896.0912999234932,13.86962686692955,9.975031519835685,297.0110181588187,0.0
318.00347497186385,0.8433644227645837,35.626667035676284,94.06726991499097,0.0
110.05192452767676,7.284514476200106,28.74125272488984,35.763735734613256,0.0
227.93516254194168,13.692012006117926,2.9187333170275087,83.37867656898707,0.0
427.1077886262563,9.155445117272356,32.84504417940719,132.88854869652064,0.0
818.0147659224931,8.196106113181981,19.721404861608193,33.372222109399964,1.0
860.7305832563435,3.7461626884403283,33.87132108675317,243.40194499320057,0.0
6.952130531190703,5.1491323359667245,24.029590978015737,2.300192306691197,0.0
510.74730257756573,12.780726237070393,27.27332128131435,164.4690315458678,0.0
417.411003148779,8.388271976526871,39.740062415828326,125.72820955116603,0.0
222.10781047073024,7.7211329063516985,9.293421836960727,76.93815783113533,0.0
119.8653673336828,1.4936957031004339,24.957822990455533,38.155430123247285,0.0
337.615171403628,0.24042234682684682,18.412855602295934,106.66233339480459,0.0
942.9097039125191,14.455277830305736,1.5780781169076574,322.02861404470644,0.0
323.2029320207552,5.654792509302625,0.5788256601146013,113.02578224088172,0.0
518.790621743366,9.048195931492565,4.769143112714347,178.12493026811353,0.0
703.0189588951779,1.195726097809275,25.963669621541925,206.7342325598283,0.0
363.629602379294,10.246714285845698,22.686523516535686,119.51471034753054,0.0
971.7820827209607,13.988500630589414,22.137182446549097,304.3678776464188,0.0
962.4472949421113,8.634978794961295,1.2742705011304034,317.5980953864205,0.0
251.78229582536414,1.8917298356311585,18.77211985440028,24.46808644268626,1.0
497.2485058923854,8.725822912102151,36.98491271370114,150.32744683926788,0.0
300.8783098167697,11.495208196569786,15.903674772425864,102.94863349046577,0.0
284.8404943774676,6.0962480486102795,24.996898791538253,91.36853912194951,0.0
36.88694735453279,13.197566219122018,31.192747024925744,3.9484416463897754,1.0
609.5643339798969,9.730244300360468,31.3570111656755,187.2202633337244,0.0
502.67902322886147,13.488733774338037,20.771203295810853,166.89363516095813,0.0
51.47875124998935,9.352579668710058,34.31807781609345,16.681845287723164,0.0
278.64646423661145,1.9693195800723635,15.655123734549878,90.5719464130699,0.0
908.2658859666537,4.645375666577837,35.54772859139193,46.94643301705423,1.0
239.56189066697243,3.0269242237868537,9.609086655821812,80.56775106265856,0.0
144.89487209122308,13.632397465752934,11.208656279622842,51.91049474436024,0.0
489.452760277563,11.40600100931224,2.124824967960044,172.47569345402906,0.0
985.6504541106007,10.145975533650091,31.823273461691315,288.6945593589328,0.0
242.05527151150042,4.5144947944743254,16.682209449308225,79.88300312169476,0.0
672.1355474058786,2.7606715807532027,9.16466455645596,214.92187026147835,0.0
761.6196153287176,11.346766319833677,9.271611104663187,52.5333244394474,1.0
237.63754399239966,7.112369188186195,36.05599764916933,10.496510903615325,1.0
728.2163486118595,3.386843282259437,33.35666401844148,209.61176096742787,0.0
367.7831327192532,9.249329672479126,22.141235414287333,120.37360224923674,0.0
632.3058305935795,0.6050077820767796,24.644432016628844,188.00741168334878,0.0
633.5297107608947,4.892553811923802,18.97302282201164,198.1558621031411,0.0
535.7746840747585,7.02835491886702,15.666661715152355,174.0557106957906,0.0
90.28977005440831,2.2193750116410875,36.61907524873326,27.62159602310798,0.0
835.302495589238,14.769817163862594,5.024508140812083,285.54904579627544,0.0
320.78006497173584,3.1364604688442137,16.737871588649117,104.02242280767933,0.0
186.51851039985422,1.9552969506489832,13.782476319515013,6.77086567342292,1.0
40.77514155476392,3.053023108303446,19.926028810045935,13.488038516810725,0.0
590.8929431882418,11.535916997395864,18.305274981807003,41.00069355106427,1.0
677.5643618422824,6.382584889077642,20.755581266043258,211.17577149975222,0.0
16.58782892785615,8.48123909628807,5.596759089079764,1.88916598136433,1.0
512.093058299281,0.31513735479541116,20.525660060531084,48.63529879997297,1.0
226.49577519793795,0.5164696285997183,9.696752555488434,75.16994801963952,0.0
645.1727904094498,6.687383247405243,7.37325395952765,213.3117865113472,0.0
174.36642900499143,12.249828648024353,2.593368751447649,63.731712380274665,0.0
690.9377381024659,13.278583180613479,30.506102350245637,215.5138857292548,0.0
386.7353463005374,1.3005985139346032,17.097676834262398,122.8895981361862,0.0
936.7299887367345,8.075446531515341,25.065747332470334,280.50404728317864,0.0
137.52094414599324,13.698445294189057,29.103733732189735,46.17505419781547,0.0
341.0663510502585,5.819591315968296,27.17266661254214,107.53673827395282,0.0
113.47352124058906,12.443487471425529,18.820028763587292,39.425748117337776,0.0
924.6936182785628,2.005434815991543,15.515941158069193,277.85359845111174,0.0
877.339353380981,14.03091734501698,15.038396385626548,55.198197757877516,1.0
257.9416277151556,11.271349762969539,25.601951877202254,85.36978872209619,0.0
659.9840460341791,14.120015891803526,19.791774197674936,216.76091781522257,0.0
817.2222002012159,10.149258503287598,33.965289919540425,90.08574906867429,1.0
555.2008115994623,5.451058979991405,34.98807937306849,164.54019000863838,0.0
529.6505783560065,14.072717587870837,6.822415120260739,185.3503429033858,0.0
241.8522909004517,4.133501644637677,5.449346061829026,15.188304836820306,1.0
93.1027678058992,4.982587830925988,25.216037041439982,30.324958234390238,0.0
897.2157579533267,10.512126270026105,12.049029922491176,67.51796469925952,1.0
900.4180571633304,11.479744492880794,0.7428287506039544,39.302874215806064,1.0
633.1014572732679,13.941052257737308,35.5457067745182,195.60126602981285,0.0
339.0297910487007,3.0720361358431427,9.07603068975233,112.98582966704902,0.0
349.2095746126609,11.969970528288359,37.171226067432364,109.64954577929277,0.0
725.9556788702394,11.078190800954452,28.697378035130146,38.74626440315378,1.0
897.110259952577,0.956918343803968,30.50613959645937,251.49624064551563,0.0
887.0864242651173,5.808347118153105,8.058459831726417,282.77927097104947,0.0
779.8755458576238,4.241481855901479,9.367777024672517,71.72219218083991,1.0
642.0316461542877,4.567356365310456,20.85071015296263,198.6615409641208,0.0
84.13996499504883,14.744203193320512,6.8839941059944865,30.985920576130177,0.0
161.62871409461377,9.641661202198918,12.217267707321291,56.3546544933241,0.0
898.5541885270792,10.765142366902493,12.858499117912178,289.07001645900056,0.0
606.4290596595899,14.649264559725138,6.385197330110564,211.4415944438361,0.0
9.197051616629647,5.6580267368645805,8.207313335806429,1.0463240453326563,1.0
101.47154286603211,12.027602526792089,31.54207368033026,33.569083218345895,0.0
663.5017691080558,6.5179644495674305,6.687834181890735,219.27114263059337,0.0
5.061583846218687,13.043005077224697,1.1382956737568994,1.9000739654300218,0.0
160.80805141749866,2.7098631196695475,25.17419770515754,51.266400372031235,0.0
548.7337893665862,14.215292655964195,39.039324775698,169.14809525586503,0.0
691.8951976926933,3.281575626163195,13.248552584924855,217.79041298279327,0.0
651.9612595026006,4.893307604713973,4.746228127850092,215.33280699133857,0.0
224.26930946055978,11.342883511601707,22.815493014701232,75.34609218806389,0.0
712.1792213475359,5.9063271234811,36.25416844382585,206.23793701863363,0.0
237.24908749680006,9.1231706514967,31.36247119313915,75.98190511626102,0.0
325.3996981592677,6.668602516041427,24.90063473650864,104.26963318847525,0.0
746.4914051180241,11.135549056346727,12.602259864303974,245.28520024190317,0.0
649.6328990472147,3.424968785529163,21.6752069310488,198.71346075919126,0.0
849.223410494178,0.8768698085531551,3.6497936521702146,268.69570969488694,0.0
657.6128923003433,4.498940962095993,27.157816971226797,197.6939720954273,0.0
568.3086033354716,7.114629973026454,29.003840755906033,174.30713825533044,0.0
93.67476782809247,2.5203007828901787,38.60126491639675,28.461415226909644,0.0
367.71580305943354,5.32195934484583,10.415894349802866,25.724578324489865,1.0
265.20236768172543,5.999745274403528,0.7382567617209057,93.45486691197168,0.0
243.9896433790836,0.8608776553241032,21.824338577086024,77.18576487516947,0.0
973.0105547524456,8.749608722763067,28.271620175872577,287.27939070958115,0.0
393.0977246667604,13.265151419569312,31.61629903531952,126.54023129169244,0.0
892.0465551771133,2.2761436942957864,7.749557320992424,65.48527971397144,1.0
631.1386259972629,8.967120201022711,10.470114761480946,209.27256733711343,0.0
794.8113035416484,9.971088073662694,20.503637010691854,43.48064008342563,1.0
502.6370931051921,6.290020206289325,13.224032398800073,164.78897431936286,0.0
576.9038846263591,10.51646381046405,34.4204594634978,176.52123132340108,0.0
492.5176938188639,6.16097315236518,18.95040614954881,36.4479869429258,1.0
195.2429877980445,7.569559319661524,31.98314576408012,62.106364217089954,0.0
722.4521152615054,0.1102956683164047,23.224790419294152,59.32454191567497,1.0
280.7723624408558,10.375801712020332,30.92360566468448,90.28450535245646,0.0
24.315966431453838,9.920140184170867,13.306919461212953,8.585483351795773,0.0
645.4722959071678,0.5760131598951684,33.256664877212444,184.44453350865518,0.0
177.11067940704893,5.523751610926996,10.982892622040863,60.52694602371064,0.0
940.4585843529143,14.685477611875012,21.84395232013163,297.2998822182539,0.0
953.9285770025874,6.311048438529252,8.56028452695497,56.151062952211056,1.0
914.8643902204485,7.5291810769776255,19.021060865047733,280.8434943596098,0.0
370.1587002554444,13.648952372395778,12.727008380348126,14.375903131410444,1.0
15.456616528867428,10.758928137986347,10.66813722548857,5.539781080533711,0.0
928.3185625877254,8.731051966863353,38.679400721121496,263.2772285961295,0.0
428.18414831731434,11.967070220116089,6.402964219469225,51.47056910563745,1.0
966.6548190436696,12.965493996839598,31.49303349829581,82.14095428206662,1.0
963.6199770892529,6.853321076059003,39.36659837932859,267.66098548640673,0.0
853.0094554673601,7.126625473977531,0.7960593496031132,283.1211757312177,0.0
294.44889206958567,5.790764034777537,27.9610965616838,93.0520998344734,0.0
385.09772860192527,14.500592100276908,10.116472222251485,135.59456601068106,0.0
851.136671516857,10.457493814355256,1.6195129731321778,287.1069228723449,0.0
316.9220051562777,1.2483459931210845,16.11558315826523,101.92182302915975,0.0
169.4927466860925,12.944394349695276,37.408712406835,54.65489614880214,0.0
556.8012624583502,7.208399112544021,0.47060377467990744,191.4597806248739,0.0
936.154774160781,1.031308596337312,23.51542767719127,269.54893679539236,0.0
696.029796674973,8.245758827449666,20.055859143812974,219.55063673340982,0.0
570.061170089365,6.2574641846355314,34.9353665748419,169.54001885496174,0.0
97.17649377076853,13.166241072939373,3.3600685808250264,35.8821013639852,0.0
615.0072266991698,3.059919054140811,27.261041195466014,184.11141354248554,0.0
990.0538501042632,12.396969142382744,27.20438793733109,95.303066225996,1.0
140.08401523652404,8.365330367781791,26.76320067449133,46.00713630628515,0.0
518.3296523637367,0.8191545482020357,37.69337979740148,147.9423708620076,0.0
877.3730719279555,14.57767951988227,32.923501160275215,266.8582289934785,0.0
740.7686177542045,7.6892286615479986,1.6789090497402404,249.02329769680296,0.0
697.015740995268,4.363152813473738,18.843314028180526,51.148462566573876,1.0
702.4840839871092,7.041102629838871,15.91812224805334,223.50818908077133,0.0
359.4911512197552,12.867866752762335,12.405888843632082,124.75144836865451,0.0
293.5918442644934,4.573546865775953,18.05346900616389,95.82803823361951,0.0
809.3611554785136,2.8901459473005047,15.367767397039099,248.31108758295844,0.0
810.1133946791807,1.9360687039632218,17.293355995146612,245.0377543989015,0.0
867.0723185801037,4.467890975853169,39.1704746243457,240.304381528412,0.0
913.2405525564712,11.700721305600652,3.5453189899832305,305.8067628291493,0.0
511.3423988609378,7.074395477928926,36.88923479354919,59.56434011525247,1.0
501.5162946871996,3.4122240554030996,19.20946853884107,157.82974807901326,0.0
798.2951789667752,2.492774994146238,24.949689819981646,59.295215646891066,1.0
649.9639307777652,4.990942147655686,33.207318664707756,57.53166642024789,1.0
701.9668772577033,14.098865593285632,14.418521165970223,234.21727621811513,0.0
795.792669436101,5.145400688850366,17.216876323518676,246.12524693566016,0.0
890.0053418175663,14.82186113931953,16.38073921114856,61.3803338866307,1.0
337.9951568515358,7.278456836480343,14.989240901430394,112.82595873674248,0.0
375.58295263994404,2.687458774352263,37.0211728658758,17.223742008478574,1.0
93.981939840869,13.36710137690264,33.157195647720485,7.725856064181363,1.0
578.2801409961739,6.905330597022403,4.359999594519044,195.15305379388985,0.0
35.942273796742086,10.645070152567866,4.324934099083841,4.286918522952069,1.0
465.59801813246014,14.755673748137276,17.114780594119647,158.5570819921653,0.0
542.6446347075766,0.75263025479961,3.946295069312362,177.7466353478005,0.0
286.5412521282844,1.450418396813507,24.763723810844787,89.4249552477717,0.0
590.8332605690108,10.806851121941342,5.7476642904693565,202.48100837956656,0.0
30.50024993904943,4.22737504943208,20.894930558672044,10.132178130867647,0.0
37.348188749214415,2.764520954251486,0.2887978801487101,13.277432304398342,0.0
822.6005606596583,0.5904281972959424,12.66385393650587,251.1695874692917,0.0
360.1906414112629,0.3277006797930271,27.087628946906218,15.253799432214562,1.0
127.06051265188478,11.617284046796863,19.361557609113937,15.12970084713482,1.0
522.2432600548044,2.01650141054325,39.130779439959525,48.92614542538408,1.0
769.9935530986108,7.015809239567263,34.964151842648434,224.1824579400573,0.0
215.8210274968432,9.088452227692246,14.36283116172605,73.978673603143,0.0
622.8904758190002,6.425277008532694,1.819461658890984,31.096074097766806,1.0
85.347464993768,0.4065997850434966,33.82505200460075,10.128846012794947,1.0
51.681721168607694,11.752522538818633,36.449372412586854,2.7962288378473144,1.0
531.354631568148,0.1576983681248023,32.82509573676147,154.03048362575072,0.0
540.6351216101065,11.42834841566226,5.117997636790594,187.4008946300389,0.0
637.4299014982065,13.399567406821841,39.91660537649151,45.830743963050175,1.0
726.0913337226616,6.492598815857584,10.343368862110953,234.77754513221132,0.0
975.8520794625346,8.033137096466973,28.968196512334803,285.79937142772167,0.0
516.3003483011953,7.154750889264807,36.32139505342886,59.62282093528439,1.0
322.956472941246,5.838129279351582,9.427484573228377,109.39843692912247,0.0
795.1861947687037,13.311368030555403,36.33034218708264,82.46159221970582,1.0
270.83225126207424,13.409002660049858,12.37926316779468,95.19750105735817,0.0
438.9714207056361,5.037245469623018,39.05652889536225,129.41871829951677,0.0
78.45638134226596,9.22604631022047,11.250400815218985,27.64024362330289,0.0
25.35074341545751,13.903613432187962,38.13743299031341,2.244357611786748,1.0
962.6484146779251,14.430877484120273,2.141786035706996,327.3005567934319,0.0
835.9801205122059,7.634385606330713,28.37088046679252,91.4686670818668,1.0
695.974206093698,6.792372079264902,21.284445353480148,216.4979872004357,0.0
408.9529444142699,4.180414738927887,19.115083084909227,130.8057654474371,0.0
173.29432007084577,14.38307809785615,8.9397725702336,62.64903318849567,0.0
156.43704267108603,2.1422145670930104,28.223831591059678,5.002278092572872,1.0
250.24289816459532,8.697443640715875,7.632379657852284,17.441371684713825,1.0
549.2266647061205,4.238254012779583,22.11367183939073,170.6675966235226,0.0
714.5959227000624,4.185124355216949,10.129814521610033,228.40543207145765,0.0
660.1973767177312,6.074528810642827,38.22485519125424,191.05036053288921,0.0
279.9338969459428,14.981894037234818,1.145247753426113,23.36168604549204,1.0
954.8652806631941,0.824494602597331,7.989131204449462,71.47305330250839,1.0
737.8969166957685,8.678127273052972,9.692424255497908,241.97149614597427,0.0
554.3540525114007,1.2385823705291577,16.562713030712658,172.8978235137407,0.0
611.7207462343522,2.317812449857785,9.30920967480214,196.3894800976728,0.0
419.6000624277899,6.5934441265934804,19.65396361075141,135.69433700945208,0.0
247.73098950115747,7.6569019701966194,34.89862093034156,14.831332125768832,1.0
355.97267865126156,3.88188612546786,28.48253685636683,110.11168429391496,0.0
757.8461104643691,4.746856963116243,23.19847922140444,229.1109912913088,0.0
14.393488629755868,1.304505303838996,3.560127119307186,5.029012636044771,0.0
116.07264050691623,4.548296757663758,27.759684335571023,37.22950369844856,0.0
46.00264202175275,14.498376590708162,6.656571372437594,17.00027499027511,0.0
40.72880231897014,14.170610725087226,31.45469543846792,13.74114753214927,0.0
855.4605840110072,5.023174352054775,10.002270340406128,270.3186172793478,0.0
703.6578593800236,8.562809044181424,16.681949132836035,225.2178266161322,0.0
474.1738290873252,13.643930866664165,14.018808092717116,162.18831218557906,0.0
97.83416065100148,0.09275733961345012,34.35255658699427,29.785609221261012,0.0
491.61587511683234,12.160253555063878,5.0617783485363255,61.67484195741045,1.0
473.4717707805657,14.225543291833786,22.625795295391544,58.04976366414238,1.0
173.20186991001518,1.369886015003356,5.682464377722489,59.01085998869639,0.0
433.85164923797305,2.4217152904938155,28.191833445287465,131.84935713013178,0.0
398.50473439737345,14.411194541570332,36.203125111779244,126.73522992876244,0.0
615.8500980522165,8.063102154605195,17.384306154690137,30.362395482245013,1.0
635.0936508676438,0.21294951707585552,19.523690410599034,192.45302801347665,0.0
45.304009772044516,3.8644799814529374,37.09691345931049,3.8060447776758832,1.0
374.6126146264712,6.749155114032894,20.839655545974285,121.33646183020788,0.0
625.8599157142364,10.393633665371516,19.503937521982436,202.12628881860806,0.0
503.1362585800877,10.997405672051993,23.133164108172167,163.10879353083607,0.0
856.4898411883223,14.931322693881842,27.569189454518078,267.644824949319,0.0
658.693631618945,4.312667990756386,4.275335003481255,52.4623443380346,1.0
162.9344270814297,8.073301528027129,32.844421109660644,52.00919017459954,0.0
70.56874740042984,7.999853217894075,17.42020109813037,24.15935328298331,0.0
642.4192782063157,6.084678891708562,2.8939403958994214,215.40924808792354,0.0
26.511310541621814,2.5374284076363027,31.447306767928524,8.367003423568308,0.0
585.7755812734633,14.661848447757638,15.077998867450884,198.20134341918188,0.0
940.2302414249576,12.79975779999879,4.0146998038021575,315.2891725684422,0.0
575.4741778758789,7.474995424413558,25.35116158173002,179.43532087564805,0.0
388.1699262065219,9.048681340260448,35.20525413734567,120.10172289287138,0.0
643.2882184423531,3.4089158033949345,35.510140376559455,185.51780637894285,0.0
458.2528904915166,8.156806055876203,38.306538992358924,137.94868639526874,0.0
545.616789315935,10.424551996822137,34.70821839066752,167.30626027908045,0.0
941.4648087765252,7.727505425798832,0.08563677381900892,311.22467897183617,0.0
386.10263780077423,14.854277558774118,15.20964665653561,133.67858805210446,0.0
961.1905638239142,9.170124843715893,32.74170319622012,81.73039449483404,1.0
905.3506419560638,5.564605688882535,14.650120239938968,279.9040207695883,0.0
195.79113478929645,11.582280414237571,24.061940255188247,65.77021972995287,0.0
69.36130087516545,2.5569376737246308,24.252677894981282,22.4177402052541,0.0
100.77800137742665,5.767737205593998,14.601012161552923,34.31640951077075,0.0
18.22182565154973,5.204384255663788,36.178957091251505,5.739576872573174,0.0
94.4429607559284,6.477106426616659,20.129133815444703,31.642560883070022,0.0
683.0067734163569,11.726697388930894,18.59136823750003,221.62944678386535,0.0
71.18864846022899,7.262595482451112,39.90054982647584,22.220670638812035,0.0
318.9756302937613,11.910216753989442,19.740014562904665,107.60698176767154,0.0
844.8753109694545,8.647333547097988,7.135930077143242,276.2959213702872,0.0
23.271935735825867,5.13104151986333,20.522776914537523,7.788856313410181,0.0
814.4684825889358,12.149681155252086,32.560669420797204,41.691192032684356,1.0
281.8547747733999,3.5743450582963736,31.074413075931258,20.310969348866976,1.0
118.16482762165626,3.3657446969969325,31.54327060433884,37.05050064726217,0.0
696.7371653641507,7.5675438608225365,28.32095135991647,211.4765623856188,0.0
628.942846779884,3.912738689431334,10.16871316266753,69.89903304595069,1.0
877.4720135270529,0.13630552426824483,34.483363433609256,240.8029564969222,0.0
735.0710438038858,9.724462909482023,35.7377386150506,218.09553112051532,0.0
803.4809303848485,7.66640732208597,7.766107864741962,261.8746960002901,0.0
282.0345725713065,6.6827672173974175,5.218225462055757,97.95665863577808,0.0
177.4395437797228,14.50452771927473,39.02419874356448,57.32788472187706,0.0
750.6147516408583,8.567987759443705,34.732958546014714,221.55801279131663,0.0
806.834739267264,12.951473666840768,35.72944588839787,242.17199944317767,0.0
990.5051420006733,2.0917535430774024,35.45505538497581,68.51687548752099,1.0
412.6176769114265,8.538096946941415,21.667472961349134,134.02410619524233,0.0
372.01808579278315,13.019694400963543,25.856069466631986,122.62331791639824,0.0
776.4129607419968,8.74658635919847,21.814514085345667,241.50838359673546,0.0
340.80354025301784,10.770212671905023,2.048253967613163,121.6567035985985,0.0
930.7573256035647,5.58065351718311,29.820123414110906,268.8064530715052,0.0
858.4127518430118,1.386742755555999,20.213281333435212,253.9412367682038,0.0
428.99402737501833,6.868504426906071,25.90836299160919,19.644779082189356,1.0
750.8710677914974,5.917190862582863,20.105592199021412,231.86327869207346,0.0
754.5428740846824,13.00590273568421,19.67245289289824,74.77227800633663,1.0
103.12386883593261,3.6599295352870835,6.871564379110673,35.7088573394691,0.0
902.5529066795667,14.501013413026621,11.148548605645958,298.66718670785855,0.0
505.25237244785717,14.372071797067441,6.354107677758232,177.8788617048928,0.0
826.4574661077417,3.7144746460715803,7.826651825013697,262.29917824196406,0.0
320.04960103061177,5.2207793321598075,38.919095216812195,95.98849214297525,0.0
895.5232284962004,13.433336113108275,6.124537830887937,300.5058088320404,0.0
389.2016787341631,14.499333313441612,10.770816972208305,136.65132864289887,0.0
10.83765148029836,6.65158654254066,23.6235863095434,3.6210402385470277,0.0
905.3819764192637,4.814955684613468,24.407143049465674,267.30217157995367,0.0
91.28667678613355,7.891410198773131,6.158965189753163,32.47638764686887,0.0
319.3136375904149,10.316538095486022,31.748697031408494,101.83160241265531,0.0
950.0619670508049,4.1021177306246965,31.408114716513,269.0492832170205,0.0
950.6071469375561,11.047097619286092,9.492708168155644,91.15194617554047,1.0
573.4378881232861,0.7748603567196155,11.546652107018417,25.62672191123571,1.0
631.8372121697993,0.7394173914662466,37.51951461837988,177.629756265804,0.0
448.4455219783198,5.794315577183179,33.02685783917912,136.16169314028392,0.0
293.21077169806455,5.302097880910809,27.911881322500953,92.41813705290244,0.0
328.66454536991597,4.734498230507284,3.289328860424021,25.335263474747666,1.0
672.5184560770384,7.36529644003365,16.73056323610303,214.46717099138138,0.0
752.37452943768,4.811003734673569,22.372074883073083,228.5034346403394,0.0
791.5790437258486,2.883868777021379,7.496451519351077,251.36191585116615,0.0
789.6181427945539,4.642043236329013,17.929063284328983,242.9198510227687,0.0
91.20610304869037,14.623564092153524,24.0410350995476,31.539289672954382,0.0
494.42030470258146,6.166701254922729,13.095067204615969,58.739396238794264,1.0
57.558760016644285,6.670691652875036,31.237792758019488,18.5692098203115,0.0
549.5288823237355,8.6481748492671,33.61798326555222,167.31592048957197,0.0
441.53050137337704,14.750111526213399,12.94437877736283,53.107170061825116,1.0
887.7041827582998,3.6240191465364453,33.546286179698285,250.2713544324797,0.0
350.9150125520787,10.219231657986507,4.143062644120601,40.280643651911404,1.0
117.06701642760586,10.739770403125862,33.509163944906255,38.07408691051171,0.0
142.99168205283587,9.109866251895989,6.110017266704664,50.93066871303088,0.0
761.5106317174723,1.328675094549661,3.3170861003890417,244.49302328303452,0.0
618.218063316261,10.153084137413646,25.67101617764045,194.67405351825104,0.0
101.12267612279024,0.9614206655426322,18.87749463021177,32.94572983724646,0.0
84.10680611499744,8.942139743248454,36.31562401651331,26.86835725943579,0.0
700.96913145912,11.09371765832614,14.527567843633967,229.76887460780833,0.0
72.76300636419353,3.164548359299256,11.486090537505147,24.781598332197884,0.0
821.8600592903562,12.62433011314161,20.029396245767934,262.20759788797443,0.0
706.2422271564963,0.45530708299506395,18.237847430746452,213.5747425407213,0.0
81.34878064189976,12.657192954874592,13.77712184868753,10.018571547038901,1.0
84.83771408519192,6.904935759641476,27.749651947933142,3.0276306743071433,1.0
986.6395785011755,3.2638190989746674,30.382473356556332,277.72918181851225,0.0
374.2707957561203,2.00667217490952,34.11935876120546,44.518149238258445,1.0
370.6421470668909,14.299607513735587,38.91426418841371,116.9051031350524,0.0
812.7995672575025,1.0899838137173505,10.666247685300178,251.34076538250378,0.0
947.2485773838587,2.986401299038885,28.64373929959846,58.75826458895286,1.0
986.001063822871,5.21733521149569,15.77032941982981,299.7135809715048,0.0
753.3781852589416,9.303522734416807,27.083278878044325,230.7344580668669,0.0
376.2595855309158,8.172016279141475,19.039267613968814,123.7411071946923,0.0
83.50071669866877,1.8846523861847098,39.750924110717264,5.6114635721152695,1.0
777.1469159274368,4.3459197560732195,29.156085431629997,67.90245155713593,1.0
558.404249735805,3.581276566290361,38.09965201737298,161.19219452779961,0.0
424.22200924697626,3.2031428173551206,33.39878197924743,126.88881955100071,0.0
906.354385094736,6.167165047199806,36.11604044653484,256.3246486462231,0.0
111.19748230615134,10.560471788874853,32.576767888587,36.284612446085255,0.0
492.62510429085916,3.261793983258539,18.366365215036456,155.58918233718347,0.0
11.35364476741907,5.500183195544722,10.071538133875375,3.9650651859948556,0.0
468.66064199412625,5.863761402617434,14.812807018020887,152.9246518478466,0.0
56.30327568183735,14.646847941531153,0.8094493055980179,21.222045025036206,0.0
118.81791626807193,14.319995353186034,20.959726698586685,41.360912663434114,0.0
117.52624677710489,12.00206374128114,20.20231201081635,40.50800595717851,0.0
649.2103021160635,3.6248838122877776,21.010018593219527,199.39668472922477,0.0
746.0448792654233,1.0205597113750453,38.96124899888255,205.49131219997327,0.0
583.3687650971597,4.753562065809371,36.45816013819357,170.37811777238116,0.0
962.1725484745419,4.001918241507463,6.46851113320432,302.56147252136327,0.0
374.87057952370407,7.588887002195908,14.755300862235568,124.94018348115489,0.0
285.7120862818607,11.665918651016897,16.958247178530478,97.63372363940996,0.0
868.5991281894603,12.87484408318287,14.42131671406591,282.21324964034176,0.0
223.59583851945263,12.672961281157628,31.939838544156522,73.08520927689452,0.0
963.2225394406113,5.395133418346017,20.961506794703478,287.560632184371,0.0
12.154474689816341,10.308515151910244,22.883992678865003,4.157244892144573,0.0
969.8788267076391,4.692512962863301,34.12054235951702,53.16862396875813,1.0
43.15991195057612,0.9135831485277407,32.23712613661434,13.415534301696102,0.0
891.143113698071,10.523478984044134,5.2884609128119875,295.16081665648244,0.0
527.7011090862999,0.14741328854681768,28.55658336334537,155.9182025011747,0.0
992.9647961193003,6.137738811877329,17.41744515608142,301.22607912507743,0.0
73.79656473539886,4.940689039531136,11.785956122500018,25.354013513068185,0.0
553.8542844013208,10.400663077782786,2.000752836087454,53.30116611368971,1.0
969.302535619099,11.493682091405685,19.48998241381804,302.3249517412318,0.0
523.0978441701488,4.561419539569258,14.217467228981256,168.68472722399204,0.0
629.3986381352626,12.174405216672803,10.060521587056034,212.9434862412788,0.0
695.7486889846172,4.408751407574006,27.786869183878302,207.45894276633982,0.0
454.5410647677732,6.694895399798418,30.77941549262348,139.99963450711564,0.0
627.5580800840635,10.905277905212008,9.791580761176991,211.05197437535782,0.0
584.3143119231003,10.393803438371828,1.9778974671738903,202.74930903584738,0.0
901.158010490989,14.810527084683,33.9501080226094,60.04265165314569,1.0
45.44638034145787,3.377415363238978,0.39838964817213274,16.18934397004164,0.0
280.9631895922303,9.934768703093736,37.48449975685888,24.89408264699761,1.0
950.4114840765587,9.14522862413666,25.104794959308236,286.0062828514936,0.0
890.2637838909163,13.726476817350449,12.873865408052811,291.73068041939376,0.0
455.6567527857129,2.345432124673126,9.859116383069448,148.7201404768773,0.0
620.1325978015367,11.276972453803994,0.36022657057900975,216.66044201651277,0.0
277.38118298113267,8.524029244031524,9.418856680435086,95.87918088257936,0.0
188.1211597237613,4.119988046818581,5.509132060685644,65.02122609120737,0.0
463.69840493998214,7.116523712207611,24.486648828925826,41.028216658633646,1.0
353.35222802605284,5.006648956046967,6.661823543752052,119.96905529482154,0.0
583.6561118508721,8.689701041826913,21.14519350146477,34.37003695961164,1.0
77.73463696498484,13.335009162219988,23.60465689377883,26.772139087043133,0.0
974.3948076661665,8.53957476618303,11.92166793387658,307.6354297680272,0.0
986.2107444796029,9.47583627489876,1.4025979607487482,325.9700555492569,0.0
698.1617140197451,7.781217706720642,1.490155224567844,236.1344398066276,0.0
536.0963663441204,0.7674825966821386,1.0538932877567042,55.958841858394976,1.0
309.52761628632777,3.4928783531414136,29.56498668546185,20.59783246818596,1.0
813.7950197069487,7.380025941481241,12.720388192571924,259.3058743952513,0.0
684.7311725538792,4.653529256170572,31.852007438706543,29.759322278654118,1.0
162.6169393448913,2.726453966417913,17.269312953713968,14.985149376186133,1.0
910.9271844938424,7.561992628776575,18.119924033198554,110.85571917488441,1.0
822.537242923169,4.842146901717755,20.51530410038295,249.60049138572097,0.0
949.799913291924,3.8716146476012208,28.521258255004156,272.0739586098,0.0
725.7195083883599,6.959781261605712,10.940114633188283,234.7643130896903,0.0
613.4151959357898,1.9992638712325972,4.863493981341076,200.00903673554726,0.0
418.2430362906189,13.916185996131109,22.242293407658458,139.7719748553942,0.0
932.7284833540133,13.015531468788586,13.07910492970957,67.93145342549455,1.0
866.0638895004083,10.61430878610803,17.699652546721495,274.08069656547616,0.0
45.21867010618941,1.593207413826843,25.877868333492216,14.478967967844072,0.0
26.366974497252006,11.638158817045396,19.765029645650824,1.4727141601490092,1.0
376.4633668780496,12.119359921635285,24.811152684033715,123.87704112464746,0.0
810.5533307818329,11.516469265715065,21.768000084545115,255.42426715395717,0.0
987.2761293149445,1.7094883067886175,29.591854877443964,275.93700409786555,0.0
150.41689110352817,9.658619356016471,28.2374647084648,5.591486221748992,1.0
594.1307153521351,12.514871936240977,21.36759567234477,193.6054621900229,0.0
380.8908566310215,8.660301018295016,27.156120834388275,39.09054656105907,1.0
969.9143978146031,9.696110628421335,34.94238409090451,279.9614921658897,0.0
842.1189231357087,6.875452191394593,17.290851511526743,261.67263331771983,0.0
838.3287047111379,7.9306097982607895,16.510522909951746,263.1526204872935,0.0
468.69315979497026,0.5156528752758782,30.569824834095204,138.66889890533608,0.0
414.8195023376652,9.58444532959927,23.30215348167976,134.66962061991936,0.0
273.40707193070625,1.221708193367388,2.840271208903542,93.01617565008723,0.0
56.37549665092712,6.525218915103351,35.684480627643254,17.853413181253742,0.0
864.7223762550532,4.389826465011117,1.2313240895056055,281.5942759627447,0.0
812.9010091300776,8.181419253175696,29.935854248389724,242.38678504227536,0.0
999.7176732861305,2.0012450328481064,30.351765708172515,278.52431464094514,0.0
996.6368370739053,10.374651029599773,38.12444341127722,112.76520793426481,1.0
555.4317056026274,11.925173053927056,2.16537633609283,32.46344615366131,1.0
768.9874151805105,2.4503167461473474,23.87427443137964,228.0942942216366,0.0
944.765729882428,1.5646963102782325,17.113622825082118,280.4251520064316,0.0
849.6473906774114,2.1827322418103874,13.225318194381682,260.5324592866659,0.0
247.34810174319765,13.156913428477527,3.6127424119629215,89.82169195598661,0.0
450.5441353100935,7.922838926345342,22.506164786852366,144.6711027728312,0.0
129.15941515149498,7.008914940112539,19.161629026984546,10.141891362060528,1.0
954.0510272587223,1.6006772865353143,4.182178326040971,298.69863910899267,0.0
606.17463445088,9.743340101354427,24.499580283883336,191.59400725000063,0.0
228.6428055034627,13.019993878426348,29.518124810117538,75.55165511732832,0.0
671.7006844058567,12.422788039851794,30.69113204214593,208.74697263829475,0.0
618.1282404578958,9.39082063471202,36.21492753049709,185.40085529180558,0.0
358.1627180328405,1.1291807497751045,16.37882967555109,22.238075598097943,1.0
113.55759219962903,1.6859554076401944,38.12291074488548,34.30337491923642,0.0
671.5731955927996,0.7396348066473701,34.617176203307444,190.27126118094304,0.0
520.3077009037933,3.8621882473870395,11.86006284095756,45.52929948571136,1.0
772.3183917356394,2.034922007405666,6.371321493978339,87.68006430074901,1.0
520.1635011119934,3.9007206037865085,17.415575845120536,165.0079137188277,0.0
852.1815003185401,5.775870835784425,16.075948318238666,263.9961893861007,0.0
551.9068387744855,14.144741761067035,23.02877221324817,181.2946926019566,0.0
560.9379715353863,9.15564089672538,23.33544929310992,178.47331877459666,0.0
876.653602658345,12.524606785244435,29.99947937519901,266.48903088324073,0.0
403.482866212397,10.655272510684984,20.395597928224408,133.49554052829757,0.0
134.01522845064073,1.6875469578994762,4.192905637630622,46.19866580473978,0.0
28.782676313338975,11.038806095609232,34.33165342212425,9.444883736125666,0.0
755.137255673619,4.126483223386867,12.390583327407484,237.9177955818756,0.0
620.3095513534647,9.586617704920595,38.85189841226368,184.14260551059937,0.0
704.0797680992235,5.114429604644828,4.714404347190806,54.59373323924889,1.0
212.96416150891073,14.965083948969887,38.33004688930013,68.8923467886232,0.0
136.37147558676978,3.953272192451667,3.640472275300679,47.68826134163967,0.0
14.54466566788193,4.186957061614045,9.24144551788238,5.0564732675593,0.0
350.587558806597,13.960083833435974,1.8631976834616637,127.24782492229863,0.0
589.9176868546331,0.36966606954484005,28.2045258655598,173.40932830546635,0.0
392.2440450997323,10.450334818097954,34.01194946287167,122.95563320120561,0.0
437.47492202372905,10.879895861038172,17.362843272639218,146.0579689188843,0.0
904.1586944937484,12.54567866115599,37.14088300169719,265.6668505772485,0.0
348.25546702330035,14.61658965957713,23.611962870223984,117.17665670736432,0.0
513.9894891598108,14.634028787349786,25.20028541786093,168.64189095997074,0.0
783.6530127411431,0.9791513634969584,33.8167680680308,219.81641903191863,0.0
396.5427823212702,12.327589841293538,11.872008202073555,36.25283601529873,1.0
622.0867002278735,9.69464900486072,14.170628853105033,204.40972192668542,0.0
862.3637087467451,9.710132015596368,36.23807676778577,251.0719754588416,0.0
949.5206236576421,1.925248899220422,36.03853984155055,259.3193568518167,0.0
147.07348092903794,9.7528074966848,39.059311048034836,46.3401845430218,0.0
926.5876251614944,14.737238709018717,36.073532657666846,82.44953227160768,1.0
492.1162930795382,13.677278543091704,5.094881441334436,41.13390147548206,1.0
258.24438829895837,6.586959912072758,32.94897144547949,80.71575428278176,0.0
459.1357562382613,0.5992195992914151,16.393539124383764,42.57708741781993,1.0
980.032575285477,5.434402350003072,39.632054237837515,268.59926471889986,0.0
492.6180939928696,12.395854674008328,18.891238573152044,163.89538018237087,0.0
328.7516102875082,10.522486521977491,22.153443300088824,108.88999758750938,0.0
633.4008543167258,6.890154833909346,21.19099661027194,198.749805120147,0.0
240.14561877819307,0.8265230273824664,12.869481194331112,78.74192245561994,0.0
75.86332810866392,6.403420917349539,3.000883555716727,27.124195984171287,0.0
128.87972191064924,7.035374095768253,35.82604921607674,40.55865391258925,0.0
128.04583895777245,13.92833299341204,32.10703250105147,42.60449192864106,0.0
151.90269351229435,9.616291553732392,5.581071222386771,54.303153918137546,0.0
138.82717264941013,4.674793749819734,31.070730854002914,6.340603058036114,1.0
640.8747448032146,7.879773966760821,25.0338666420244,198.97637243459027,0.0
181.88008439914483,0.990829617332401,16.36575151670489,59.28745760161062,0.0
345.6672833238632,14.588523534746052,10.16084596382251,122.27304667853248,0.0
896.7884099060118,5.40089852896089,34.3891513400893,254.61162447024722,0.0
473.9616402628724,7.168010323697037,28.007530371762122,147.7399165952232,0.0
667.5577385210272,5.329259613553839,21.909596378765475,205.97739545396382,0.0
172.31987120162984,10.237675951743002,24.382741355938563,57.525429878060024,0.0
192.2890188086708,9.933482374943896,3.642647283287239,69.0367186772862,0.0
40.86861626647887,10.729834657937035,18.956790436447676,14.171897098600118,0.0
168.93506307216455,4.0221484441788125,7.74801171142808,57.99844183461098,0.0
278.59033903195865,4.73502721746099,8.335347160353015,94.64386302609353,0.0
177.0104842767468,1.8787684664431192,26.45215849147467,55.749676824551685,0.0
88.70253375705562,9.832649577691688,36.450246073371524,28.457209359611095,0.0
120.63587110060081,0.5969569100347882,16.150264419133862,39.54943303596711,0.0
460.7787680327258,8.965235032851886,8.309970920487615,157.0714570036721,0.0
206.33371840579252,13.045438272774508,25.949877489466168,69.30918454664192,0.0
364.2698610480755,13.362482224344504,34.84748185401271,116.22511715843035,0.0
503.4172708548569,6.7355664055494255,29.932752044899633,154.69365423351502,0.0
690.3948286293653,6.889555323196107,34.75028922146349,203.13929903269496,0.0
39.31213984109894,1.1545377451202605,21.462186840431976,12.785704524416975,0.0
799.4103989090427,10.061475381645536,30.075049774767635,241.52155476287385,0.0
627.9003894909077,12.318891305592683,5.602582374357459,216.22980026191027,0.0
81.75903194887191,3.6698258190706956,13.93098461452766,27.640673152239565,0.0
873.5786241067772,6.3195132245004695,15.581966579260897,271.3711972234395,0.0
920.8724005318131,12.582590051479055,20.45182984984138,289.72370561758737,0.0
61.07795985486375,13.156807014934321,37.16305441027295,19.993684858043284,0.0
276.87764814720373,3.647699703963389,34.97186240888697,84.06212996716282,0.0
806.2012797930613,8.258559518120464,5.381019691567381,266.05496800523946,0.0
748.2596903836584,2.887397259537406,6.911586075298528,239.4160142595915,0.0
184.52101935637734,1.528181462093348,14.305621983556453,60.80655945761526,0.0
209.3493233367103,13.666807520879363,11.629754635626956,74.38499051342394,0.0
370.472102791382,12.307612563481637,24.590838126250492,122.22919942310081,0.0
484.52298519102135,11.400523527047609,36.1110419105818,149.7472498501165,0.0
618.254771530296,0.7314947821971063,38.49166166690347,173.3550272188205,0.0
368.9136395697724,12.655931890653862,26.14411810140906,121.25034209232456,0.0
462.53471613314787,6.570661138580756,33.52636805604347,140.58307228518126,0.0
747.4709381337566,5.135926849437895,21.008088009231884,228.92623708671076,0.0
36.6832028905979,8.197145415380646,8.333077874401589,13.046877964684066,0.0
252.43694434402076,1.3702986408533375,20.987536483739095,80.29346405357215,0.0
713.3495858845524,11.349698240285983,22.203304057506045,53.94095302596597,1.0
895.2068376871994,8.736526153324439,29.698302568542264,265.3253059773359,0.0
511.6774421156661,2.798851453097513,8.795319588293964,38.26784548193788,1.0
532.1134852653156,2.823482996535684,14.732415283469269,169.28149610991858,0.0
107.17201133977605,2.7637297735901134,14.561098768582653,35.8546910638167,0.0
447.41236682345465,0.8550358132790098,38.377583829646596,128.55845232393258,0.0
532.6172664550231,8.816976740575273,17.757798413068755,66.37944509411776,1.0
242.47050363472965,12.605222663827622,30.20375869192586,79.58617804218939,0.0
269.243230949381,0.262473209810829,30.032455254977563,81.77548723852254,0.0
377.2841631046226,0.7350696745691032,10.621767392129655,122.7410115342631,0.0
20.07119777772637,8.591554150304187,22.874787574869284,1.276645944957296,1.0
322.0791655831783,12.292435280790786,35.772115732745924,102.2425262454747,0.0
211.44800699654465,4.901083358529504,19.00790877827798,69.55801109536506,0.0
327.49735217791465,5.244215982115833,37.80470029370184,98.61042867832481,0.0
119.76213181925121,8.945197462451638,8.578329172966463,42.347369076514106,0.0
890.527280739895,4.113193336862205,2.9663642309612293,286.6644161473016,0.0
593.5924535540487,0.39912549116526197,35.65815492578997,168.77610220496516,0.0
679.1023191444896,11.02842777152394,33.907247918488665,206.24050506969368,0.0
789.1712386073383,9.384748694121797,39.70359503735379,227.98678867879966,0.0
498.44219892905727,8.711339985834886,27.175739524497043,156.90992608821426,0.0
86.92028808742369,11.125261934877347,37.46751706668598,5.364121838830786,1.0
537.1065418185477,10.128462563430563,33.077961003364436,165.6876824183304,0.0
586.8411180208791,3.0882298226748173,33.777053324803475,171.45154450934945,0.0
745.43947418433,5.287215704150267,22.765662818170732,226.90173482430833,0.0
431.6595462296794,1.891652125179375,15.294583916668433,54.63281273910138,1.0
127.58030279556377,1.9478552012682155,37.38232290173127,38.655737751683795,0.0
283.77590579872447,10.142936195348089,17.28468702463578,96.04481893871296,0.0
363.0822963986351,12.879001604737473,21.552774689986762,121.70437654993073,0.0
645.9172413316012,14.440988757917085,17.84457228500751,214.49776309063026,0.0
570.7783046689119,9.425206763241667,22.592732558407885,33.325525553427376,1.0
356.0967258978462,2.7615198504143548,18.820203159693087,113.78648680448696,0.0
986.5152487929797,1.5847551817339607,1.918702343179035,310.46089208854096,0.0
605.7748193568872,12.192764573051367,35.281927440307946,50.860229044356615,1.0
237.22679173599448,8.68134714539999,17.77575275663079,79.89933901517394,0.0
101.78247262040374,9.274275315205799,23.557745940293948,34.17287961277308,0.0
152.85913918433204,11.721931331320638,5.567512110319481,55.26009238204105,0.0
245.95772838450813,10.549158415986774,0.13551391930556544,14.892477057040885,1.0
160.68137325955567,12.51687379284145,9.811603745745717,57.41199779351162,0.0
186.56702405130576,0.8432085818981772,28.18344128533401,57.90666954975705,0.0
285.0951686938471,11.212809551197573,3.967781204515144,101.92214429233309,0.0
173.37359529475484,12.762791359831432,36.35549761545872,56.053759750974656,0.0
896.7654246264252,4.292025636874715,8.600902774247384,282.29793667676824,0.0
80.2337456616422,9.606709109898793,8.183744571671031,28.634518196729466,0.0
524.5113895702547,4.712430957554582,7.260318464859821,173.93501700624324,0.0
410.3968269896615,14.36956599723681,0.5592685188545898,50.42152497840464,1.0
982.3786169086064,0.5013535865325564,30.872218739129384,270.86420257231737,0.0
112.03890216805235,8.696892657494326,35.00138124981034,3.854398077519911,1.0
397.85559904574166,2.4975532057427263,24.566508104647955,123.36408691022068,0.0
969.4704332753688,10.68330307765738,7.527999267194492,315.70653248623574,0.0
865.5071258939803,2.638354251279931,11.41111987763519,267.63551758181933,0.0
817.0720709492799,3.5307489284753633,19.037067894598533,247.60227130411127,0.0
257.90282704493984,7.415562165686371,38.173838064932035,79.29787175079758,0.0
170.88758739006582,13.722524249953171,9.894054872709713,61.369282473996996,0.0
668.643219924431,3.1757155822195626,29.265836156795523,197.2238091900414,0.0
929.3759891275857,2.1636003167715527,17.577928931716812,276.92274857480385,0.0
556.7628930139298,11.384652477810459,11.913893934400871,187.75662339582883,0.0
571.6126894698998,7.5092929850089645,18.23663748088455,183.5591359267376,0.0
279.97909366028415,13.676776685726571,2.8482687016493013,26.561365135896317,1.0
769.4929331919369,2.1992183573976343,31.9474948372145,219.90659631006147,0.0
187.04374855752337,9.68891839534559,9.732077119318685,65.64546966481566,0.0
323.6792364042437,3.4931871922772255,29.016484927718817,100.0610779248266,0.0
425.43643861641675,2.3514064297745896,2.733934857927789,143.23530390643776,0.0
507.61037868445504,10.251441227359058,38.20394224662744,153.95288908281856,0.0
242.40973241508024,8.905269298630998,7.7205994162279445,84.82091461905506,0.0
114.83682473920354,11.322411875434968,35.30968304828322,37.22239330845385,0.0
610.6200424416326,4.6419386466927355,32.37892838461738,180.75555215393175,0.0
288.6305532402558,6.719574845732849,38.71439696325664,87.81981228439577,0.0
581.2382214226122,6.082075144956277,19.115626437829984,184.18860017607548,0.0
154.36271527420232,14.761341959497713,29.09589175383806,52.0467093105828,0.0
481.1401018548175,4.383734351090818,14.828426281511362,53.649605192871434,1.0
532.5894325515859,4.422258575201504,7.374729520787753,176.07387917921812,0.0
51.82353682242691,5.318223132429111,17.723037317337955,17.492282212586897,0.0
336.6042781939206,8.468911219354823,6.629960615538195,14.53012839244133,1.0
134.41467693897425,3.7848411639561785,39.28178491145536,40.83849711608047,0.0
63.37497047276774,13.729349105689108,3.849859645628655,23.512046302012724,0.0
989.9602323899452,3.9852834729939524,23.568468938104814,288.5433437419318,0.0
322.35384497472296,13.43723597340292,25.058554210162235,107.45541510474816,0.0
809.8744458546348,1.5521259546987698,21.52318171496217,239.99109110441967,0.0
254.64065476376385,9.848440535994785,26.487435428473344,83.32526884798939,0.0
681.5027222239293,13.604782776573655,4.647231000475638,235.80200187935293,0.0
760.2278598896866,2.531241575973443,22.200740968211644,227.49840416782152,0.0
595.6387406078443,14.524904401488826,11.488502845094462,203.8931003768022,0.0
471.57618855015835,6.7932504062326755,37.607042532042264,140.90578652777162,0.0
411.8409141472685,14.185726626615367,30.482866137589028,36.1370857247234,1.0
348.8682665429953,10.152300654450706,38.90057928638971,107.55718004512443,0.0
929.5291442478258,4.523803048103273,1.5022427896075818,300.3019692510292,0.0
830.6194077877292,2.8245378737565963,11.405327007228347,258.2632539179617,0.0
965.0269106665125,4.55602569337649,7.81690346553396,302.71436951212337,0.0
124.29722348554473,1.3952611389401248,0.44618349247322,43.42134236757778,0.0
730.8674752036443,2.1580194951499463,9.693029209852856,68.23598895688697,1.0
938.3404568210378,1.5699066051972173,27.151039340817157,266.7032101145272,0.0
181.23306616566015,6.344153156123366,9.243556885382741,62.59602918892918,0.0
66.49626736677749,11.933675643863797,20.36013781930473,8.195152745904538,1.0
741.1206492900591,2.120753313245103,35.512724598599945,209.11202770792144,0.0
574.4731131799119,1.954806497585038,27.75031681396301,45.985290672961824,1.0
841.828776758272,9.651434242759962,15.785162796241279,267.7011472170282,0.0
139.77237662628949,2.957744729520994,14.898757556484332,46.57791464601167,0.0
795.2673118598902,1.4641505716348742,18.22943256033939,239.32713298814105,0.0
201.62732004774452,2.5027286730836646,7.081657642396255,68.55293156895931,0.0
163.6559428657045,13.855970938151641,25.360030696639523,55.61982016838864,0.0
164.26579793099293,12.322068791642863,14.56611276418422,57.60899125413638,0.0
814.5747202313821,5.310968435326411,34.094613970481745,234.0079988775328,0.0
665.1972206962001,9.837311509910892,30.262106402312654,203.95516769387356,0.0
523.0654247691193,8.059135105020571,24.4205265636864,49.114991862098115,1.0
358.8304841235025,10.156863952238458,14.568088905980643,121.67042286428692,0.0
877.2005408131083,10.24006728694139,8.397273266939376,287.04450720192926,0.0
392.4451074226354,9.431010225899893,31.046074564224917,123.73742122934824,0.0
816.599439471577,3.991520528059629,19.45636395964346,86.87402231176804,1.0
439.13490857021844,0.5850963114422719,8.9900015270943,23.15791522180003,1.0
376.9444294249076,6.833501729851632,7.806984601600249,128.40714401950186,0.0
462.6797856696064,13.364608270360558,6.616036180054361,162.59706684222294,0.0
301.3778741641421,8.542458877778639,31.0864478482238,95.54822564010918,0.0
747.6093801762511,12.48586562552862,9.159487412012467,250.85323862235498,0.0
502.72039009247914,14.874365144418423,21.0656905410079,168.05451694376552,0.0
232.2126951468173,2.454243062074144,18.061854438922257,75.39389028752267,0.0
899.5745732745685,10.376664587129735,23.184435969131357,276.8022036447624,0.0
383.8912213732114,10.11440360550037,35.08619601484777,26.637637688550917,1.0
543.5528611139886,14.699331710374176,34.709895603269224,171.17654792822034,0.0
906.4721109645469,14.784011009292005,18.043042872994384,292.32064667829985,0.0
624.2379959139921,10.300179175861942,0.6146500293889323,216.62235330172766,0.0
116.89804070836406,3.654221879732914,17.057752228572127,38.891194738981504,0.0
939.8321236134751,11.978337571958985,24.247741496965617,289.34775635062704,0.0
627.7080530714179,1.6054370131655715,22.310590363922472,48.17953946769249,1.0
334.9056146570861,11.71048956257443,26.05344423200822,109.94125979099229,0.0
139.27207266338726,13.652941862170445,6.163029298923339,50.83109257985586,0.0
794.025189270296,5.742500921526529,25.861403951229303,237.75689781496197,0.0
620.0727559285135,9.459529424746208,7.306064749750889,208.96435739764667,0.0
533.4610919763215,6.452140981452395,30.02095922786996,162.95976161582257,0.0
893.8925830509577,6.566475824821927,13.563504530507199,99.72443734141778,1.0
788.5972112245307,4.6555633366218006,28.395817335258144,232.09196835212248,0.0
151.67487973275118,11.43194430675487,1.9146239562442835,55.463605325707874,0.0
311.72206779554824,14.042648462497578,16.314401023636535,12.42480655103181,1.0
248.48913981446574,14.111262888516917,28.201380890533308,14.956113398011976,1.0
743.946292572677,2.6217192731240075,9.074820653259765,235.71967512302473,0.0
33.53243473577938,13.121154744848491,31.8114817918889,11.239611888172345,0.0
569.8896848713165,11.061471621406833,25.231189324197278,21.091861409450715,1.0
762.4586857406905,3.792561010354339,23.502470885991933,228.67671643747101,0.0
876.7656367617494,1.0092691938227183,14.141954168173484,264.93077763207543,0.0
342.08174871590745,4.01995900326567,19.2980588152447,23.285380513334367,1.0
821.2573046720129,13.683123551722884,23.893972039114125,259.64134482830235,0.0
110.63173695520723,9.497680123436584,18.89848455659562,10.912310600727178,1.0
846.4522917345182,10.815819913468077,27.932532957622406,257.75231047001455,0.0
127.48866233198241,3.8572852666364374,17.347877324278382,42.365137797813965,0.0
397.2872905603673,10.790822333622303,8.090927269681213,38.22069111926248,1.0
797.2953657795537,0.42182259416885637,8.55735131204189,248.15048682931206,0.0
149.91742734877377,5.629820186595207,0.2321507537176437,53.48383265880056,0.0
229.2513952326415,9.401300228134968,12.038308622346898,79.28389166851866,0.0
722.2525683930663,2.191448483119803,29.956705619140784,209.54605376091385,0.0
720.0365365460743,12.345053616704021,31.76650835350438,27.81331455945215,1.0
641.1476328852973,3.5254694821787798,8.09870168383,207.5923796924862,0.0
693.9484444671,9.784216692276694,38.36175987485631,204.7390953725798,0.0
542.7244433475962,6.077957138629945,20.09611173920507,172.10119690035108,0.0
251.79905890695275,8.940653932164707,36.679149960740105,78.69920658559434,0.0
345.69599350391945,1.611758289433622,28.270611274465246,105.6562651380218,0.0
181.59771680142566,0.25369199882410987,28.897336920896525,56.02746191760237,0.0
908.4505613336283,13.643466410704518,3.401744852242845,307.9254230446132,0.0
583.3917947661205,4.044450131507742,8.799645075877226,190.24380386834278,0.0
400.8514167636399,12.295155041706886,0.3525933317789054,144.21138150459993,0.0
462.0058036441327,14.990254507083003,28.6451056190695,150.78692729940974,0.0
947.2833396118153,3.1714688699836673,13.7775315371404,288.04830716915956,0.0
153.3514031160802,3.977561117750334,31.46610064305387,48.07131194261543,0.0
586.2298320167972,9.942896814519985,13.557448797481051,194.17432894605687,0.0
505.888678884466,14.481729519009319,32.77335009195444,161.08957922737642,0.0
611.4542354346478,13.73721522286116,5.22793014993252,212.91072498881277,0.0
18.110183820840508,7.5431328009837735,6.934926270300328,6.4637179915104355,0.0
872.1239089441515,11.92665423790087,13.635061583357459,282.53041772567565,0.0
932.1182824836123,2.036187796498516,16.33949555529093,51.41233636339904,1.0
565.1331835892089,14.661572763060185,13.948112433719135,192.4818314041777,0.0
696.6508238768922,14.465298510539798,30.545881300928794,71.27185823995745,1.0
922.4993811772957,2.4559343681875645,3.878055705068588,29.555459392145185,1.0
707.2386343133986,4.491346872046599,14.048680785539522,223.1218445946513,0.0
152.53904291426136,1.502324962601504,33.48959998061837,46.701395586960736,0.0
576.2883601668132,4.0757639834726955,2.6718830904868796,192.63935835248708,0.0
606.7150463828559,12.2393368412281,37.693740306854295,184.41327188535053,0.0
424.130671302386,5.674734107478892,39.452673690880516,125.58909954622463,0.0
736.4442356247229,1.3259545072013756,3.5427269530032035,236.93744373582643,0.0
934.3670147690149,5.133382871683568,11.65090089022948,290.64723900528253,0.0
925.5685129067763,14.720750013619202,14.896026641414245,110.24893362924765,1.0
450.8393714041321,9.445253928888043,31.05565474610904,141.1449211183271,0.0
113.23804584075525,6.2424141960923665,23.837072484669353,37.26954448133817,0.0
984.8411989623346,2.49807770245905,25.774628019702696,46.73490442872973,1.0
838.8980864459342,14.792651959255421,30.30039291274024,259.5581738104509,0.0
124.66268120326684,12.312735138946932,4.719159977481029,45.47855172554885,0.0
920.8418826173723,4.222159536763791,33.3283782764105,259.75650552894865,0.0
869.8963620621283,1.0510304358178417,28.224792167205763,247.47353145319346,0.0
518.8380571260722,0.8493833606633705,23.09366900785481,157.80331786618095,0.0
591.2754357449293,1.8056722425830074,35.58941339132227,169.81871891789194,0.0
399.00270387013023,8.711528754216324,28.012254155352284,36.348643220854576,1.0
54.76163882203133,13.931451318082386,8.067998505241016,20.060201473695994,0.0
335.19724164590093,7.451151420089767,17.18981524302667,111.09498262937214,0.0
802.8534485980115,12.644182236842957,19.76171467742933,257.0353481702709,0.0
4.632023004602859,6.688299297897117,2.208705070016226,1.6760350960280652,0.0
333.49917169114417,10.628753186517379,38.18550053440223,103.62599560497809,0.0
398.1686935909433,10.978091059297512,5.143090431875139,139.83887634605622,0.0
537.3956029379228,2.60945558855008,27.898450689069072,161.57559039507856,0.0
919.8556164127605,5.418240884637177,20.249241443635206,277.025131974805,0.0
346.34599436596125,9.55953234807036,1.0252899953769035,123.20990148918487,0.0
346.9532018962277,1.0604491227654926,36.989899034574464,101.78426907175015,0.0
737.5012481097484,5.423102816444349,34.07347235275733,214.2280828893683,0.0
452.21794088980715,8.021991994217887,20.97031711615342,146.15459992183665,0.0
224.60482293998197,14.94336739566958,9.15769344557781,80.9351334157089,0.0
452.43951613269337,7.118003439336611,4.86491562720377,40.864193265182074,1.0
140.85702037979985,12.240851356714854,14.535699177285064,49.5095284441799,0.0
176.3869865062233,6.481009275999266,10.21713124184362,60.78160610819867,0.0
498.36777273947973,11.945860839295634,20.26764804025195,164.38967023822454,0.0
418.9254495045479,8.931222024301626,38.656371844937155,127.17782911596932,0.0
914.8459010681,13.298931622535974,22.998139729185656,286.3158884792966,0.0
362.3938991166331,6.164138285251648,35.597242235603915,110.29630446570923,0.0
580.5883502780434,9.064566297322184,26.03515349983109,182.17955445916718,0.0
632.2642879195304,9.450280209282411,19.009861063488017,203.2938125395285,0.0
13.094456588333635,6.2607441270071,34.18430250933485,4.187108244548002,0.0
663.5373720167106,2.164680655312223,18.8547244069199,203.40227516104335,0.0
178.03596686975143,1.4033911036850333,34.74512682041444,19.69475346833098,1.0
961.0703174694552,0.2500732589944965,11.663070783030612,60.827893348956806,1.0
148.66272775311296,13.103013963678219,5.152522950519525,54.2401772969251,0.0
414.62412372702374,3.547123683580418,34.212578574517536,124.01275298217222,0.0
85.34966807864386,3.1726012392265206,23.49660655170667,27.71630703398552,0.0
996.8742518459474,11.040531006390983,35.563695929958406,96.55264698306237,1.0
502.1950103312426,4.800241696310876,37.513088279695324,147.60285872034862,0.0
595.3850173200437,7.590670386177549,2.145135614857967,203.00576732332533,0.0
67.07647738842748,2.4376659794618445,20.038772074354732,5.137762944869974,1.0
749.9604703991778,14.396185821929539,14.99858196298117,248.71989759629776,0.0
209.90559309558577,12.773721000258561,25.034335882804687,16.22075266797241,1.0
898.0542894407138,12.95684434447505,31.74364788809294,91.37095235246731,1.0
205.13964048200717,6.101606228580078,11.223608638974758,70.04934130005743,0.0
190.68772066366657,11.435418205607592,22.271935374926866,64.47638417335367,0.0
36.54966784809488,2.1581423308467023,28.349143196195982,11.639359516255883,0.0
472.06694510999927,0.12928503887670417,5.377243313429361,154.47823596957164,0.0
564.8411332626164,0.29959398867042186,32.56267623805067,163.35493380635177,0.0
65.70863942835237,8.799026061068407,24.244383994118923,8.47395914658815,1.0
775.5276166950106,6.830923578719112,37.98149748454607,222.35834453116897,0.0
453.2888347480276,7.770230233627796,13.581156765227732,150.5502178717927,0.0
524.3902693275801,0.11194710625829107,4.325837693487946,171.23506968930212,0.0
440.76274693822813,6.340299294861386,20.260048041477013,141.62378061813163,0.0
400.763060875326,10.771022418012912,3.432430868377554,141.428302310778,0.0
559.6403313082179,6.640405529511538,38.78106093296027,164.3213880752459,0.0
155.24024593071252,10.983288094683333,1.5473983302876615,20.921453675668708,1.0
181.92813049527112,3.4952844659525217,30.140156044292322,56.96997652085817,0.0
861.7856210135174,12.197130067225881,21.00409592568976,271.842241528768,0.0
946.1154621336327,8.826468606801784,14.744826099931547,296.8367330993671,0.0
373.3093162797529,3.1614464914485936,2.633686580346186,127.06097025786461,0.0
270.74467314355377,3.550807137807494,24.88667696694431,85.70856029343575,0.0
643.9995432390158,9.420456968543055,23.40881317563821,22.624529409882445,1.0
408.7341710980964,12.44909389818665,11.23533092270399,141.35075816277939,0.0
25.38635566034486,6.234416730437328,36.40886805641249,8.03203712255143,0.0
156.15259736619035,3.874506436913883,12.164400293713475,52.759646630355086,0.0
715.9722288473976,13.005174103659007,17.989016423684244,27.874021807142853,1.0
658.9239419101514,10.039024376262523,21.75049823674623,209.62453430318226,0.0
27.09599250348349,6.721282309246147,4.009275127051444,3.220735259026791,1.0
221.97216193294943,7.318502929189528,37.28646876854529,68.76722317302185,0.0
231.0747965880714,3.063847019045946,14.981446098041644,24.478628180990174,1.0
671.8927435987284,9.402039450972659,3.2311685549737446,228.52102801972035,0.0
19.710537754364154,5.38113765814333,15.491646947013198,6.735989384864218,0.0
104.10858198457385,14.934677650115239,24.008101883703226,36.01599342853688,0.0
799.9160853731894,7.202752728928318,20.546106872853183,247.02487864233632,0.0
178.54466205433363,7.288284092844198,27.78167896149096,57.772917790063026,0.0
652.7461078518747,8.487776811160078,2.219357682716425,59.93909411593398,1.0
238.18278104672652,13.7513400467812,11.381624410882246,84.48054443573034,0.0
99.44139275934516,12.012271497896254,32.76922307360409,7.1528849200552305,1.0
243.17219099945407,6.7669510469676215,3.1957475116544343,85.49063121281448,0.0
722.2669318556592,10.78048898959194,34.2194381878383,84.7529320455522,1.0
855.6964681062857,8.793532481711425,3.67584368308425,283.5091467988262,0.0
830.2198645669916,7.385505730518734,33.37816859566785,242.0719152515957,0.0
397.1835296184548,2.884736591765258,14.431536043149066,23.49488014671347,1.0
668.0851365706461,6.9590439518233635,24.488362530288633,206.01192932316454,0.0
204.98429541582098,3.68727880533862,6.115484625919927,70.38758075268828,0.0
293.14773026101324,13.72263224777482,2.646748869007234,38.22752158025444,1.0
896.3358185211198,5.031102202445204,8.637528160805402,68.15289432534468,1.0
13.001923510736034,14.283960218000583,5.114152716347822,4.841653862195356,0.0
85.50853085446808,7.995829351420668,12.496235907185271,29.763235042665343,0.0
207.8862551460273,9.473165680142404,20.575329860440807,69.82259513107338,0.0
26.532203873819714,8.144106667339916,23.55037854260038,3.1279107244014064,1.0
181.43543508979732,1.9407092545005133,31.594724295189714,55.939773093666886,0.0
583.0415609696922,5.637318285119115,26.249595729934345,178.8977746200065,0.0
421.42455059249795,1.487191684164359,24.35033300518212,129.5898526014765,0.0
892.6717110769748,9.344310662750726,16.471281099430986,280.8159910822722,0.0
817.4435617384408,6.7031129280065835,18.952337398405547,252.77084000374805,0.0
341.81735169787595,11.669774573564052,16.580833175607243,116.23728554714032,0.0
259.4234334312925,3.3070572149905475,33.68664120245533,79.1938774318053,0.0
379.6924081672669,2.4684908764400237,9.200018101935994,125.44402731675876,0.0
590.2949425148078,6.094983464456517,0.22883726167858498,201.13835649184975,0.0
268.06364082287627,13.898780748275717,26.05279588904957,89.81323148325524,0.0
624.148907849134,10.656327225186176,8.098487345553256,211.04145196851354,0.0
409.4116521912404,6.28385437189378,35.60460545239237,123.95744227968046,0.0
552.0471808519802,7.759082546314659,34.361853188266245,16.820684978661852,1.0
436.1265291353167,1.263195167656475,3.0690948771282356,145.55706972099892,0.0
294.4657595419177,14.768638445641697,4.255536216563094,12.438250356506328,1.0
948.4533069621567,9.996109570423783,19.806863689866653,293.46960454528465,0.0
763.6057941597609,4.281061026951337,24.36890651077419,50.90458579594058,1.0
140.11317576645254,8.787125913228666,10.99633349928963,8.33831401947383,1.0
868.4679758979128,1.6422354910349095,28.671908667974826,247.60358851889126,0.0
487.4311982495136,14.487550032113754,23.79664083675486,161.16378237211433,0.0
894.5522268940914,2.621774818250489,12.992964389942188,273.7795050506018,0.0
799.8552559473152,9.720454770828212,1.0148595216926237,270.8708313689715,0.0
425.21350446923344,3.6818169380839567,30.006011251940706,21.59021543873501,1.0
22.4693083201174,10.763420739728037,8.590146633003307,8.107096280446621,0.0
268.6773593849461,11.652320508604216,33.378949738505135,86.33414670096899,0.0
541.634214660867,10.101295933671489,16.811610402170206,178.23929368930874,0.0
633.4782198261473,9.217491903827888,23.083097705270617,200.06867418074592,0.0
257.8876854332023,13.387036409280174,34.91794921636008,83.32486450343107,0.0
139.35607407282413,1.1794006648463706,34.54492003679813,42.46119352669044,0.0
834.9302367992991,4.963721486702928,14.860783009742931,259.2017725020871,0.0
984.4021807035522,3.7243121944626894,8.355555708593725,305.8089912326461,0.0
525.6901823026858,14.820209430981324,31.005843109143786,20.463847709342268,1.0
171.6792858483035,5.840846695003102,17.323208144085246,21.201303035903837,1.0
272.3073265193689,10.989190488605981,7.6816797423601635,96.0727735559285,0.0
18.390676547466732,10.270877458215068,36.17701369268601,5.971587022784938,0.0
914.298806560499,3.181218562160666,7.924167769643495,286.0438040847563,0.0
117.75108289014113,3.5849652031732697,1.0322867276492431,41.57086168485973,0.0
576.5164755142536,4.219268453295512,0.8111989506967987,194.24248381075898,0.0
274.055220687206,6.166909173890688,24.89261425817057,88.09620141736023,0.0
554.1780025157934,3.514875984757902,26.467002428701214,168.24310121937773,0.0
651.4203883518642,0.29477224120271706,12.441668202279356,202.9995849800108,0.0
829.7418037072016,13.190895852107932,12.800439569882535,273.05132666010303,0.0
206.42127176060322,14.48414747071326,13.57975660239771,13.914055521168244,1.0
10.995828658480477,5.1235558054735195,27.206341870355146,3.591137244996849,0.0
136.88563006880727,5.077603191382093,2.3253516410731434,48.39127954042845,0.0
900.0186418481051,0.1063771916155648,37.16465410765303,243.07052864840117,0.0
873.8900775625152,10.20376032495561,8.900841767097859,285.4481220483987,0.0
597.4131021703083,12.381598436229432,39.98692820968369,180.20890819443972,0.0
600.5168604336534,2.1991245054000474,6.8609077514874794,194.79596526359308,0.0
665.0366745462554,2.394995240507261,30.8618582924951,193.89663237346159,0.0
175.3712786234496,11.851248749571566,8.936501797185002,62.53413924303389,0.0
914.4119459249598,9.24436122531217,3.233872065730159,302.20985495125194,0.0
418.7705248920731,0.6729083644157552,34.99733297402595,122.45461958895248,0.0
383.1385282494975,9.338204856934226,34.350050367635674,119.2513954158735,0.0
518.9177052828376,4.633765842656491,16.142815697984055,166.21327774096954,0.0
46.965966775055044,5.530877332062689,28.095845701617073,15.257040317272693,0.0
166.2833687560794,11.545971274453203,22.282637307356687,56.4134965101492,0.0
738.0336164263705,12.164027890089159,34.11824454694995,74.28015109102837,1.0
82.79866792512647,6.00534940259746,12.602238772746176,28.500952205167092,0.0
603.1521094663882,14.207294040095322,20.94689599995941,21.58106587167303,1.0
245.34910968132095,6.096940769281083,19.41489484818202,26.987283779587823,1.0
389.29561404197653,11.57754052845165,14.156233050274349,132.81207141635235,0.0
288.69373677069984,7.258158968463886,35.65820258225489,89.2662185016937,0.0
355.67271646494913,13.46298489783126,6.635116986501419,126.51212687819519,0.0
719.0459051842455,13.61641865475268,5.980345580827846,246.54453200227977,0.0
297.121715623175,1.3112521180662577,23.076381412910052,23.742504310720218,1.0
566.4046402968972,14.047399969653386,26.29976919939768,183.2643930396826,0.0
476.05040219909966,12.383022622806235,7.784770172982607,165.44206389747194,0.0
663.6711653626481,11.869660714690003,15.628697690184964,218.54694314500424,0.0
936.829739324758,3.0136700952828366,37.86255371914975,256.08045673419633,0.0
732.5720972102503,12.076788131319974,9.86469690762696,244.9939785163671,0.0
214.94037859075675,12.751991020275552,26.734428084695764,71.79224536907526,0.0
31.183135061284673,4.337255016812264,29.60597574790363,10.01709718732098,0.0
262.26404429982506,14.283901175434856,17.925147978606383,90.85087750004173,0.0
595.0779307002548,0.7479021959874638,37.50103947038332,168.15929318907197,0.0
51.42581348425035,2.248638798707095,29.46626940875162,5.13376094004588,1.0
496.3662472012363,8.063717070772714,18.316983194435913,58.565396660638264,1.0
596.8428489168892,8.636887066834646,22.77340807104376,69.37586366554191,1.0
334.2438908169608,9.677251249513551,27.704537737004028,107.72130725988472,0.0
770.9122037458219,0.25453693973199687,23.68760721716873,225.54234908420625,0.0
106.5982531337718,14.405501619331954,35.147903353043034,35.238810685578024,0.0
75.13778173580876,0.6688213910121599,14.275546491216048,24.955221922755655,0.0
728.1887562036034,2.145929290851036,11.995429602232196,227.7800543050005,0.0
495.49131620619846,0.2102177628908547,8.553555579810572,159.76037340823797,0.0
688.402396427736,8.502876499411421,1.5113187225838054,84.58998607576994,1.0
434.8273386037462,13.984003258814584,1.7205585752022134,156.51592724228016,0.0
246.4020332391068,9.989207491206963,34.802207724371314,78.15148427667152,0.0
819.1023176741998,12.33986202720641,27.13572585623629,253.51648972110036,0.0
799.4158789689792,0.19921805187870123,26.421296617459443,230.1243869979701,0.0
694.6964708544267,8.130229477195892,24.58571275739544,214.98353739264405,0.0
272.1451372299627,6.893444662582828,33.9687657877642,84.72014746289585,0.0
590.2306668690871,7.484519163311896,19.2106770266251,48.20557052995672,1.0
360.9738969400268,1.0831977800278192,34.816433142332016,106.72312661392122,0.0
91.58207332663414,10.266530416039611,14.377801047289566,32.03462177593523,0.0
917.3135754622427,7.548306222879517,37.06830017356362,260.35238152546304,0.0
136.8186309189614,11.47723274791896,27.946279203249603,45.56213838952112,0.0
950.2373538208025,7.2793595109257305,10.28708544097709,115.66225093333382,1.0
446.00577295795574,2.2407245433964813,22.563396867545006,138.393103283919,0.0
185.13292883861965,9.72385431116733,21.321222459530222,19.44580801418865,1.0
541.9009473783582,2.5857954315774934,5.515952869213359,50.605375956375504,1.0
872.9458358764083,13.085918450322223,23.649716230024566,273.52204495600046,0.0
732.2248864095612,9.196743586038622,12.591424948678318,238.2830301733907,0.0
806.5611478614497,2.3580582533543137,2.0939506723840973,260.41864589331504,0.0
658.7833667107174,14.435070862218103,37.946246308262594,201.48682379877687,0.0
692.2765645178524,7.77548195002981,25.65961476257151,212.8758731930387,0.0
849.1956515653193,1.093476778074825,35.07675727483388,234.8808196865043,0.0
249.66800885918593,9.402493566226008,27.042240200530124,81.35468736175751,0.0
489.4249636431405,3.7979836051921536,14.279347685604517,157.7028274057073,0.0
221.20944181960223,12.055401778159537,20.507522893152455,75.3002026764493,0.0
987.668007996647,12.26733110349286,27.029870413887082,299.2916439321828,0.0
944.0593396866133,14.684210337819929,38.4100930080575,278.28687249773725,0.0
39.426811368505895,7.528042965367556,10.14677836486786,13.876344193360818,0.0
705.5751725156885,6.824353195916057,34.999082344964705,206.88158775236286,0.0
925.2483174156658,11.30213408169721,36.96311221177078,269.115670087616,0.0
180.57534512733352,1.9870598451288983,26.816620586358262,56.80101985335664,0.0
567.9452305526295,8.203732706896863,37.25066509605351,169.39603657465327,0.0
915.4882975880419,8.193714001962764,15.91514349909474,285.82075320589655,0.0
33.94597858579884,1.3420968421558084,38.12064704161771,10.33583327369541,0.0
697.4202672468399,6.269761282603704,28.111315086638996,210.11495631542857,0.0
297.3490073725508,12.79927197850803,1.680230696752476,107.93938605939584,0.0
924.3961953765304,12.842304329919903,36.27491327276211,272.4459238713102,0.0
971.0582451653678,1.488564973795215,19.378912361327703,284.291284814675,0.0
944.2664891134339,1.3608132412174627,18.413079391113314,278.3548289463523,0.0
474.2142166574638,3.9404321550290295,22.65866423918537,148.12209739679315,0.0
862.0426509893134,13.121490938309902,5.975381870849117,290.027643238131,0.0
844.5493985350704,1.933538776102484,18.766641942695944,252.74018732869303,0.0
319.10047324325564,10.799952039411695,33.245088668709826,101.45121019410563,0.0
828.9154741506774,1.5174842941965483,0.6192983655006135,267.15159400246216,0.0
37.00763471549262,9.34706780621738,10.916686412974851,4.354648399668055,1.0
596.2698784820531,5.341009486787172,0.0981834577537688,202.27400233097967,0.0
230.00883728770305,11.833709444488004,16.628452365993933,79.26195702758359,0.0
120.56688577727881,3.505356732380454,29.132620419749387,38.196887000284526,0.0
76.95320162920916,9.588027440849398,31.95087316458514,25.12959836065594,0.0
696.2887758781397,3.535238018638274,37.807590445080265,197.5068038948075,0.0
339.87496376806615,10.704904246682307,24.34018451883146,111.59685041837395,0.0
724.7667715287614,13.105170518411231,10.185074666115819,243.73470781945187,0.0
65.35634079894237,1.9020269869014006,36.96591796546796,19.987657388391074,0.0
315.2903378306103,12.998935328932554,31.012630155215042,102.51811637482268,0.0
539.4912923753373,8.90362881621447,22.97713932012578,172.0803308866372,0.0
790.7231648389635,1.9066573630053596,27.82560862875744,229.05687107370727,0.0
318.7525029320699,6.4131278303956805,36.972654200297164,97.139223446415,0.0
625.8913764370091,2.4129044022764683,28.495761138916865,24.130217256176653,1.0
885.9777482361872,10.505218332998542,14.73498030338936,282.8817964921081,0.0
615.8631881823046,11.383022016269244,28.521128091563867,54.55107492447638,1.0
232.95947475363377,1.5869478040919844,1.6111265094155147,80.14715731953098,0.0
24.40078155653802,7.592097790419665,15.456622473223248,8.439141113433243,0.0
870.0988739009299,12.219375840388757,16.25292127382317,279.5154919060909,0.0
21.26941085038714,14.042445623264948,6.673529376833387,2.9379905016314214,1.0
874.7016726841994,7.70276800112655,0.9234192220708071,30.2780724079141,1.0
528.937134027212,14.254188354171106,5.335249465509713,186.30632940441316,0.0
939.0676985128962,8.035334556840446,26.184859831882203,279.7022738620657,0.0
798.7832357736654,5.91285741899862,32.0915526545475,232.9269669215875,0.0
997.9341105333375,12.723046928293432,39.528139709078964,286.9175943239198,0.0
350.71181545171015,7.394740656871336,13.85454012433977,117.48732081393969,0.0
767.1882889311269,7.078537658467845,23.97516889044407,45.39459965520684,1.0
401.93091360924217,7.354687341147424,37.48579867260488,121.66650938720409,0.0
479.8756203039088,12.70177502804618,6.681671253526105,167.67221039753855,0.0
627.5054632183701,12.479123125320783,28.705823453709705,39.860207758327014,1.0
873.6771141863387,6.052799886603168,30.199149325966527,254.60459376406226,0.0
984.0834691992951,4.999497898057875,3.559021434773535,314.1732563103271,0.0
768.2734138645181,7.378920360586939,34.449975407322604,65.619516193807,1.0
417.76678216733376,8.591587646056634,32.52420188443375,129.85136805200034,0.0
421.3570022770702,3.5750581594199544,1.3361202630973779,143.67168509433014,0.0
737.5823015888915,11.909326270733859,3.643376595202059,252.1640649158366,0.0
238.77714576830235,7.297241485986343,1.9650757556740928,84.60503793522675,0.0
110.47411313139466,5.010683226299394,13.38974127197449,37.587650057343936,0.0
354.62215764077655,1.6023148944598593,20.371559627197048,111.84192669267861,0.0
287.23899165408176,3.582677406054104,21.29390911818515,92.08668357107582,0.0
296.3081204559901,14.239217576339755,10.706670390777706,104.96908591786624,0.0
233.60775104990995,4.576495302292899,36.46387546241097,71.2836701692905,0.0
42.093189636361885,2.5328893405055295,14.730511594876528,2.7642319080462427,1.0
17.87393473341381,6.910091874824898,1.8220062386141,6.474812290008419,0.0
987.7223897360316,4.60631615040373,12.009084461655455,303.76805426273216,0.0
427.77313373586236,0.5273887540679123,21.24437690176622,132.35013963197295,0.0
384.32664715968167,4.847178259191259,16.32887290352928,125.15500479398763,0.0
679.6472826930699,8.161629359092029,10.953700763970367,222.61923934611053,0.0
218.25388786506417,8.275685580299504,5.252929990572697,76.99661415896898,0.0
949.9611839502253,5.34838381765333,32.76658000384919,37.69824253417387,1.0
786.3450144155521,6.7095413437890095,39.845809684967676,223.07352614313092,0.0
89.41100231225951,14.482768773521496,13.181685340955283,8.727423141566328,1.0
417.58077578492833,5.660227158454674,15.264841767064157,27.740882811462164,1.0
879.1183075621647,3.8734021988997447,24.721500987078283,258.49178712206873,0.0
944.7320222914103,3.652005661001402,28.737658989421654,270.1460629237278,0.0
467.4015112498697,6.866469190562013,15.68118139214365,152.91670994715145,0.0
613.4113892107077,11.39280223075416,36.197180679272606,186.46896017870515,0.0
167.0339460920752,3.0898227628270982,22.400159569156735,19.11517581049567,1.0
991.1686261369765,10.639441907111522,18.01560305623724,308.55761385106535,0.0
231.6717013834434,0.3172473502412443,25.866910126396206,71.95798954926055,0.0
942.7317741351256,6.28399466975919,38.11215392996693,263.0983495977583,0.0
649.6466489923685,11.637975978041803,31.78209177686822,200.55722769723315,0.0
607.7367948788591,5.080994336616471,1.6005252214049737,204.42427006389423,0.0
512.6885110165086,8.456056521680992,13.292396429598385,169.97373549710886,0.0
230.66981171775868,3.074688492388662,18.821787398048908,74.95703030962164,0.0
176.52803200550827,11.129930866892584,12.580702888364211,61.87086705319496,0.0
220.48620907017536,0.7841865490313943,28.00750243321826,68.17199089237727,0.0
186.4382621442545,12.788139673132505,33.050765994503244,60.98190816313923,0.0
779.5844735667533,2.972945796325022,29.25380380741086,226.33453314866807,0.0
350.1252591667301,13.11597047562496,39.57333147313101,109.61861281604456,0.0
57.84267656339637,5.28793861950776,10.901905915721164,20.012249811262407,0.0
969.1026301408114,10.840253617117298,34.99957980097686,281.81531987841385,0.0
883.7858849634257,4.788379466792827,30.664906606979446,29.260019777867353,1.0
927.752283195213,13.588675068519713,14.487150302325844,53.15122175917042,1.0
994.9078226464353,1.8995568827756153,29.364981746278747,278.4304382886248,0.0
173.89524921948728,2.6777968390889804,4.1630382567298785,60.017354818816365,0.0
396.24201890265874,7.395451877382034,31.573339293622094,123.06076485195908,0.0
758.2384757040913,1.229076585572192,21.293224103484107,225.94607511754703,0.0
696.0206180537922,2.939702770526429,11.691606908370126,219.90895370823935,0.0
153.89590633985506,14.156495733180215,26.231092071367208,52.27768085425795,0.0
815.8331249906178,14.647344917218307,25.66479994857636,58.529878525889465,1.0
224.44057183666067,5.643889939956329,8.379448908783989,77.0935534975841,0.0
223.81761482262309,13.849290315209034,1.2158965924610454,82.46329337329067,0.0
536.9744228934136,8.172370135101476,17.344903476066953,174.44669624535746,0.0
592.9399348417031,4.046136988106506,22.78047477377685,182.5310338133405,0.0
580.0862078378112,10.53598081620898,35.064211134823935,176.9678174309812,0.0
91.48683739775487,9.883527098622858,37.12867182590378,29.270168620316483,0.0
877.4608626303803,14.836879786631,21.152208726270658,280.53958009459524,0.0
265.60004258870606,3.9757093111392496,30.152139350741795,82.55900618373276,0.0
129.51492128280418,10.080892539926031,17.572130893119876,44.53883617789985,0.0
888.7480798689772,0.7803563254417034,29.84328626291572,249.8901432262058,0.0
955.6514982297533,1.7046905804507912,8.192060997566678,294.4268137293361,0.0
862.1276172654506,0.05877562426639893,14.842589392141257,87.70876423418599,1.0
809.5160747248781,14.991910215895096,25.369119952544594,256.80001325426247,0.0
655.2419806390217,12.034105457212167,0.7263186242831532,228.6889539437211,0.0
550.8573706091393,11.800845221003112,28.89845241355816,174.35444477156568,0.0
86.98675991141013,7.645891129322695,33.421420050726674,10.927672428680113,1.0
408.4532130706987,4.501006243581599,15.965666443758057,132.5517577113652,0.0
372.688517012314,2.268964266940139,17.917696687086572,118.92882667790624,0.0
259.7537837603262,4.270121082696955,34.05128848866124,79.65049449526943,0.0
723.4201136885849,5.639568328937087,31.026185413041336,213.65136716975428,0.0
495.8757350787708,11.344651454704412,11.525979561335,168.5912285298634,0.0
81.04621590764793,8.094926833547285,12.959044262461559,28.191319019295886,0.0
220.18320194981135,1.1622543983322404,27.155129295623865,68.4809232489702,0.0
683.258763659596,0.2704351343836836,22.527923697926447,203.2328298656646,0.0
76.13085949030018,1.5349826930109471,6.4891828438598775,26.16751537551401,0.0
851.2069140487687,6.15748070546069,12.397196369166657,46.385369384891796,1.0
495.1465270139743,13.997893755735275,35.999331075146166,155.36865458397756,0.0
480.586577326648,9.561037218138324,27.526977468890536,152.1864554985559,0.0
592.4077846595176,12.027388498132726,39.43897270742078,178.8255420081771,0.0
824.6809659251492,6.995618917568228,30.680501199230775,94.39598406867083,1.0
347.80920790219307,5.424991247925642,37.678977285743606,104.63179832187313,0.0
678.0161525590636,1.626005590749341,8.647542954819016,215.6208360173006,0.0
565.731963995791,13.138995332793074,30.85939499267703,29.18378731226994,1.0
267.0282701694213,11.747400435418543,0.8087008059118972,15.345186106755751,1.0
878.6299863551579,2.5217714639658766,26.830400868461357,253.71275257791697,0.0
797.4260216069281,7.683908458143907,18.771291124809654,248.88040316160198,0.0
658.4518346584255,7.3106221188186735,13.870402876802746,212.6784468126455,0.0
850.581729094242,9.376373290297929,34.49617409172356,70.45450570025122,1.0
867.2942009598023,14.192803409868919,34.17070770630123,262.1028810702539,0.0
708.3629767150347,8.696571626437194,0.8920681959457433,70.46816879288646,1.0
837.013328363672,8.103259001679278,24.38020489797724,56.011193954046924,1.0
697.4714616692836,0.7548439940199592,14.713288972838257,214.70500200150326,0.0
680.1407717603004,0.943612140270359,16.626440060017966,208.40362497498052,0.0
618.6113782151843,2.8102018699018334,33.281629568751036,180.04091831345792,0.0
752.7166395576412,0.4870615753762242,12.393590861107132,231.9624610018948,0.0
158.6051052930737,11.150293433550186,37.7219524255048,50.60042564179494,0.0
880.8707591989285,10.849954559909447,7.18535305488563,290.51930126397053,0.0
871.843527745232,2.040843516474644,26.50889693472711,251.53404175368053,0.0
29.247283034559146,12.541183511929214,26.884202680550587,9.95999252255072,0.0
825.8167505647626,2.3217905226916797,10.087806457116727,257.5178085741812,0.0
128.8698674734452,4.517633804960382,12.990024358688078,43.69951726073085,0.0
335.11885425914187,3.7346534874204753,33.391939703197615,39.15321851999262,1.0
743.5082562916077,5.584606478595717,30.4722101981981,219.4593233057641,0.0
160.7598960483082,3.819956488349428,13.163835212590381,9.203431919012464,1.0
817.9670241190622,7.334263896576781,21.358261877397354,251.38848661571348,0.0
832.1341779577419,6.111118220320281,2.4672118501238183,273.4570680766332,0.0
507.4677337608362,14.798542361689899,8.34983529594517,177.73481458937013,0.0
6.38587171683358,0.838895251923385,19.432822354415965,0.24974641552550228,1.0
287.0381331749128,2.1327206458102745,3.4389494111684638,97.7854829264327,0.0
616.9269183757422,0.7923884086290373,33.7332941956775,176.8438134382951,0.0
981.1861780274235,9.387617924735636,28.720248404305913,290.0236801839233,0.0
631.8135270166683,0.8176391612057937,37.74534682593979,177.53592634724438,0.0
259.8035810641598,12.54659606064185,27.738676238561087,13.089366276389097,1.0
634.0057030996113,7.679079460228917,37.61605489048742,186.55583786923702,0.0
539.9853797158555,7.905114368723006,22.180502227638602,171.74307260302388,0.0
779.8453951511436,8.423917615682914,24.008744442478775,239.7998588187749,0.0
106.98063882695841,2.562205594593161,39.07884218505043,32.392716864380965,0.0
761.027902502028,2.9653545467173132,25.685165874570416,48.46769301020761,1.0
541.2665786761103,4.78225984309507,1.231462754429864,22.242079952219015,1.0
962.9920038589946,8.902446237327771,28.952111065220933,74.6919466571089,1.0
341.8721660386861,3.1517666391032177,36.21874768549662,102.07055172155886,0.0
632.6218931339481,1.7449759069989184,31.823209991773066,183.66529588954606,0.0
932.0281055100174,14.551753296276482,23.353330905016904,115.70756247266976,1.0
102.50972799067925,0.3297272221443437,26.85214052374065,8.05700308168785,1.0
937.2284872364511,12.040461080040325,39.60767157006687,270.32508601387474,0.0
687.8857223008133,11.820527243625332,3.626483540373533,236.3841564879602,0.0
67.8370591051719,4.45821170767644,26.68979314532958,7.903799474342911,1.0
300.96356694681623,2.034399240109701,11.335907782823753,99.26954712120461,0.0
708.1720886452816,2.1844297005813513,25.6036158634468,56.3121114664657,1.0
67.3506014687717,10.461474258557887,24.304943035357553,8.89058695695875,1.0
582.1704601762733,9.642098866292605,6.138273284326483,198.11289539312324,0.0
345.88305695295674,11.7411851137708,8.269865829609566,121.29279617896407,0.0
620.9155177674771,14.06221758598657,24.865183121728542,200.75991116486918,0.0
45.74203381251285,10.37891044899888,5.129197892150965,16.632061509568985,0.0
871.5368061523762,2.337773048271652,10.607235005212914,269.69205340544477,0.0
973.4889691773969,3.65163925148116,33.4098219095201,72.01104101083527,1.0
968.8778552856915,12.632905963096718,13.083660240065544,312.27241834280994,0.0
749.6518317429247,3.1395911375131287,19.522406250786517,228.08359734918125,0.0
130.08624013063198,1.087834754317221,37.645613405833615,39.143853227541356,0.0
758.2631959290226,10.549200810633756,9.085963553477852,251.36965244296184,0.0
24.58691645880151,6.0378953323521305,15.585040694320416,8.425930599640154,0.0
22.123551528997254,13.800600788188554,24.258311021741825,1.5336678034514055,1.0
323.61021914954125,9.753826066404923,30.213557180158887,39.949997250884245,1.0
488.64319040466575,1.3562846668749113,36.06613546850821,43.119022885443,1.0
770.4074178077932,14.217848508804911,36.61891950294061,233.31203703327904,0.0
683.2953766065052,3.8783589546036885,31.06560297490492,200.5088840262913,0.0
445.9027063767483,5.058187356094287,9.133233463732417,148.4403496636137,0.0
273.62666628166585,6.033906205253131,0.9923732017026321,96.26394027642358,0.0
997.1245001577112,0.7683644460646988,15.350957214224952,294.68663867018626,0.0
426.18130223597296,7.447731333459073,5.661954039512933,146.04678381499147,0.0
451.38702432967546,1.8497773661293837,28.415505897531922,13.788525681375424,1.0
163.62382119166918,6.014554900325276,26.445223473028673,52.91838252579969,0.0
794.8095487499294,5.260646819881265,1.7588656648581935,261.75336269423974,0.0
693.6822257814887,11.59260125139755,33.463751165238044,211.42518265043773,0.0
220.76961278876038,12.047557674490967,9.94973065164729,78.1343624191193,0.0
82.3810456158427,2.3011932358363203,17.289083019641687,27.278409938630677,0.0
680.4993020747131,5.498267810688393,26.717349418229695,205.66546245903282,0.0
654.5112142811353,5.600297415477476,17.176751474090132,206.5854025812694,0.0
273.2595269982093,2.2711566590412757,17.651512111997736,30.85753847105709,1.0
950.8635622504104,11.976802575767858,2.625119813429615,318.65543828942293,0.0
151.05789178090023,10.608424925031349,16.05774197040015,52.268091452538016,0.0
432.3348010426019,2.8557267944555207,30.593915728799338,130.4445433913395,0.0
943.6159201675989,5.500828628906985,36.60705348746391,263.7120686638146,0.0
419.7273169261223,1.5870753728477132,16.53988548253487,133.3719655854352,0.0
638.5259476640855,9.423098956395659,16.943433075163156,206.80920596225266,0.0
397.5943979627943,1.820578868229295,28.105084252946085,120.96943893295226,0.0
274.21520234867,14.789012529373768,37.710880044211066,19.287302393090563,1.0
983.9776479598282,11.710231120317935,10.682437609574409,317.84975554191885,0.0
409.33400631504304,5.853578243759926,17.605768261517476,133.02743701608088,0.0
894.0992036791345,8.678458984190316,31.838929742092045,262.48553293204685,0.0
229.95460589108617,13.670127243246132,24.38774277496154,77.77066534732286,0.0
213.1047040250833,8.311489205937391,4.423453758558189,75.46310723512528,0.0
31.13408288451136,2.6174772959693278,25.10930942249063,10.077794139670688,0.0
651.6668253758851,5.68055033371739,7.469851383893076,213.9560606792639,0.0
368.52634372376116,12.64717297544618,20.408637363136165,123.82783828260635,0.0
864.3582498396371,9.663195239844269,21.164130706417538,268.1860684738616,0.0
473.20990669155714,9.760865765007004,35.048134488999395,145.61046909699377,0.0
968.1934279147217,13.002322285327338,18.499770960497525,306.0518720964787,0.0
185.52551570312116,13.40959586193757,11.177696889435769,66.1054855817599,0.0
868.6231679556108,13.796888576691545,9.238653928641263,89.11140321945402,1.0
776.5968527917418,1.4227378987973416,34.97007506737344,32.30873622322593,1.0
770.921844644052,8.161890029446514,6.8404341767291355,253.8735633956693,0.0
844.7832281168877,11.10764281827478,17.03474243532575,269.55556798393536,0.0
761.0239909429989,11.353902676905207,7.48692459707788,254.937640090596,0.0
626.2203216314153,9.100743029550058,30.932161604575015,191.51908974555815,0.0
131.24487768238757,2.5018100277551127,18.97490559898476,6.728729011033953,1.0
32.526179491251916,11.961308309124965,14.045747622272483,11.570802909175944,0.0
920.8478478156868,10.801670002724185,14.443985625058673,293.6494901376386,0.0
616.650314520738,1.2920365732355443,34.088568268919175,177.08221948869576,0.0
796.5372909761763,6.957147370115644,22.150958171777525,244.07293709436826,0.0
481.5223515125501,2.6096609928270538,28.714714045250545,145.30671607367873,0.0
117.30818896239448,5.062155685694578,35.88154065002738,6.231468392894426,1.0
125.18579220255045,0.2712163830852815,36.06966704162568,37.749078006008446,0.0
685.5652872289713,6.004948026161373,13.140362173514525,219.64423783182622,0.0
430.3058948994627,8.248153817343157,38.09805052585541,130.1878454922274,0.0
200.5247267003367,9.293738892406303,0.9950352805842178,72.36339502270083,0.0
491.5945467414369,9.95235517693065,15.073422440646628,163.6701663079491,0.0
64.20893707513409,12.544369696536899,35.831954300353665,21.044778669363282,0.0
581.9714019143988,3.2319436091359504,10.985475192679317,187.27619824405713,0.0
268.99340443509766,1.8072273365770193,10.923258012852735,89.07952212626581,0.0
797.5591006371882,12.773057578468885,12.104891403275548,263.51650979334335,0.0
310.36195892357375,2.3491922233897484,24.49253539387689,97.21843318302305,0.0
455.2201490818012,14.62140122004293,17.533311024574154,154.84313303020616,0.0
11.620539908100636,12.638073440979555,29.069393454133703,3.934831583655138,0.0
72.44688779455888,7.5131490883439875,35.79642570258663,7.0509284646868515,1.0
392.49355640668483,14.721321373830378,26.967974997714425,48.65660885940272,1.0
479.9388347171235,1.460650936620063,8.17866880790302,156.41499504715858,0.0
600.0205481193037,4.545986417626525,37.30727609442009,173.966472486279,0.0
291.66257870930326,9.573366225609172,10.57971493389914,100.80995767204072,0.0
694.9818861265426,5.250103027097682,5.995771813126325,34.29794477736321,1.0
860.1223971892045,13.925588279711878,3.598691154438436,293.3895600387334,0.0
779.8509888933498,0.9843913226672635,22.535349626646624,230.1328616033223,0.0
39.61882534835715,8.241177480914468,4.550498499226072,14.281677673947717,0.0
480.5069472578289,8.862994010926718,5.55103536450523,165.03499128515253,0.0
104.93017841817488,9.790921856658361,12.001219223819866,36.87327166242214,0.0
242.04501586252746,3.8349933499772164,11.266120387378553,81.24193142086146,0.0
986.6625932671465,5.4684964127979665,24.169580413285694,289.75774892674497,0.0
142.49554290151323,12.655207944974665,32.66981117890726,15.395194478414732,1.0
498.88815345135606,2.9241415345523976,30.453986248115697,149.4050008330871,0.0
618.1557343181191,12.40301770760043,10.499378188659069,209.33065667261562,0.0
702.464970544104,8.439831343541137,9.812419919439197,46.38314734589366,1.0
559.6486834869141,11.432812667911232,38.63166120427871,169.58024703280486,0.0
9.77084741918366,10.704110493952074,0.329449663678405,0.5581123508652954,1.0
326.4613082439919,3.112672430773185,35.18882132240863,98.0684956416469,0.0
517.7116433847115,8.532191046508093,7.989140764896199,175.129206192418,0.0
87.86649914483336,13.015847292076385,37.891372923590716,28.566751655066398,0.0
350.6269312091808,6.48174355202894,13.692291393100788,116.91821235105802,0.0
33.20310879136657,14.498861553349752,17.614070955730092,11.820864674152656,0.0
78.57849715502074,6.783226501525771,28.284824557775238,25.60101621972616,0.0
396.9232762015961,2.1417845500182704,23.506762058930413,123.35649733269179,0.0
132.71575404306034,5.841520201165099,12.717573188272912,45.36767813479514,0.0
567.5408482615582,14.275536095858058,22.15323663471294,37.373532799884366,1.0
689.4649691372657,4.795812740097814,29.228275374515448,204.99194054138653,0.0
800.5866991090828,13.021472398005942,1.6933978360996838,275.47479679282486,0.0
200.1502442448101,13.218760225228348,0.4479722102281647,73.87962744759369,0.0
167.48258225906974,5.252797864979416,18.32267756291565,55.637883563608696,0.0
104.56784033440026,1.2488648707594818,5.273464712140568,35.932895913693535,0.0
636.4302495436367,10.868368637382273,26.573771658588576,200.1025285971403,0.0
706.4757264869012,4.672684485209791,8.562098249097367,50.577797906412115,1.0
31.586144825642037,11.743854213863585,17.314044271826837,11.09221120106387,0.0
936.2122462436898,6.639822723906496,7.906837474970758,298.34945736179395,0.0
51.97128365147241,7.279001135139324,21.93934342996498,17.45703076216097,0.0
541.2963353010705,11.668641101228053,4.642138375382756,188.1957850086214,0.0
709.0605194509164,5.735449965924419,0.9242741114992103,237.25240788256247,0.0
870.9691237460856,6.646910179843718,2.0452655242678874,286.2866045126903,0.0
714.0869321324278,5.642857031544332,38.1703376606124,204.62540584678285,0.0
801.7280830697919,5.510107729159199,5.691448744437433,260.16717201632304,0.0
339.45019254280606,7.889198653521891,28.33913012547341,107.89026787594666,0.0
814.8251137465122,12.13199166751726,2.71704816891305,50.291813404297955,1.0
80.11484638467515,5.426524678838488,4.326414089407287,6.506158233666564,1.0
894.8166560605276,7.86382080806605,20.355050056373386,274.4251570065349,0.0
547.5923761537363,10.060909881639013,18.594837206173747,178.78234414366594,0.0
817.2977699624937,4.041591694554826,38.06321237759478,228.561170714735,0.0
452.3182845183001,4.162842073535888,37.79341812082949,133.09377747824934,0.0
643.5776951965249,14.001196905351822,31.184345701698604,202.24619059841018,0.0
526.4026609361132,10.85301859996633,24.08407320509399,169.39443903768066,0.0
731.5895217553318,8.657800143349633,18.198412695720442,232.08651186069983,0.0
81.62998203058957,9.71580081630918,14.247141373136841,28.511998098199594,0.0
60.3520839905638,0.4394916465512755,37.88350187902222,6.8324398864997615,1.0
247.10323401014645,9.271544483425453,24.11635245698742,81.40659630025857,0.0
159.54468011318835,7.642633098363029,23.16290110743978,52.793147410208654,0.0
871.7835665922017,8.186245196691535,9.276044870756595,281.0349193907283,0.0
219.2139873580443,5.391357402462257,1.8679127154045227,8.431771353789188,1.0
975.8652558191313,1.2221084656941283,37.80754319038178,261.9998814761065,0.0
336.8957917711069,2.9000885041807827,12.549410353786158,110.69321905087494,0.0
182.11791568869927,14.261170698190076,17.70356093297835,10.015818402362722,1.0
789.6985071424791,6.130493434064009,4.5855977434282735,258.68672009694643,0.0
658.7077755008761,7.000247337462962,33.47697319637168,195.83090398761132,0.0
498.19571645313897,0.7906468478015849,1.105273314237225,165.88551135537344,0.0
555.3635509376312,0.5634934431597088,33.35963048396386,160.53095556133172,0.0
719.2017782722638,10.757721705701366,5.611400511518672,242.98583389905747,0.0
228.45474133129872,8.07141996181667,35.462564505246085,71.58226821036007,0.0
996.3339160567419,7.630589763244,29.190905493446294,52.60377288761185,1.0
974.7931621467832,3.64686795634003,6.586810500292204,305.2455723595762,0.0
650.3256863469369,11.171260974448833,22.632719714378723,207.7832406456727,0.0
199.54245092914513,2.523548686627378,12.506252574208778,66.48251220247941,0.0
680.2282424312913,2.8490211549153006,7.129323956463338,219.18574373021218,0.0
72.19840897917584,6.910682570224132,34.36728797644434,22.995623780437302,0.0
30.652502205806066,4.294197931679113,16.140910660289176,10.373034748919773,0.0
257.68288851121366,3.7119447184971954,15.9417485746153,84.7329553210846,0.0
462.6229567393163,9.678564668299975,6.7954669922648,159.19777711823568,0.0
868.2725054083805,9.764576178278167,15.322627043431147,275.9312364022643,0.0
727.169069766308,12.367756046998938,34.86467385315401,77.26810484491897,1.0
742.706521199981,6.265628504594638,14.525148419585436,235.37698086790417,0.0
425.49333444807536,1.0962763653922536,38.06414249999152,122.98621204157625,0.0
345.9349925469629,4.104995773821865,37.8523559683355,31.485536894319868,1.0
371.0387629846027,14.700081947952254,5.795946372293841,25.792548356729586,1.0
987.6495637360579,8.94387862849053,7.092450140905795,82.81375726640526,1.0
40.10919141248248,10.646056272015304,34.506962813275564,13.104929162268396,0.0
867.0314961224485,0.11036744438121804,15.710436756988768,259.07641288334327,0.0
578.6754085723934,7.773085982737813,0.17495929132037347,199.3416658224906,0.0
438.61541918959045,0.5629298629770468,10.95487278821484,141.3287989186254,0.0
725.2576604151365,8.53845318137172,23.905159727822397,224.7902259778759,0.0
486.66894142470284,13.811562744541131,31.97063863839872,45.0531159429054,1.0
873.4232380816605,14.526286957506118,5.335544683730382,296.5459866378553,0.0
900.7018640112585,8.108290130833863,4.421654576669414,294.81885785734994,0.0
421.7209268734554,6.873072078783239,36.88370614289327,41.11073366954879,1.0
276.82779723505155,14.17525641372741,30.045934712903307,91.38847097589627,0.0
592.3503285933622,10.104147479950427,23.591184031123138,188.6381056214388,0.0
912.3633456166909,0.9734891930761419,30.767471599837123,254.9617462688315,0.0
210.6621890056666,6.985883665012463,17.154174452265536,70.64896206985584,0.0
622.9665835634828,3.603675276964559,30.338229892365064,47.60803626383507,1.0
631.5602200925206,7.047064821730223,14.87211965098143,203.5153161370303,0.0
733.113022415281,6.831983580095426,9.763782899704093,237.87188206155585,0.0
131.5676851272598,8.73217204222113,29.160536851718746,42.94212467052456,0.0
715.8249646820885,5.351557355238769,16.786891686290733,224.2680259449111,0.0
909.032520665641,2.4640567418389208,39.25508417304779,78.68834587281049,1.0
179.68310887024197,7.555791518849344,13.97940729232404,61.400170436599765,0.0
237.54332492387763,12.45304326518643,36.869096821242636,75.91783363287195,0.0
971.3950940416396,9.960183421014035,37.31850194268318,277.8717417752217,0.0
180.97695270948978,5.075517988878238,9.674117882589846,61.96879048547826,0.0
854.3850933695792,14.032845341382858,31.928847263520534,26.660343759972836,1.0
492.2778564480348,13.683113568737733,17.322980205782606,28.789763049320772,1.0
247.23107440317705,3.140225990761482,36.70098908921392,74.55458117186393,0.0
870.7499012725114,0.5912637768054446,18.00497090540955,258.3097584736988,0.0
445.3052550026655,11.119630625261433,29.772148693494643,141.67013463358168,0.0
514.8173539296902,12.414153920237299,18.678696366551915,171.00042350579722,0.0
359.2333693997657,14.517968489270329,9.112030228514246,127.31824762755194,0.0
592.9508514349275,13.34754591132466,7.974005157787452,204.36125145530426,0.0
163.52387258502276,9.008021523096222,17.017247770253825,55.79990635938985,0.0
391.0815366517607,7.950785088185713,30.2197862805686,122.63012729453816,0.0
969.4123223352875,0.4176157689387944,24.202859407230672,275.89157604459194,0.0
258.13343270112756,3.6998467026716675,27.54517159602173,81.03674805348896,0.0
656.7366645412922,6.894221275993896,11.293054029277698,213.80922949722498,0.0
325.1900642246949,9.427558501253518,19.25741383830422,108.27662491462993,0.0
773.4731256866006,8.35877749977616,1.77581059877308,82.02147405219678,1.0
130.87366071834984,11.139539845225357,32.70129663832483,42.73086640838549,0.0
969.8210450785447,4.196503963305613,39.59568648959498,263.92097068722575,0.0
453.78954138363923,8.474289114787098,16.275162504986834,149.75640649186667,0.0
236.05046334646397,1.322133650861882,0.438546125261734,81.41683092245275,0.0
73.49674733001265,6.204982853748104,6.791705582037895,25.900100065396906,0.0
169.75790508754073,11.252412494319016,26.101075110016755,56.644232494077556,0.0
519.7739485560177,10.40101280143566,24.48317272815437,166.6770368026413,0.0
337.0031764312863,14.859641057582685,31.514588783421758,110.2845979167651,0.0
828.8833658826095,4.16836688981634,10.155360438442727,104.11976511249637,1.0
430.8875236618059,7.472839487609687,30.545276621885364,133.87839822683256,0.0
248.7142725876299,4.942956206609951,27.51936086094679,78.77155724462949,0.0
617.14498660403,6.609046710887621,12.912579908553731,200.2406520223872,0.0
706.7772168854458,12.854251948040822,21.81952592227848,227.30727479630156,0.0
167.04190790094987,10.263136127827298,5.890952339933069,21.917350745724203,1.0
167.61921628831766,13.236617870213726,18.102580137423306,58.29904051757115,0.0
36.671426933542975,3.052666624978297,35.247893582225636,11.41712192985306,0.0
736.4020150656405,13.10041676762157,16.847655193015633,241.03171716456401,0.0
663.804527621805,0.8964341126757663,33.58266825901688,189.34708462510966,0.0
474.63087574981387,13.328989206557287,23.610134610387775,156.2223137894407,0.0
844.1704489691971,4.936106691910918,7.675068524094271,106.23020838849905,1.0
805.6701529500532,4.718814501210997,23.244249787915855,241.9989426178416,0.0
585.3543643967522,7.6813286504799585,20.239333166282538,186.35587216010248,0.0
868.2712805132586,14.110352815848476,15.94565340785536,282.48322547587696,0.0
205.84121003676825,0.7167204702210805,4.785217580642813,12.58959620893554,1.0
111.91961939772787,5.283464626061179,16.668346553889194,37.662189210836075,0.0
269.7496115169896,12.848579830250037,2.9104950495850845,97.80728550073589,0.0
57.08685608931485,5.940817161532001,3.95076205595005,20.331898146579892,0.0
531.1695280010321,2.987353463956005,16.63666131730864,167.87287978327478,0.0
936.6056922949615,6.371912719971177,12.215259278738548,292.8137368436568,0.0
39.34354066850965,5.78328752237504,37.02177303448894,12.361947055127981,0.0
122.1099140100268,13.731243022000552,15.02823221521082,43.28049489056011,0.0
452.19902828343527,11.429015636146456,30.314324882884005,143.6984196285109,0.0
933.8750175279049,7.576733336160095,21.20990105464971,283.46641870820037,0.0
316.1561049767505,14.825558500823567,28.163426745693418,105.05092522119143,0.0
507.23480868839243,6.97916296913885,10.404639320615967,168.70844698863803,0.0
41.5728590503921,0.8735674623041284,37.67619891353316,1.5232596381841754,1.0
148.34320096208887,3.9341148272247732,21.203539876576958,48.46618484357091,0.0
986.6301229588469,6.541057203289689,33.25296285140999,280.30994574092864,0.0
965.1186964360455,2.3535393621918015,14.60182773904454,290.27672176945157,0.0
4.939980934409616,14.213476894860644,4.008453962020981,1.8474015049897687,0.0
951.8117854232389,11.502733467266596,26.948465908833953,39.387755196031456,1.0
639.1199378155004,4.0243080064165895,0.3103859334969794,213.96915640008407,0.0
867.9182945200221,8.862068002768737,19.01171906262033,270.22819027165673,0.0
454.7398556338591,10.821737356643581,7.71207610665837,15.840416292397085,1.0
515.5960285792503,14.11918393360197,25.095020177414487,168.6969983008251,0.0
488.84658025692016,13.224530237631159,39.17679492551409,150.79601606179534,0.0
666.8642575461043,7.727883392073205,18.576116252825837,211.6977389354996,0.0
139.6512547563129,11.619789296895263,32.699930261026665,45.67873511796797,0.0
29.97358987267795,8.432171307413775,20.311367478044843,10.222200064649575,0.0
307.9299415911909,8.290558350683101,19.833601244160963,101.83438786572255,0.0
704.6807627366467,1.7211293750728784,37.216939727151114,197.73845644669993,0.0
201.85345212294837,1.8920648702422809,35.59863474986726,61.02339490971655,0.0
673.4324333249173,7.943004225336861,31.432018607518977,202.80941582928276,0.0
969.9120461072705,4.032923174685099,11.850230132671363,298.083355598575,0.0
93.90071578941838,0.3155535369070295,21.800336628957623,5.409883280794904,1.0
672.6021182251263,10.842588058503184,8.9558893322274,225.67570641411012,0.0
443.75021930457115,0.4872989503524744,17.75666792186159,138.96795626810317,0.0
868.1422543775053,8.929152616560819,19.368522630391624,270.00578542306204,0.0
177.1497894473859,8.087906911909716,33.26560160677324,56.359542848365216,0.0
692.6259522261645,14.532220358667066,35.841134612999724,212.9328704344416,0.0
838.1152896481102,7.263197090214625,16.584802495859115,261.9388233509804,0.0
944.6142194740232,0.9540215456669604,0.7081778029294883,114.96609470847767,1.0
683.2480282896458,8.275319517096925,34.47095359157419,21.24478542742775,1.0
497.1747640084273,12.616442559241522,6.971147140054428,173.12072264590472,0.0
617.8472402012138,14.952739264221599,24.87527855561574,200.8890566599091,0.0
868.9049844787182,6.455147605336087,0.9988360173652477,286.5209163144406,0.0
570.6097466388297,4.804481137451138,15.980259010422571,181.94374392140705,0.0
30.38705969683686,13.599799454279983,39.438412084613994,9.920268427749464,0.0
930.9486955069777,2.8686319361418207,4.027744044152124,294.74192349306435,0.0
689.5267510315612,9.231433725493899,16.947726079985692,43.53282474244886,1.0
676.5133857772465,6.085716362714216,12.285998007598087,217.82403970179325,0.0
215.67515239771717,0.6162354743333293,36.203524935530574,64.39213187900587,0.0
658.8854702326572,5.2093271145854665,34.773604316294204,192.52007003401943,0.0
393.8644056541585,3.978427837540119,9.507950412249153,130.89847665798504,0.0
651.2329770414921,10.291367309152303,3.247511482017247,45.93508818734826,1.0
106.59303030799072,14.231857465378772,25.0855357624447,36.574467915252455,0.0
657.8453046030361,4.020707810679566,13.45474847534839,208.69249016924,0.0
999.4137257706666,12.171989087275227,26.88337562424252,302.40461514353035,0.0
48.21203886055603,0.8303972540761428,1.284790242712579,16.878961953069645,0.0
977.1741842213173,8.071815150597198,5.335969407099577,315.7683220437083,0.0
406.9079607228706,1.0582509556484188,27.454889310905735,123.4006651262351,0.0
870.7534503372591,14.01049486695959,8.49482621209991,291.3452577149746,0.0
782.3854840582735,11.495269208360853,34.303507030496064,234.80861240200525,0.0
567.0162609866678,9.869248668068884,2.3436355084054172,196.28723947432587,0.0
738.4492092513265,12.358445724369965,8.619279311422986,248.36933404424394,0.0
878.5155613013479,9.712796933552447,39.942409939402744,251.06857958604525,0.0
404.140321651033,14.534165957614368,17.323044103471705,138.30211789838802,0.0
327.0331615632387,10.709369217971572,28.11862654178574,105.96269278823033,0.0
667.5933855635847,13.869879143733701,7.306521954280547,75.67237879155343,1.0
807.8459419412586,7.756978380159571,24.39474939942151,246.10770945117147,0.0
762.2851347766158,1.75596619472794,29.044242734776738,220.24176533258276,0.0
797.8136488586345,7.922665821345257,12.579065434660421,255.67874711646112,0.0
435.583314812933,1.9030924209463995,33.15588447903511,129.14522846718455,0.0
817.8342161750217,8.887402187646076,24.13670313889133,250.8820940851671,0.0
120.20905537060844,7.237395907914944,15.564920384601209,41.034163365021705,0.0
544.4890979608496,9.338630967491726,22.305695733726342,174.4926932267001,0.0
5.7586604981215705,0.1507047158224739,23.07043389743697,0.5417320961508458,1.0
324.5858299002703,2.9226073748304615,6.621411707754641,109.27892913854465,0.0
366.4615348713979,7.369956478681964,16.109294794678647,25.402148038356206,1.0
396.17269160925537,14.257553423837022,13.737223520779725,137.30466982566233,0.0
695.4672066898622,5.7541356053273764,16.036108903165044,219.6395185046414,0.0
388.55810127034573,6.36558039080452,30.444423539410316,120.5821763173366,0.0
448.69362262253065,10.720441335099332,19.301536298666907,148.35940026347515,0.0
237.54413087432746,9.05689135929177,37.61264612957057,22.963825510781955,1.0
373.25179162934006,4.483892251474998,11.747056534337448,123.63591299343935,0.0
227.26962726315148,6.162245933511416,16.62814313139716,75.86722317586593,0.0
73.19592376844363,3.2654969828584868,31.478272419161655,23.06892814414382,0.0
603.4485933813779,14.490321886953128,21.84098373283001,198.34904660877578,0.0
668.2127985550162,1.9595157233603961,21.88112585697791,201.86378388684898,0.0
619.4903460096145,5.577551768496292,2.1336065202073407,208.26612103634878,0.0
463.49404380057234,0.3875845833001679,15.943986508738233,145.78634511808662,0.0
379.7857801792298,3.326692379003196,10.8293492968693,125.3072450608857,0.0
863.3336495718253,11.707067075702323,39.973404913244615,250.50454500425002,0.0
519.0817851362181,3.017628484333192,12.334202825292412,167.18239727700131,0.0
479.181877629731,1.2009510379344839,35.37986139175454,139.25936734807178,0.0
25.64206580643569,7.116797697667849,27.049349401619097,8.463328672729103,0.0
341.2478276261564,0.14953852101777743,13.636656367683617,109.7890756902593,0.0
380.19561878585705,1.2714923163949976,21.741375134964947,118.62589702287146,0.0
398.8227808969005,12.114388043444627,33.62143519796775,126.39068548979868,0.0
580.1723692273323,11.572100172894096,35.334731921236475,177.94545436631074,0.0
533.6025467268785,13.72708230607344,6.415755000245809,59.35954788385296,1.0
607.9050927934446,12.817731538661242,13.582925648326786,204.18337178474945,0.0
764.8832615421283,10.247633448597272,13.408927208542867,248.6945353936528,0.0
812.9857387160935,0.7849928595099426,1.6817918430377876,66.3757804425141,1.0
718.1230762264944,11.742729269799863,23.929510394075862,52.102946385874986,1.0
955.5236959549347,12.682662162608407,34.19280211968752,282.7316403986576,0.0
18.23258267636163,11.986232186579317,15.262975513020711,6.468497811096724,0.0
195.7779856835461,7.627185529620391,29.60143779936708,62.89103121416289,0.0
7.56287497814212,3.493527579742225,25.108016544029596,2.4676065088727497,0.0
647.474714154603,12.6799496353309,15.025949419720032,215.1229940114426,0.0
898.030548949987,10.907442146102078,5.642391979691883,297.4597362893653,0.0
243.48229657629926,14.711417615832774,28.372954111038695,81.46401956990026,0.0
927.0345447963066,2.3353889663389937,34.182606757649616,256.91101501066646,0.0
60.26739028956085,3.3849687457808257,27.434179696059676,19.349998097181878,0.0
934.4360268055143,3.1769722482225404,0.7151393613927226,300.23622493393003,0.0
351.6226872396344,11.88809651432005,8.64931577563965,123.15644745399074,0.0
101.42082844921651,2.8036094467517723,2.7791993953412764,35.49029142302737,0.0
485.8717591863256,0.9998974473495914,22.81544398304907,56.18273650712318,1.0
256.77656772050796,14.97841209878443,30.259107153616497,85.29261842813573,0.0
284.8729019619228,0.3722581716772372,4.423167482746377,95.74975970963979,0.0
307.2899649262866,12.528660902382985,33.53351282373541,98.74215981162999,0.0
803.0258978326634,5.480502623259792,22.22035913581933,93.89219390084203,1.0
539.1612766752545,12.62423189636723,27.598760485668997,172.64392596357015,0.0
311.30769915600365,8.319307368167175,38.85607394434585,95.34828087868236,0.0
610.3337833109184,13.524468442295401,3.3472395299078928,213.7667804422789,0.0
716.1506742231936,13.8928947962194,36.04896091911157,218.44851591838406,0.0
272.62400073353376,0.13647271921163995,5.044107839496372,91.4208621787672,0.0
413.5491015253515,1.1311826398918239,15.71835226546729,131.57978371588922,0.0
121.88609333694755,3.755380943562832,34.05754785324457,37.898804079396484,0.0
181.1493495346803,10.039731245452526,36.25016946951473,57.590988894633654,0.0
681.1178539649828,13.32408294767259,20.254866941805815,221.70459978493514,0.0
181.43834769562693,6.899129269409442,23.764185531017006,59.48654689478664,0.0
525.1633836670602,9.104596744113982,28.325893383942287,164.40628781669562,0.0
709.0462617224326,2.827497791933417,33.310346738108564,32.56849668047182,1.0
106.87692309474383,12.07450250822528,4.8604467815066466,38.99485755832796,0.0
567.3122196289036,14.509921670302045,32.4027723291691,179.6103179183107,0.0
256.56278370136374,4.0289839937189615,19.25104602046467,83.44506972884345,0.0
962.9268752375798,7.422389274008195,18.02493700432676,67.48557299486677,1.0
483.5456467199247,1.2917416575956069,16.955990079879932,151.9340671590389,0.0
805.9925497751581,8.387049846944526,20.368463409841702,31.451331869573178,1.0
550.2265421562618,7.541751627700208,37.80202213578414,163.39795662816536,0.0
43.41253285481916,2.166547262326164,21.928150911686064,14.170922853402912,0.0
633.1513755940224,6.630993196771126,38.12710153052557,184.63694754627613,0.0
951.403342206657,5.011569781298449,7.2116052246256235,300.5078535245195,0.0
601.6118201463312,7.82746312957784,28.965439153305326,184.60523266106912,0.0
819.1888594267903,8.784815031431988,32.48958154434989,242.33517488683498,0.0
884.2064633484079,0.12743367910814263,27.165153253394475,32.748768702936005,1.0
228.0797719489325,11.41508974424333,24.276891209061617,76.19786829140703,0.0
212.04483990822663,10.695214377926112,22.59251124344729,71.13550419442795,0.0
610.9809888509917,5.494295793097833,34.43721930314784,59.19844591129448,1.0
411.0284698067047,0.7940390335322739,32.86586388658,121.5299204330208,0.0
839.8613028667204,11.323988096775755,4.891548847223981,281.5468730288651,0.0
900.0231233980112,14.327627407171986,33.94350628123512,271.3573934943121,0.0
353.4213793027181,3.602273940330213,16.5627447776177,114.55965696048959,0.0
236.87055897448207,4.852869206055568,10.147873199832432,80.35416861654048,0.0
780.5255152438618,2.7571933422272243,34.790742720557034,220.72440516746883,0.0
274.8060355481361,8.654041850172595,17.280991985349665,92.31931207829024,0.0
822.6143185136784,2.322620919711824,32.33458760707266,233.19698581668928,0.0
423.73825364876285,5.342909151920692,10.53614447823378,140.8932115891343,0.0
667.5498992914704,10.455195209013944,0.15717285688871208,231.13172774696994,0.0
95.53531383466817,8.401739745140226,19.818367716117777,32.39557338158424,0.0
623.859324676573,5.7969384649190285,4.0091302657153705,208.39536441631327,0.0
451.7676787372291,6.303744027113129,30.175038220996385,139.20374441344828,0.0
586.6084631754741,8.431663239348442,11.043005442776415,194.47711970794003,0.0
168.01420774486343,0.08797091830741954,17.74582586413915,54.26900938571237,0.0
736.8737449441821,1.1776480268041478,3.4813426036621697,236.91155108584948,0.0
862.7970775432285,13.218871016445174,11.466369937890107,284.3536471853406,0.0
216.73980009077565,1.1681848363693614,31.25960973034288,66.30239674194829,0.0
95.71455552016172,10.602053943157577,6.063516476092778,34.54522114643018,0.0
23.638586046336396,13.800572461635788,25.886382445078297,2.3151737193978135,1.0
641.971500443266,4.060254064525966,36.69703411218005,184.99806904399335,0.0
607.0940360887807,5.557371555892714,27.19347039030881,184.8905495835293,0.0
546.69741271407,8.533821087670745,32.440867571689076,167.2169410054027,0.0
231.94709611597543,13.22563454457877,4.358865172156632,84.17524856487772,0.0
390.90599590551466,14.128583808906303,10.029273040082177,137.31691925230209,0.0
594.4763351861731,11.09344872166902,35.78155408962364,21.598509793266462,1.0
496.76685885916936,1.2992964128204103,28.604224544723568,52.03123536794029,1.0
987.7855202148874,10.037312333022761,25.582153055092448,296.92390189263114,0.0
136.43975255673314,6.154555828089931,26.550669444868,44.28733454453469,0.0
695.1445540475938,7.060514992365924,16.568022172185735,220.81653922133071,0.0
404.31876810429213,0.7372258551776556,1.7822652647061288,135.69274792902172,0.0
428.19961492561475,2.865932090195373,31.37766168282916,128.84368726291711,0.0
717.5977656581763,11.857704113004717,27.148529448614156,224.22125804855233,0.0
692.4361513243697,6.809382495717896,18.912178564508988,217.61667158829096,0.0
991.2559937021883,4.5249336244672325,35.990384614730296,274.1377431246394,0.0
128.39428945412524,5.7602861094743725,13.446386599403954,43.77192870772897,0.0
104.10964938416633,12.815992699885204,11.772869769249436,37.22332470223301,0.0
724.3388171287412,11.234985261074353,34.91185300317771,218.07624530435052,0.0
578.3869170064091,4.084730957716242,31.879506190359418,171.68077122670036,0.0
274.16066655980586,1.7625276031855996,20.59919242593379,87.31724346749763,0.0
79.4193689889866,3.779973324661076,5.229389578313999,27.758199309702977,0.0
85.65824959643054,13.811346765821005,8.602858858602097,7.2974066408539295,1.0
894.1908746641183,8.72383256774633,26.249119616352267,268.98509427841367,0.0
191.8673247187429,8.002203131171743,15.401649513616466,65.28907630122235,0.0
323.37156211552076,8.945903995386923,33.45892766663885,101.51643556381651,0.0
226.656402226988,5.490423986197729,37.998200373288164,69.17560461531656,0.0
354.9963058319373,12.10660530479269,32.22547701099673,113.72811230160302,0.0
69.42384274609337,7.849293739503747,15.101816919822287,23.95639384993718,0.0
519.0597909082703,1.7512185415319332,31.547457169256962,153.14843478615484,0.0
67.6125635922149,1.9359768724359445,14.057666938827339,22.658791506476888,0.0
800.3565078223616,8.052887197539276,6.684003510625356,262.6548592226171,0.0
233.71208191043303,14.048553271062588,1.3357281946342958,86.07357637174,0.0
540.0119146045106,4.625281825142981,15.4286685104408,53.04570848858429,1.0
880.0790875614582,13.043117532888274,36.14237214789127,261.3707387292668,0.0
650.8773690471942,11.46143379868319,9.55946351022706,219.19997357747008,0.0
532.9577865513353,3.7171866436036027,8.26052659719136,174.86235470325562,0.0
324.3337531153756,0.5451112247436368,38.792831409641614,94.36081018041557,0.0
333.00191305819794,1.527708977135741,1.0001645140236848,113.50893592246096,0.0
669.4869551981901,10.927409007711603,31.431286015750175,205.55946225741457,0.0
994.1393612211675,2.9950460706097006,12.854798229634813,62.08439509050548,1.0
661.8391898493786,5.569063807580907,1.4995182747863733,221.95346031329152,0.0
557.783417370025,7.525487490096372,36.71210160838334,166.24096800820445,0.0
730.650510239246,10.882022526752442,5.585693208383344,246.73104466825131,0.0
465.20561228371815,1.6984683488868808,22.071171349027814,143.8164841703088,0.0
60.14234260078521,6.095496079161922,10.962168297181911,20.891183120519806,0.0
562.2968158779098,7.2760936371404314,2.6077120873876414,191.76572328301836,0.0
957.6252845053803,8.112405959573096,1.9968994265351636,314.3376049784114,0.0
175.30294235765965,12.27540962092825,4.622267953453552,63.621057875922254,0.0
690.0048908206658,2.5751729256482534,2.854680555575202,225.48956392962785,0.0
200.9336886590565,12.117471777399334,30.422324620796918,66.0286419361777,0.0
535.8276844730813,10.393176415449783,19.422648091337166,21.091477977064752,1.0
96.67644964671962,8.33806221298439,13.715683653959188,33.52165293151224,0.0
450.3709362581851,10.49291805603858,16.734756405280287,150.1679336286563,0.0
756.1633288952461,6.180266084274846,37.15786942290493,217.22104790188968,0.0
347.5715242389821,2.0759637895218686,36.430072509525885,102.88416415933034,0.0
664.9117244872181,9.98647860398051,28.627059204903077,205.4569202629495,0.0
795.4499607897292,7.870084600284334,35.38729509686751,231.6903491153514,0.0
927.1778194794526,9.590622008141633,12.785921103504991,295.2545723410763,0.0
234.64208185545354,5.0699817154273505,15.244373040331315,78.18539581846635,0.0
399.31591580930814,13.602998660097539,24.548487274169123,26.739271299596727,1.0
152.41601333041743,8.810548028633654,24.945037891890568,18.420601836874674,1.0
992.4835021583752,1.2810372643631074,19.26799352049364,289.49274223215093,0.0
927.0009679242953,6.74705986056643,16.026313937518132,286.29853483897375,0.0
539.9571302805596,11.345340821154515,39.44721246434781,163.36741455216747,0.0
842.0332943764213,11.912018425984085,32.84494504470898,253.02718820558184,0.0
520.9579772720422,7.418955791456382,17.399207915521806,168.77403836081416,0.0
623.5856880027598,13.421213562469516,29.09169908958274,197.41828958736994,0.0
89.12443211601662,4.015026557914464,10.782467730098379,30.523773477769574,0.0
755.2704204968079,6.158980458573999,4.006773049493195,249.00826863301327,0.0
127.71348363523482,13.47895365853455,14.097241022109625,6.361549147572361,1.0
826.0676302525284,13.443850747073684,16.11891200493577,268.85113584243703,0.0
782.0280876703858,10.285691532370214,0.6614849824268321,266.5714379462459,0.0
708.7446977429764,12.884708206833302,32.59168006543584,218.15551101488606,0.0
36.16038052476212,1.33159900434349,14.36773609556726,2.8251538961777216,1.0
303.1283559453286,12.974924643116644,23.21672663120588,101.71602824812287,0.0
263.11256991084286,4.809298598253402,2.9585274908382386,16.173252813489295,1.0
360.1364074715191,2.674972686423245,6.999873150023359,16.333828286533784,1.0
87.64274676383855,3.590547545130695,35.587749013102396,27.167152547146273,0.0
936.9578230310627,6.269527620208306,24.34750111531203,88.3516827920024,1.0
553.8022407123763,3.7678800690670085,38.011362006819425,160.2226198104747,0.0
305.5243106580235,4.808513790247486,39.950001375652676,91.15751994798558,0.0
396.98151707428343,2.0246772910746316,14.874404613323776,127.67086455474042,0.0
447.20254050483567,4.442651483384978,11.952122563330985,146.70863774974038,0.0
600.5943333606173,8.584257218130018,34.33424220636387,181.06184720490043,0.0
515.6794276964978,6.627805621365959,39.94445708149817,151.50372377495736,0.0
919.3919732144174,5.200781418538668,25.185649369298293,85.16798827304062,1.0
496.96348290583023,11.196781932856709,31.805628900460896,155.89904410175674,0.0
992.1580148233127,13.402649570899769,31.269834352610978,61.842408060441024,1.0
851.4249577450958,11.351838343535956,14.213588328781878,274.9314348806225,0.0
208.5105143573358,4.9800105317651875,22.97081521028349,21.722308387353685,1.0
930.5952146439163,11.166632517563306,33.322277650568545,274.57450300886353,0.0
116.36639788547609,2.2797027371107683,27.524555050442217,7.923174557346849,1.0
817.4497084911916,1.9547698213693638,0.8465525592815304,264.26473465071257,0.0
380.6232934765801,5.184405555542384,13.468226755901341,125.64329012573883,0.0
877.9743204450696,12.115535535660856,5.779027863784214,293.3755218664327,0.0
868.0566901074503,3.695223708634528,9.318888483121563,106.21678134471207,1.0
805.9254001176212,0.9488011334801938,36.219579099653025,222.84893201589995,0.0
790.0304363070613,1.9756430280953263,1.475731556430726,255.6278804678487,0.0
304.67913909804076,12.881174527943703,8.79202847847695,107.78889215844603,0.0
80.91928305125218,9.506749271209314,12.382774089529258,28.426596773452253,0.0
402.98017876516144,3.79801745054965,24.675362878655793,125.82382708341629,0.0
173.52451498650868,8.32943737992272,21.36406760343462,57.95426791093529,0.0
694.9510889024617,7.913694336380256,8.730779314135443,228.87016975656064,0.0
346.09972653778556,9.83153967660992,6.569642688926178,120.85012790886007,0.0
975.6102008599149,3.497813316324245,9.471921383844752,301.5887330818063,0.0
640.972077345332,12.966044807915965,20.101185068066222,67.94516517447973,1.0
822.4805636343609,4.640528431200193,10.847111428448137,259.4451264137829,0.0
132.52467274184843,10.411974809643553,37.904100064308885,7.6101779741945315,1.0
862.0144822726226,0.24186969558322335,18.5546088571539,254.82280296754175,0.0
922.7571905133943,5.5898569484122085,2.3518406617854826,299.2393543294552,0.0
487.0619188189359,5.275647269382125,29.170656233465337,149.08362600585778,0.0
606.2529377509775,8.152266428745218,13.153811528359585,198.56927420353358,0.0
764.8098009029954,1.0910439266579475,26.139557282329903,222.76421930662366,0.0
174.83862726041255,11.851970605891625,11.18377482092928,61.84509913402973,0.0
502.5660764634424,3.266712026513528,22.829749669332795,155.67058104612227,0.0
398.6630277723131,10.155567223230154,30.886100192298585,126.23896818458239,0.0
146.37399216224912,12.048181848661399,37.12034967098216,47.132088855808995,0.0
367.5344222915314,8.428154343622698,10.445085777323083,125.218619228983,0.0
68.17230938549356,11.113248100829782,13.394278039959246,24.10402045846789,0.0
25.811906949486985,9.927904683225083,18.570656811437587,8.938662319514037,0.0
135.16628915482275,5.3329469572801145,37.08699350943955,41.84444471423021,0.0
963.1151115891738,12.13287808550348,36.05547427242628,281.38419118261487,0.0
549.5295358950169,4.420520548282919,3.595131204025521,183.9735298207213,0.0
965.8221611532199,8.568193766272758,5.277193030152434,313.5141351186846,0.0
432.497878330132,11.180966087123092,19.82036709322553,143.36849094141795,0.0
311.8161330852596,5.684338647187614,4.26477091221694,107.7266380066647,0.0
506.1418628402441,4.541514114261376,13.823234933947898,64.80845692626693,1.0
439.51168863291014,6.890190152592341,5.935415128699106,149.76562301209785,0.0
105.66468426174391,12.269452415237303,25.441614205275435,6.615746621326561,1.0
640.8263146902062,13.948826447184972,37.97981726956647,195.81079271419432,0.0
216.0381825095996,8.176251192898352,39.86935081177526,21.25912104324756,1.0
619.5879548978296,9.921993079854778,15.009645299876592,51.10222919979878,1.0
650.2010923981534,13.549104333583713,23.96050548458449,30.74033974408892,1.0
152.02485312864812,1.478202771194136,34.25070614096325,46.3918268153087,0.0
61.34962711066816,3.4811786679924754,4.6984829118553595,21.491631997679946,0.0
780.7615860684398,10.633500093773737,27.582576442078597,239.79481984980103,0.0
459.80042376932016,12.356166928684495,16.35374646900273,155.01468195060045,0.0
58.16379550547579,12.855435424958669,8.245846411206564,6.78323618361602,1.0
994.8663171697672,6.226607652823989,16.110144749897678,100.65590115200384,1.0
57.78056099636664,1.3400985343780025,3.0384114785966743,20.134506016023323,0.0
695.0352288585532,6.566722159494299,27.81628594357223,62.49556916395032,1.0
983.6789252634136,3.4610188531058066,10.109706749938123,49.443319694007315,1.0
239.1801042159256,4.367946824949362,12.45622580179512,80.18703689163313,0.0
142.24936868719618,11.584013352562588,4.84325192965851,51.57671456285942,0.0
121.3849394224289,1.132906290388303,34.586364555595665,37.05195790250552,0.0
303.2751475675955,12.413718262210532,19.737771171309543,102.7872947446294,0.0
101.04581101064669,6.415036287362536,22.88587511145601,33.46059181490858,0.0
692.1613416941319,8.940958966508926,22.777307323794183,216.94599284714397,0.0
62.291798130062695,1.344783468535185,16.419724581653668,3.663334560467916,1.0
509.4221281497897,5.060386175359194,7.701196617525579,169.27924118220724,0.0
996.6968538529768,1.3455137852226868,29.805309939936,277.2406293052541,0.0
813.9702695060188,14.423155843216643,5.0822506143069734,278.3214403788609,0.0
615.2194382310109,12.108924739893757,4.15495161115242,50.969696656222304,1.0
306.2536207866117,6.894491315346904,28.405801503860136,97.11849233955614,0.0
623.8958362916385,3.3540382248550666,8.353480818079353,202.01104431087697,0.0
527.0414639116516,14.001826578747783,12.270910054113294,23.16387945329555,1.0
426.08338389037146,5.168948935904576,19.00909868006961,136.87124845999125,0.0
130.71037674019948,2.4147664753106213,17.974052669181848,42.952774250985144,0.0
886.6042152404667,8.447465826809323,28.343165002599967,264.11432551337685,0.0
449.7846488213225,14.156611805172242,24.937271737734438,49.53718247525113,1.0
194.62251182076506,0.05745435750483863,25.775846491274628,10.395094156954553,1.0
367.7593508772896,3.5718726488099812,28.56217322621829,113.33477292968884,0.0
414.12975252892704,14.076714606156115,11.704509096938613,144.1763487183088,0.0
827.5378955668743,2.5662895028574306,12.893332472018946,72.7373533230678,1.0
733.6143805614021,1.6986517745972978,17.519909915822165,88.16247462779927,1.0
769.3048936413398,8.552808236997066,12.298486921341043,248.59166059984398,0.0
11.031264428647214,12.927657349422448,39.39751475883454,3.595846733941174,0.0
416.1539981797615,7.156647265408892,32.562077056857184,128.20913599583878,0.0
481.3441516353236,14.918463850267871,6.586187530241183,170.26563336911,0.0
19.192276823056687,10.187575493069893,0.22376623527478046,7.111443701309614,0.0
259.8132087450342,1.1111236081567162,1.7113307298907143,88.84729069887635,0.0
760.289823122135,14.89248197522963,9.762538041717011,257.6640362413181,0.0
137.10970572899905,6.118413551702856,4.571651433474262,48.349081565422324,0.0
535.3101314525917,4.311038007682238,21.333524595702883,167.23857878092858,0.0
215.20187201723752,8.368187753668284,34.31980890909435,67.97663592141998,0.0
12.120774643893274,4.564613877312965,29.470008836529097,3.909883238509369,0.0
241.20145759954147,1.2968626068022848,8.624362523287616,80.60679098949934,0.0
975.8737549100538,0.02142514618765079,15.971970241031435,33.490914158829646,1.0
801.5371118829896,6.743750293803934,20.315768381251104,84.56247247259772,1.0
959.5766443210334,12.552951333398884,32.40823398013342,285.73446536026455,0.0
487.85404392636246,8.584727784451148,33.56486412424659,149.66681803022746,0.0
109.73619867750351,14.988109484151613,36.38873247631104,14.476361511143661,1.0
547.9594889736929,4.302699684707999,20.369810020115008,20.048929484871355,1.0
454.3773345599609,4.20682597140083,27.770989857434518,139.53116844465424,0.0
844.357082739616,2.3962419035091633,4.472014849357486,268.888293863455,0.0
98.08258078424458,2.4609538239800277,22.611558398159282,31.78031230232759,0.0
488.2411370217782,4.277798940150717,9.947672378845404,160.50043353516347,0.0
150.04866469398425,11.892600679102907,17.268675401064442,8.763256328378374,1.0
324.67592689006,13.586351859546719,25.362020332268777,37.79366458647399,1.0
737.3570773877997,14.62630754561522,10.279437514151244,48.140182428827025,1.0
476.01812936876655,3.4843448114467894,2.0874023118704432,160.7698731479975,0.0
375.8882851457693,13.219463184211374,0.40935425635030054,136.23066736466737,0.0
394.47627857003533,4.923826339160056,0.8863814217808619,136.16188565422536,0.0
459.44676840598663,1.6926081677532663,0.33398950055078647,154.91605242144428,0.0
785.0165438370569,13.050373882802484,4.414202262315019,267.8962401668897,0.0
892.0846889402344,9.541584519654279,9.579548582805195,288.8587779340238,0.0
955.3346865039283,2.470963441215926,8.848860567291968,294.943206505213,0.0
786.9033862552951,6.447468862695038,39.47186376719587,223.19575347486207,0.0
315.40689574801274,4.308865423156015,12.24024420835773,104.87086387988002,0.0
688.1347060865421,11.051918530652955,5.096831334375964,234.15253695308314,0.0
437.6031240553919,6.801243459364021,21.822501766710317,14.99921412277026,1.0
254.67062204605116,14.839199176595773,34.318298215900334,83.222409041808,0.0
840.8715794259226,0.8211747338939268,27.122415071507007,88.95128873547887,1.0
38.426348962324994,5.3252289920437,11.843283565418012,13.279741375982674,0.0
901.7619921354235,7.2285025066496615,22.4646463916582,272.77968137153147,0.0
461.4774646247342,7.547003321224796,28.594238968016366,144.0589059796015,0.0
637.2014768082804,4.739037335784552,29.124179694709692,190.7471955610829,0.0
659.3539222057827,10.93860373646352,26.661538211907555,206.7444836970538,0.0
895.1177407065363,13.121206102334622,34.83241699102472,266.95517151310867,0.0
636.6696821672073,14.080789529667946,34.804218333764176,197.39154065586567,0.0
613.9335847600618,12.076400651992893,23.15746237628013,197.66825016118528,0.0
66.65204056068997,12.758702959598992,17.19425476444849,23.456761003058244,0.0
518.408021945204,8.258179509299932,25.66281182260399,23.053666795954914,1.0
150.16900081704165,12.38832339640222,32.728480054818526,6.843775090837612,1.0
737.4337687214855,4.552558637219283,0.22608419364738896,244.92687755733866,0.0
512.2219208126745,5.977181431638216,39.67988036059404,150.08953578710208,0.0
680.2277792083534,4.753695207278165,7.315750893167969,221.51086163406654,0.0
41.67290060238427,7.010810031718881,18.809959426399047,14.15977518233217,0.0
84.79201604580322,4.2836942435795455,34.88118939371467,26.482306648101567,0.0
716.3233880626823,14.424171633816702,9.001615961767975,244.0266816345558,0.0
72.08433599867337,4.692669420085022,19.071808956015328,24.06391181909547,0.0
71.2567277652586,1.4706680716640974,5.303287207247167,24.604892283811076,0.0
12.10847523488745,7.902257490756201,15.803053015527704,4.195337973803891,0.0
956.5013982994801,0.8564861766776455,7.085418191720101,115.27066286748689,1.0
737.5083594590069,1.6581474946287078,14.54510995084628,53.36188265555386,1.0
353.2514085020642,3.290840837943694,14.93856867170888,115.03003062689345,0.0
296.53558128765525,6.965253748232126,39.72683158393331,89.89060298512713,0.0
349.70322974584957,6.498763984635419,39.79252117215089,21.61532650890785,1.0
774.6535311811818,11.995377930041867,4.591451146424497,88.18818181020691,1.0
661.3706110704144,11.092119808261701,29.03875117313389,205.5081113140756,0.0
185.19556786746793,6.39477440986052,2.069819186764046,65.65499352380547,0.0
174.10933533408434,5.005563113634449,1.207680613487545,16.515367897716107,1.0
98.39564971339732,4.747031760922479,4.213355769798572,34.62964171232608,0.0
660.3027197013381,11.609926309410135,38.619426280317356,41.76719702770649,1.0
764.3726622217359,0.7810860933190461,37.63454191578789,210.94817458894687,0.0
265.046428325004,0.1923247426590874,7.757112811227218,88.06495609445304,0.0
20.94496103091281,11.933165878899722,6.466893422148461,7.662290243160222,0.0
82.17166747642734,7.15719563983574,9.62140346063788,28.782354371056922,0.0
967.8600348450304,1.9632170783036396,20.621879763005687,95.17716700046051,1.0
295.44477747742025,3.533489018917519,22.788185281416396,36.91578545727177,1.0
769.2231478381336,13.987559296460738,8.863737217577894,259.9761636674117,0.0
624.6635688542638,12.89254463437347,30.26491152359781,196.16155005222654,0.0
381.9396396528959,10.646775753359588,12.38212677610603,130.59517152954044,0.0
205.68726219555512,7.233378455059898,36.88525302117641,25.0538579681512,1.0
121.38641815940643,7.804854392870785,26.268908258269224,3.993955696775828,1.0
615.0129680388666,14.628668029259378,17.454047772144467,205.49389155208377,0.0
774.6337806377879,14.486556658264307,31.596480068113813,239.84579618707025,0.0
643.9042535411306,3.229035686787514,32.716585041866594,187.76028869439995,0.0
530.3021332491583,12.166568494579773,11.619264224357746,180.36824486808862,0.0
41.951223431636265,2.958639992505252,13.588581753443375,14.207884174193827,0.0
968.4887775943838,3.2030621682592706,37.438206149144136,264.4352135754251,0.0
798.7141916545746,10.141395512468652,6.589641534530877,265.4655314859972,0.0
292.82203670096476,6.075016478813226,1.686016678517368,102.56430457241095,0.0
979.9703293588507,13.973166106597803,18.162212904381967,311.58155226455455,0.0
601.8815896363221,1.3351460234401324,32.048396009745154,59.07228214849507,1.0
582.4226582072465,7.672884612142395,30.866724252429833,177.55591630314092,0.0
748.0731794295322,13.777822956646819,36.7812251565133,226.40243402331478,0.0
811.7697880901376,13.561704907192578,21.32802657476161,82.19647410677463,1.0
656.4786073315026,2.3479382012361185,4.002586862661333,214.12753447807304,0.0
128.09574636620002,5.499565501446847,23.547558973440644,41.95128182167432,0.0
338.2675059944984,9.286821000700444,31.135824574128463,12.39896769135637,1.0
928.0836403260497,2.3909232715710327,3.733124810793056,293.43569520982487,0.0
224.61561184385192,14.52033258068608,6.90629604390359,81.40378397855231,0.0
372.16702383751334,13.721239930914905,0.49162644622683604,135.25453457625028,0.0
432.076882944196,2.504252685517038,23.746103177872413,133.8666651199214,0.0
439.4049896944522,1.8173319189147814,35.469375677836176,128.84027677745647,0.0
612.9395824945256,1.2811272421239794,26.82653264008398,69.89420392420588,1.0
943.0758377447077,13.641654960549467,39.28160350363928,275.0927820105277,0.0
240.69271183250495,2.904357146931912,2.5213460999904624,21.358094959902584,1.0
121.50137630091807,6.244273928165321,36.12004340605985,38.040829155820575,0.0
197.47048985993732,6.732770484780045,32.562731495467226,62.33427656901837,0.0
886.9249002092695,8.985165663203514,12.569660819980196,283.0216701050726,0.0
645.8108126552061,1.0760301562113743,38.94106207349007,180.45393181313213,0.0
285.9067892391601,3.4013792610077394,11.5175099268566,95.15247120487557,0.0
815.9469389686172,13.972355803783891,35.57218895312874,246.38509917913626,0.0
861.369996363436,13.626151609028543,35.22994308296758,45.893123462823844,1.0
846.514338690278,11.719359711085383,30.306304664118898,256.66564476702854,0.0
918.9265336395545,0.2910186842732315,22.538818952514074,265.03889400045483,0.0
252.2410201733616,4.9051015274415315,4.800109984675522,87.171368525384,0.0
755.0419287462782,9.419381030143617,21.27886937985993,236.9734193063214,0.0
460.53949727414,4.127853176602136,14.271850226197383,149.20226727132024,0.0
841.9985528900615,13.64380042580666,31.68868132621407,257.06370771802455,0.0
728.4906771616132,9.508341927486628,30.325168259873795,221.07197636042895,0.0
776.4474464997246,1.078600759746684,36.424500294904206,215.56663505495825,0.0
656.1618376810715,13.635083832535546,0.5932064972683149,231.1155810262921,0.0
177.42876946970688,14.366499872643338,32.364128672921844,58.79001679704614,0.0
545.0269188969384,1.1656862758758824,37.53848212498675,155.47428450989014,0.0
984.6697395245083,7.985403522919723,31.572017964326005,284.67636556333196,0.0
937.3880664971189,4.550464233212557,5.207778394814668,298.1599278770737,0.0
43.17373579701167,5.892586147221036,3.2511641936355096,15.434368937716814,0.0
164.81481572943713,2.6947682693301283,0.8338095923080324,57.64856198448953,0.0
131.72877345456192,8.671081530186187,25.149809033122843,4.601423017858,1.0
725.9799099852955,14.369690298733358,25.18690607439549,231.930934085859,0.0
817.785329856945,7.546089004074136,39.47654856872849,232.7053559985684,0.0
213.51136631067192,1.2437187209172174,15.92172696416383,69.56398729739391,0.0
505.852692951829,9.300020002161126,13.27625139589987,41.559371307341046,1.0
840.7030280112,5.103344916768855,24.9769970873757,250.14687291987207,0.0
732.8015447662506,12.838877843869467,33.024346900303755,224.41307333440614,0.0
542.2372054918483,6.5201722247470535,37.470957980920076,160.35797543257866,0.0
590.347690458773,2.892594134133684,32.12496664716154,173.42317765225735,0.0
508.36054691628,2.866584340367174,17.06695922463219,160.71162352779598,0.0
297.5484513188206,11.531462710817406,25.396569412482567,12.442925080249166,1.0
565.0219928590161,3.983813974610398,34.25197306864468,166.17836562927386,0.0
688.8853020500907,11.508500912388344,19.624387532469576,222.18198123553776,0.0
873.3229158608077,3.088309661498991,8.667465748215708,62.24439833778551,1.0
636.2913539792481,4.825295530519641,6.7889375899149185,79.85565286978047,1.0
761.121537043158,6.9823045865954905,0.0063097831222691525,42.5682479110196,1.0
160.071634954573,14.14793774540176,28.72951979925137,53.82304748349913,0.0
461.5574744197899,13.97597137130737,4.44388835383962,164.0476257120168,0.0
9.331619827093295,3.1030781313343168,9.753563987837616,3.2204821063962554,0.0
246.678864521623,5.373285618646092,11.915053260911733,83.27705095810127,0.0
726.4617151130049,2.240990826806585,22.415194405470732,217.73156279978295,0.0
991.8099513493635,7.6497761897024565,15.91829109183077,46.574693968889164,1.0
99.17809958721591,6.908738260419999,26.98695968092647,32.42261305008926,0.0
401.49431586128827,13.511402436760987,2.2255463731481084,144.40779390693467,0.0
800.0709686991595,13.95008066686609,4.957567770577578,273.39684547055526,0.0
204.03563462889883,5.753510865109382,19.968460141330667,67.26078430791254,0.0
555.0849493022862,7.376069145284841,13.478591513873193,181.8426063284063,0.0
733.0712960296748,13.443543737191996,11.832534510054389,43.8824733409127,1.0
615.985450260179,12.100617116175922,2.681123161500909,214.45379819499848,0.0
188.02473461541612,0.05484467016973915,35.828766989920055,56.22397033136232,0.0
355.3845686857394,4.800893462753738,27.67274344500203,110.93323497481867,0.0
783.7917844853972,6.326613629041889,4.864726272785975,256.94469514673256,0.0
554.2265141320166,3.4457442552484756,2.6018383094856246,185.11341693626957,0.0
5.229613542912737,2.993574238439081,38.99490133724972,0.6138366946162678,1.0
760.9907600280939,0.566767598935195,27.246902017580194,219.918806510492,0.0
35.31135494023907,9.650545876046408,16.69824284374966,12.281265985528997,0.0
745.7337827312322,3.9376543572474847,28.069241630231396,219.9881025138661,0.0
202.48056016523742,0.7852076764696964,30.253271459206363,18.55337147117561,1.0
958.0734801193802,3.4646896579209545,31.198488095551173,72.39742510574828,1.0
367.9407513020845,12.028709292541897,19.115092226122307,123.81165033031839,0.0
326.9316163380791,12.7723377246982,17.19531032499392,111.79711611810673,0.0
148.88805033244466,7.2459936778995395,0.4411233707560136,53.54466445308925,0.0
305.60421549021487,6.2410600561302925,37.06228460567352,17.2329640179514,1.0
876.6507618282005,14.667805402526726,24.13231513555772,276.6792505328392,0.0
996.3343376272474,3.0084698938210486,8.126157487598725,307.98242883580855,0.0
368.3095305068483,3.230389242819127,36.784136776857466,109.37893139609551,0.0
448.61063095454256,4.378007655545996,36.59727607081186,132.93885775617176,0.0
722.070938202737,2.5913597742163095,39.567366574643835,201.17016023316785,0.0
886.1957804650746,5.690483973062799,34.962262525559154,251.8073159570026,0.0
593.0443341867841,13.662513404846306,39.91137551280259,180.50642376039445,0.0
391.5256981778293,9.230217609428614,9.787447524930904,133.96423640846564,0.0
412.6218408486237,6.179198229183955,33.689983407969365,125.80683261119754,0.0
695.6181464968068,14.016161918568223,32.92113235183058,215.68353268427032,0.0
3.2182636042786816,0.7269634871373348,9.23761436882935,0.15168519003583839,1.0
619.5893374598406,3.1541426685279204,3.937501960039631,203.98350708139677,0.0
355.4930104413574,8.488329076526385,39.176820547103986,108.24773896566988,0.0
794.1973312770842,9.233289347897687,11.840982060824414,257.37892909705795,0.0
92.99063982313216,0.5933625984391971,34.83567161871224,28.36016964805283,0.0
588.2022669483905,6.045581368606983,0.16508618698415578,200.46476689297668,0.0
480.97288988612377,9.73730947246309,0.8409922887840882,168.8935365350944,0.0
642.3255259052274,10.471058196051024,18.634852347854736,207.84788197938786,0.0
64.85359448296835,9.57209853774404,9.548587357402543,23.066209413516894,0.0
579.9837874281313,4.808448365413868,27.593651337438573,176.10683963216744,0.0
561.4845879595238,1.4028018539686427,22.62257302271817,170.78984288331299,0.0
560.660094416171,6.406686696290011,3.099431898019658,189.9540048535034,0.0
603.4876665964548,1.9313165605208322,6.505131852628683,195.6553077071496,0.0
676.4679372263622,14.214354877810006,15.521970802336572,225.5662515825151,0.0
804.9889996807698,7.127562990339424,7.4241625582173265,261.83910622134533,0.0
269.82072012821436,4.7588876153530135,31.688893889757143,83.70220922959174,0.0
825.0494101800621,11.4945610667835,16.6428094221312,264.91087752644756,0.0
498.25568226345365,7.469228888733958,3.7372746736999707,170.61479825506808,0.0
77.05827913433116,4.650510360186751,19.373716090884994,25.67362902556748,0.0
58.5509292439792,12.179516135862025,3.6335272424565668,21.575162607872347,0.0
334.2383186960608,13.00728226501683,5.157492216792687,119.50277982238889,0.0
784.8969771114675,10.095122494330155,9.58439328112821,258.21114386629324,0.0
707.6809347409157,0.7044663361150094,34.381108209899594,199.68619416233125,0.0
788.6149646724065,8.494843202497982,36.98450129331888,229.24021495929614,0.0
517.2690564416093,11.449423679959224,33.05030917328276,161.2924401322425,0.0
440.19899795549054,2.0475451812537324,13.36308869671389,141.7101343429508,0.0
147.45252670628395,3.43006127076905,10.897857644353266,49.98261449167256,0.0
328.1927536093115,13.237426576022047,21.966227631609566,110.50134684430405,0.0
434.01936617387526,0.30182582779611056,28.874126421324494,129.75194716787377,0.0
88.60042967961724,11.29090706738964,39.73491152640699,9.390821375391027,1.0
220.61195271121125,7.106599387716344,5.262828475157049,77.31053602638532,0.0
598.2252940637388,6.701582382594103,1.9716799609521773,203.0205774164969,0.0
735.6631142391899,0.10644798742330763,27.77423555981084,212.16810757832874,0.0
998.3475113929496,12.290973464497391,33.28903134015622,294.1652551540686,0.0
933.1133313435577,5.397373509548497,33.85395119465693,264.25615363988237,0.0
642.5651995351915,8.111484469508143,27.138541963086425,198.0143137612493,0.0
421.248053294072,10.159510295034892,38.160632164767485,129.10609391766502,0.0
636.1773647082327,10.539443646568737,20.440190541783476,204.6220451681181,0.0
785.651618080232,14.339700882391085,36.5525919334485,58.32739022474966,1.0
118.33619092338732,7.970099298549137,38.71248547966092,10.380267049358503,1.0
409.90488969628825,5.995793264616413,33.88629828012431,48.105629986326925,1.0
839.8022856356172,14.30555439737562,12.390342530344824,278.275724959411,0.0
383.832951933044,9.631653525382816,7.848626046811811,132.69387191641306,0.0
571.8722712271865,4.472255344148334,21.924802599272738,177.6024183329476,0.0
587.7693608621983,1.8969636810535673,18.12059001520754,34.13341907223767,1.0
184.47625313363935,12.638317521977719,35.11033368770932,59.81466414235536,0.0
362.2354416522884,5.432724041912273,4.001266842686149,124.39142160105605,0.0
334.51128874193216,9.907045820466468,10.309602452460744,30.693002293103174,1.0
26.196708532064793,7.062246290488472,30.071957780748342,3.053972600124483,1.0
24.191763891355244,2.983946696925575,3.799465799092485,8.513974333858734,0.0
831.6970436757734,9.025299129306976,12.830576560868007,266.9483611506416,0.0
273.0708099728124,0.9102460342602348,15.486215762159325,9.88585772763063,1.0
518.0787662388154,6.200136898067884,24.903751862507598,161.709601724412,0.0
298.72557358877305,8.199224094955065,6.325305828774583,20.597366222562083,1.0
940.6792451153406,6.540704611778686,34.42417961398838,267.5038917927549,0.0
259.29675886577377,11.230082628764862,17.90168941865097,88.33996852481454,0.0
429.65681273893506,12.418874318179686,36.68086847522226,134.22216972760245,0.0
872.7302504846018,11.56864611049767,18.714796545357263,103.0478593922198,1.0
841.9335667918086,0.5821942171770317,11.001610357629335,258.2256578213397,0.0
186.10141784627731,2.9119315566895834,5.673153147506995,63.8668388078607,0.0
802.6433097957104,8.049112638956615,0.14980378845139253,104.49680958129055,1.0
458.1868867378927,14.022330606657018,21.286299399393425,153.07200756965804,0.0
482.9688720853552,12.524351625781753,4.286267877076937,170.01196273507767,0.0
133.4799724159438,12.638017625277024,15.669110545247129,46.86253599482756,0.0
80.60151375712465,4.548122906395124,23.57087044948347,26.39430234921342,0.0
727.9393069737652,6.4417184561805385,11.027435876108012,234.61492025904465,0.0
496.46115235529976,7.060589209739061,7.00897169464461,167.56593515837648,0.0
436.85070261517956,2.360573750248656,30.988864904373663,131.0951771817564,0.0
729.5082286523967,0.46602195366684473,37.871646891264824,201.6404063287881,0.0
765.5128989911098,14.203543491907753,4.01761671447864,263.8972204549392,0.0
158.90816766935356,3.610688784952601,6.223612975400314,15.097780915299174,1.0
610.2251494776413,3.59923355585447,38.400506290108744,174.7228591049494,0.0
135.35408227768554,1.250685806531393,1.511368872489851,47.00429951527519,0.0
751.3750860290456,13.927616279156679,39.10529346201889,60.871048120031645,1.0
656.9551562671395,8.69605672409658,0.18577932339955083,225.48773878371708,0.0
956.6146210834579,10.005552856880309,34.94674622605325,277.1741358503276,0.0
68.95801635642118,13.673653308945788,12.293007239509981,24.815947361184254,0.0
57.05472115125432,5.1843025335118424,37.54355432709186,17.784367949294353,0.0
282.18707469320015,9.322609667071262,12.677811545423419,96.74383943562783,0.0
261.70568373590595,0.5819918209333119,26.17225286136224,81.01555916995977,0.0
246.97879907199982,2.80158792346694,3.201302790637466,84.91066782927331,0.0
906.2545805210367,12.468687076349138,9.69319245814956,297.9152586250132,0.0
249.5461998495061,11.501525345075036,30.94717385917003,20.913640953791123,1.0
271.94972612863097,5.259640371857203,21.147434147152786,88.27132517437623,0.0
759.3982624179637,5.652159416613188,37.11876247148179,217.32401519605384,0.0
449.73984245054,8.003316503303692,17.15005633365417,147.57955931990568,0.0
776.7105569551812,0.0036150702770182397,34.792494632556924,215.65124914568327,0.0
65.36615756438525,3.618665040570418,17.9582174991295,21.79642747233584,0.0
487.5711936733843,3.1234771291232164,39.169931148079414,42.651193143608154,1.0
33.613600183282635,3.757244201246452,38.39337525595507,10.37919490291373,0.0
62.65320345535452,12.08858763800162,13.165468222243213,22.301558509017784,0.0
906.437453344411,4.195107848196647,35.436946816672126,253.70107193571735,0.0
139.24537111759517,2.8728198307522224,33.90445496862597,42.994944942838885,0.0
532.4206822752171,7.563951911895473,8.427215893102513,178.51586145178723,0.0
411.09560260070657,12.98467554559098,24.97161603133079,135.3247947104459,0.0
347.3433262588427,3.620245557562498,2.9072926235925944,118.75374930272632,0.0
899.8333456872724,1.1780436418919804,33.46842882333846,38.44629072950989,1.0
21.8233967754895,5.34607103774497,6.981835340139861,7.692522336225261,0.0
663.789686175589,11.214777368474667,2.8325880554305805,228.62054254417762,0.0
963.3944342135504,8.260358170421918,16.00876382155245,299.0128959963987,0.0
560.168183461842,12.251900543615212,23.07688554398574,181.76044658072982,0.0
936.8224620330918,14.39388221413851,34.19667834239084,280.9441781261197,0.0
52.257879286023766,11.889937151274255,38.96970102086946,16.876199224353115,0.0
418.7933190741614,9.0570461826563,17.579700502794545,51.919681358561995,1.0
260.15779096205114,7.400123820785708,2.4178769194108085,91.86777665220644,0.0
730.8209649807297,0.601036295224,29.964623161034826,209.55249530637366,0.0
981.2970904972467,14.76482968221062,22.606930248957497,307.86213405065837,0.0
256.5300624442478,5.752216838625638,17.915653793778525,84.72199425894318,0.0
654.1746014740745,2.283423208753002,12.370755151687586,206.34583745157502,0.0
198.09763275974012,10.00063283094685,20.095941113741425,66.9315366629526,0.0
565.3302545716099,4.26432433643189,13.547184178281238,181.5492676722853,0.0
463.9324866883362,8.786674063965714,30.280474709894413,144.88444501146427,0.0
972.005329631537,8.801518617668869,21.755747859705643,295.22382907109574,0.0
608.5272726964665,6.685947313543037,35.073910966164476,46.164955222153964,1.0
349.50637208681877,12.541779233175639,21.741756585977683,117.02512175588896,0.0
114.09578488793338,3.9745059233316455,9.530496533597201,39.140643170854105,0.0
151.24682873493455,6.729488874266012,34.04367528928578,47.72394580084361,0.0
225.3169299512351,8.065381928864571,22.288761797201758,74.42302647167257,0.0
250.966661340298,9.954370811509495,8.27364152574245,88.06043972745323,0.0
850.6160578411378,11.759577757583843,24.940312398248885,263.6834353511943,0.0
561.2227882825249,5.922109243173841,14.308670597697102,181.55803931975922,0.0
523.3909113743664,9.69070416144894,33.77622449168263,160.82461446344357,0.0
114.76887186921746,2.259164296027787,18.131989545861714,37.72699848581287,0.0
860.139693349435,13.98972150813718,29.05765432429667,265.4710235916315,0.0
722.8143032084837,5.745882096315053,3.8214483054494863,238.80669315347004,0.0
67.66836190000159,10.942821329646577,15.840973852093846,23.693082554718686,0.0
707.8350972297686,0.3051162282326647,39.32965745889595,194.69924101537686,0.0
543.538217342646,3.077807143572105,32.338411579085935,160.69400587352365,0.0
81.72534574677826,7.30623816485367,6.397632094677146,28.98804183237042,0.0
458.30064152865646,13.173787015985198,11.110561979090203,158.33068410628366,0.0
484.696287130047,7.908827249260157,13.192632354254442,160.7669927978989,0.0
165.77454016327576,13.948057234408186,26.014622419817826,56.21676760582596,0.0
945.6981470002823,7.256953448741945,30.279790379586224,275.06615085870953,0.0
849.9753714806619,7.356736451039249,29.98106435231639,250.83633162241503,0.0
669.0223373291083,1.7962018275079783,20.394962252256114,33.02853654713966,1.0
462.2955610006072,12.039843662283298,32.43282151352605,146.01620954551709,0.0
411.7655415845085,3.7044811870059373,17.483123310299003,132.14478964938243,0.0
650.9734671509542,13.494187340584727,4.955222611822476,70.27843810978268,1.0
545.4318694069054,13.662363304955942,22.57767366615253,179.11313426467413,0.0
62.27310588188561,14.149651678112246,38.092055384044265,20.426712913354674,0.0
512.5026487703317,7.80345733654635,31.719746055700455,157.18520886002395,0.0
806.4036172328395,10.156406771754666,23.148025907689696,250.71485931127137,0.0
459.2398775969581,11.677738200924953,25.872226413963876,148.64216945331071,0.0
51.956577554268414,1.965219279756984,37.222481081422906,15.905639200895685,0.0
786.2781993840331,9.014357924962459,17.133711777398418,249.39434016957108,0.0
201.3637821359744,0.5144685195496751,13.255765557705494,66.10531943325708,0.0
258.62083488803876,7.463491250830888,39.08966260001796,10.638791479766512,1.0
164.70635343229588,2.322640224303411,34.53772534041334,50.388031121801006,0.0
330.21506487149753,2.7438438894312704,12.921743384744095,108.32642140094953,0.0
756.751505688635,5.4757135003890225,18.551223894436912,234.37240814494785,0.0
519.3858595039374,6.486557500747545,16.60312516031196,167.89551637028427,0.0
204.88127415071256,9.347586367982808,5.963827146857357,72.61939443176173,0.0
877.8300781520409,1.116426276577735,38.312772952530366,47.502939546335256,1.0
879.5818549515292,7.55537641856167,16.17249724879035,274.45555942812814,0.0
870.5784250460069,2.739376953796517,35.01316330551632,242.90230042579782,0.0
238.79621138153928,8.60962762547613,7.574249107226603,83.49883764416843,0.0
451.2393441809881,9.561069183917752,21.91483242548879,146.64316486205624,0.0
984.9896561408751,8.350638848292808,0.9584554049707927,324.04465590968505,0.0
772.0124763099903,11.074432657174615,30.56881935369234,235.06972597743675,0.0
27.167421225559817,5.03413866361352,23.236555929851136,8.989143448759542,0.0
65.20459126049205,11.476598874496963,25.023583338790107,22.13702568898753,0.0
463.93137681233276,6.491506225622905,2.0688353021861383,159.59268028515757,0.0
909.2202058615602,7.262767474838952,8.441533208344616,291.15530876920224,0.0
538.7017979527142,9.721531908916072,2.9732348941432063,186.48426075845475,0.0
497.8125080342902,0.2753757599883594,11.55657263215247,158.61317472649387,0.0
105.47369995663058,9.809913321303725,25.097560307286038,35.29782487357524,0.0
656.780104724294,9.27877723608173,22.647439372695008,69.06425394710773,1.0
822.1031606002255,4.647706751299198,24.48599286453561,244.99723578279097,0.0
380.42000750756233,1.2869142734923422,21.970050855115772,17.990581974510825,1.0
775.6118509253274,1.3640317486956173,10.921151827034375,241.103885704676,0.0
964.4766539008116,13.848356204778428,9.78029989377701,37.479693356084844,1.0
203.7664591276891,10.339189818387556,5.482387341463251,72.74649172137961,0.0
523.3296311947413,1.906539206561106,33.962834996139684,152.8605392241221,0.0
287.13795808457553,5.3508475396335955,24.65917434164978,91.79334969649206,0.0
792.8544190338393,8.887244908523947,7.460440500162391,260.9034434822493,0.0
577.5933658811575,12.53357557635973,7.088375192849581,199.1609848285022,0.0
634.5824175503037,0.6549139306951279,34.92142406104547,180.34200714188563,0.0
797.914159615894,3.549496972050133,29.709234550532774,231.51264720890074,0.0
395.9704726624549,13.3462348544307,26.375963196214855,130.13897126039825,0.0
915.0900684070432,0.13748325275724727,16.274564301571992,271.1348428694477,0.0
533.02886724614,3.020986541908311,10.479022571140701,172.6580906416824,0.0
157.954822835348,14.38536263959449,39.17803052451295,51.08362462491405,0.0
695.8991181688025,9.201027697832567,31.88958300091201,210.2483685363511,0.0
793.2613504382545,3.925070499562597,12.071168925451058,248.78564171769247,0.0
316.76167706752665,1.004866415937714,33.90259185113979,94.51230117992942,0.0
857.179256998753,0.42287010670833236,30.35727794458726,240.90072523335166,0.0
906.1432547657664,3.671176194553909,11.883221995119936,280.03653501276966,0.0
276.90448737780895,13.222287293833658,17.062114169665588,25.752352293859445,1.0
983.5214727152221,6.2387048144626425,7.438137815641066,311.47168299477016,0.0
140.71152804875842,10.805000537489896,4.442097775124374,50.88922371616144,0.0
202.01566840248998,13.774275530699366,28.91048131358787,13.144952233111686,1.0
184.22483923802614,6.120606924042249,10.700474294154665,63.185568808971354,0.0
893.9897100078704,2.8691605655609558,32.80237462985014,251.38324077339422,0.0
654.2925523249619,7.756768962853792,39.82434846057704,190.26369179306047,0.0
152.10428322227287,13.621255305897817,3.064792557185947,56.03355562763421,0.0
440.323418368349,12.065616212065509,18.92140500334801,147.0848268797543,0.0
615.2980250698021,0.9874476504473068,32.082502372432124,177.94594385826173,0.0
83.4640849893833,10.388592001163728,31.55803586164934,6.492712240174585,1.0
882.4163684073387,8.578462836884306,30.39988633323874,260.9075822482061,0.0
803.6035354415352,13.611947645196382,13.959797412076437,88.40504801132192,1.0
505.2067735766382,1.8372212527544585,18.154130227402092,158.07426762808814,0.0
967.1266152591704,8.010541698069849,23.79873429365881,289.925408347371,0.0
417.7609792750997,13.191940402678386,38.95762334293029,28.202830664967035,1.0
984.1103190364978,6.150356801126145,13.101890837539717,304.3345696672226,0.0
667.9199988036271,7.229923765993006,36.92575550867431,195.67942574267406,0.0
634.6712732539414,1.0569101650043744,10.774276727219764,200.47159455151768,0.0
165.954895295785,4.172154606733662,39.562978618948186,50.28387793311024,0.0
881.9277583046439,4.86759973753421,26.810547473103668,258.54793902480213,0.0
427.48968792061515,14.176836731173305,18.540459214342036,144.94984105118394,0.0
162.23340578247937,4.240010408117386,24.535617122544195,52.32116034106388,0.0
12.60751997575904,6.91303102904478,10.901246761608272,4.42316298933183,0.0
559.7556836383826,10.069566353464197,10.966954300458664,187.96665694066564,0.0
527.3996221226763,2.4327505861181606,4.5421817537397535,31.307560750133767,1.0
719.3536223691585,7.296635807128117,4.5620119082159505,239.21887928068156,0.0
890.2580530178021,11.078085592138613,13.906869658756452,286.024975629645,0.0
79.40658464302952,13.002828195405991,30.514219115854864,26.589931455743795,0.0
731.4964903403624,9.3938891199364,24.3188467039265,227.36277216251406,0.0
187.41194409758222,10.035802729754218,4.1033824132408325,67.24711500534445,0.0
858.177053157164,1.8942520887685343,34.08946099903644,36.654903571668456,1.0
819.0635138616561,14.186647458695207,24.054705079602655,259.6401047405073,0.0
540.7937549855444,1.9886111622672353,38.43422307139119,21.420706823721055,1.0
710.2427986233115,11.620094057726975,26.807418696448302,59.21839356374603,1.0
314.3501131837484,3.9722448266747823,7.00699454816724,23.12190742409042,1.0
471.16789893281464,14.003897155518773,18.95133449231289,158.56539684060238,0.0
821.6368977104717,10.799393090542193,25.939903901888165,253.04847194271926,0.0
459.2651971732139,11.307205694675535,1.1305880419991077,40.90320817789979,1.0
357.7982653254418,3.2858875958982496,0.5964105661923158,123.01320660632886,0.0
494.2124472502999,6.645599649527412,5.176120023942716,167.61529453872973,0.0
828.2492524372184,9.267197918839296,10.06657740181883,269.2663412613024,0.0
335.20804737087275,11.549604273099014,17.181964940827022,113.73955520377922,0.0
173.7615931357438,1.5593906386858436,19.497618950391534,56.188353723177244,0.0
712.0140203307808,14.435479746817926,5.521104357515871,94.28447493900383,1.0
825.9782127080819,13.35331005831834,26.935663164633233,32.57299815808041,1.0
100.63747852353333,4.055228857433765,23.845522467861393,32.74736420709709,0.0
239.87411275594474,12.341403645484979,11.778563953646408,84.29362637476699,0.0
141.9719897609939,7.774858845597351,0.5463953374116803,51.220174394053714,0.0
347.9414115821666,6.9270972234302794,3.1059166141316297,25.24189751370174,1.0
450.35097890541266,4.716511587171081,15.667791020433576,145.7819679552905,0.0
748.8263369633065,8.714528799473888,6.158974046627357,248.68034204304857,0.0
651.1475848816741,10.948336765553966,15.072784245918832,214.04756227764892,0.0
620.9285674784312,6.163993574441374,25.127304180414207,191.1393613313164,0.0
352.3749466096544,9.43828789512438,21.88949711517134,11.743346734561406,1.0
841.44755308476,10.489693817329556,9.24703532549577,275.9884199749284,0.0
471.28716739816457,10.666827255229288,13.752899650350097,158.71970085569131,0.0
979.1049380151545,0.7794914719677037,24.561247937946025,278.51677484666453,0.0
634.1421382957368,12.896217085276003,34.43420112173795,195.52751945240192,0.0
126.26474156450274,6.873799721475719,30.12853754955509,40.63004952582934,0.0
676.177562075434,3.936241225443217,22.136001073336597,56.20187391575118,1.0
325.104015431699,3.6264676121952237,14.491719932659448,13.664989001959725,1.0
686.3271966860974,7.245211692659257,14.602051101672217,67.81342383099172,1.0
69.64114816240574,13.302473092034388,35.17669241057584,22.970461517318558,0.0
174.88143717595938,5.675213725239704,1.569743041621856,61.93805451652755,0.0
855.7372589057863,11.24588620175315,39.51930577681044,56.91644037417453,1.0
227.1795570235149,1.452280964808279,26.57501643406249,70.89107712715504,0.0
837.0411252429401,7.140850532265927,27.245507962895623,75.39441217309978,1.0
279.27608845441046,14.875292105891035,1.5199134921896862,102.74312308931611,0.0
642.8819100587076,11.556567041885055,24.221170995650887,204.75714550347888,0.0
694.150573509831,3.157927326609195,19.391122403617878,212.81768193781022,0.0
512.654753145053,7.52162210546866,4.23115627576268,174.98941548383738,0.0
305.31067669673126,3.5043714547284983,11.116880430774362,23.351463182586688,1.0
212.64437637109612,6.143413908937639,35.61257824854605,65.929476754609,0.0
33.18935456242622,11.701260356024472,21.99953663463812,4.2383183830812365,1.0
303.9464012407238,11.568372229356054,16.53666300695635,103.75903532528295,0.0
653.162790531283,3.4215056685357768,2.907286233632438,215.39121608224133,0.0
938.3048184484827,13.833349772322903,28.564861096092223,287.08946997610155,0.0
871.204482263052,8.888522741472402,28.1140329358413,261.0352958672487,0.0
766.0647765353026,5.698864364430218,24.56174427890254,82.50105566730458,1.0
788.4473432532986,7.52903371171291,20.41050584882597,244.46118890508248,0.0
664.9849034759952,9.076068801566155,17.351376088294906,213.912922561338,0.0
260.286857566003,8.398357977686782,23.73084371951969,85.31015034233508,0.0
907.1950307058298,7.296075533042673,9.335818069136268,289.5969103013563,0.0
670.7323119058341,7.573992061341002,37.65036256710591,196.25190121834208,0.0
560.4406309804399,2.6461786564182925,23.55178116720918,40.69642356779084,1.0
110.98946921348107,12.19099356457019,12.447697774175062,39.42475347700222,0.0
447.0555438064254,8.12640479911523,17.98719403540629,21.294499070167788,1.0
460.3582712019263,1.9661979255705464,32.22739155507569,136.65564083168186,0.0
864.5636095226699,11.49235652374167,6.464642429211898,287.54636906965334,0.0
546.6482201877885,13.986659675660263,11.713424898410416,187.4292266325711,0.0
380.40054897040966,14.209603488554432,27.180320909462218,125.4881485997422,0.0
976.8003285106594,5.535265986167591,12.619568259288956,301.7976318928164,0.0
110.72059332631568,2.0327531034113107,31.70006727445864,34.44242285897229,0.0
422.54842831194463,7.7759943994959775,5.218139487094433,145.3671516631526,0.0
42.02467517140529,1.6891384402383103,30.50744681818434,13.220116698881661,0.0
739.9041207669303,14.00981127768926,2.7340685940226495,256.73704575639863,0.0
918.0765521991507,2.75369441032719,0.5037045066997914,295.0589814938328,0.0
280.03732955048946,3.791487899267461,35.92894075328648,84.72170373824538,0.0
858.3416767991209,6.099547903274557,23.253568677291945,258.34903709227274,0.0
292.21823046189775,5.747467028386887,14.073075883472459,97.5425679177972,0.0
910.7701616439152,11.919943385968335,9.303785478554015,54.004579659224234,1.0
753.9619035967839,6.844752308264435,24.675431330432644,229.66074300015822,0.0
804.9067768414386,2.5615239000500534,20.36008734146953,241.43081688357432,0.0
18.006555600454497,4.008148432291112,39.66391102119941,2.0089841507564943,1.0
962.810357074026,7.63670077781283,39.32863946614983,268.9609666319074,0.0
726.6709920703232,2.2118087613920236,25.400982645664385,214.97053381059163,0.0
304.75109538613333,9.17483513469021,17.71482024423562,102.16423044984579,0.0
829.3946648588469,8.48620959826719,19.645638765386483,258.18919040262756,0.0
281.5211984149299,10.720534745733865,27.29916264947448,28.548947716696826,1.0
872.7538395661279,14.065569230690516,4.062981769415255,296.9907383483786,0.0
112.58039041193702,13.683818416517335,13.134082952428727,40.20676003471709,0.0
703.6859774607957,14.19113427103247,3.0108896401441543,245.14413775641864,0.0
540.6984766449103,3.670733955355514,2.9344303806767824,180.8792757095146,0.0
96.53447019544082,1.9734795995903194,7.83356967576935,33.02011635028643,0.0
241.893828258839,4.534150507446728,19.410130183729073,78.9957220937813,0.0
12.40403627731479,13.426277591494719,31.390972846511573,4.181669706605394,0.0
468.76796546450583,14.580802119352324,19.4198356466349,57.385443644398244,1.0
301.2652607600004,12.88987426605714,13.41906442243479,104.84138629668776,0.0
598.3574842977588,1.650265816913154,3.2941196134703254,46.82566439700589,1.0
297.2378077086172,14.211419970896898,22.011820927325182,100.97075106390783,0.0
299.9191115069847,6.35037041026179,10.85074345932707,101.60865574435068,0.0
743.1931987316034,0.13965436143530519,24.5973671166859,217.1944128531534,0.0
48.142835978353446,6.635906111222904,39.087509565296735,3.542068663930411,1.0
902.8949951919873,0.6910375451320139,4.452572859102006,31.853524582722848,1.0
852.2638743911815,8.158168817416763,8.485015948877596,276.1982084983666,0.0
667.8046832264065,5.07831041155577,18.923781523974988,21.481885231025334,1.0
593.2215701073843,7.101524003910732,38.74455261383718,173.96945707168607,0.0
892.3024981396522,9.197555411146755,30.872391050799823,264.01288369902045,0.0
185.33017952871444,13.032016437267304,35.92916772651321,14.396692868556721,1.0
78.96916219082861,9.92852364707893,13.348593939031716,27.713765448545022,0.0
239.5101699095381,6.51073302717271,39.68153895114378,24.988625507598133,1.0
794.5782787001903,12.291417805055476,4.113312642566296,38.17804604713397,1.0
34.67026672648332,13.583732063596983,2.1189162418440333,1.9606239742685811,1.0
582.8068350834897,1.7963994964829584,34.224105082161124,54.372587640676166,1.0
995.4375161913099,7.978994663291871,37.09059480827945,60.541720911670986,1.0
855.6960938375394,4.267679396136662,3.62341430184407,276.13077129491614,0.0
521.4456890435895,0.705917968154211,4.53709706983366,170.78616755514156,0.0
63.64090928664234,10.02820042670978,1.3269663102309526,23.363329845379386,0.0
831.3735143857099,12.941561661888384,4.180302505708964,59.08703471009662,1.0
598.9785081772105,2.443539817160911,8.376792672011234,193.45120655939573,0.0
114.93299705956683,12.186204864358508,38.80306475640004,36.929829659139116,0.0
93.8572848233562,12.800936003054124,26.71440888958722,31.796899058712704,0.0
909.6268194365924,13.715106639997252,31.142121020741683,276.1094164199269,0.0
669.2002629380785,3.9792763362907864,31.045576147660885,196.8817843010875,0.0
829.2867993167555,13.55929597784834,21.402949991168583,264.37120741894626,0.0
878.9789002822673,4.809941321046484,31.899559108520688,251.9600593636834,0.0
571.7723520483222,8.285070201832543,23.832301295598786,180.3632618035899,0.0
517.4463517550413,0.757612062484232,12.581843904134304,164.27882380085723,0.0
430.4274103209902,0.6582163255311541,22.44440435073603,132.57445101230448,0.0
316.94658779111927,10.805598190983044,21.34034344538054,34.09715211740278,1.0
434.59596085871175,6.667199669666866,32.93812215037283,132.96539134143393,0.0
773.8796557301564,3.8443856305382633,39.26908869526636,216.2218273040063,0.0
601.9234310151315,2.856202440373653,16.441702616837222,188.59746013827646,0.0
892.5232899548461,10.049302362888271,30.535627137654387,265.91496481345064,0.0
443.38001437918774,0.0060231603800980915,3.9905201615253416,146.2612707539921,0.0
607.0895787187541,12.088367537952813,31.073254777931542,189.4870210962622,0.0
631.3075530919887,1.1887440919489323,14.856676479729284,196.35156852861587,0.0
591.6971623063255,2.8723442236217918,1.5756065155874666,49.533591007896234,1.0
702.6337730855163,5.793545929486344,14.529847142487089,223.1173264127906,0.0
237.43346837480627,7.272881095741554,24.42571003686579,77.30396322537715,0.0
512.3637775457906,5.324926737209127,4.770006707258663,61.49169224472877,1.0
104.22480280834768,4.810682474764408,36.961379697210184,5.296390116158259,1.0
384.5113276448125,14.458740181097827,3.1068965309135432,138.8157867960442,0.0
487.66706862126443,9.623695218650914,37.20026879332665,148.31649484394146,0.0
652.2242595454725,0.3514943305108231,28.28550071742746,190.0738134600915,0.0
950.5310525862035,6.452638626664698,13.188487016568144,295.6222011341464,0.0
600.6510665483559,13.125130496159553,15.630013908363729,41.93577874596967,1.0
743.5939161765598,4.521842796160019,29.632374589309766,218.7642090323605,0.0
506.26605949520274,1.4183451716158235,24.058844035248296,154.15157828748664,0.0
634.1040313763314,11.375771573848766,26.865716858197807,199.80857024915463,0.0
70.93221613377342,9.090207479041219,15.566584660539199,24.59958854786366,0.0
254.39158084184697,8.554687617397558,19.51253927230396,84.88546238411313,0.0
361.8530932051387,0.8036483941111189,39.59469936151574,30.72295122986461,1.0
472.4933550065136,2.10748514693276,8.556914819988709,154.4815964298003,0.0
45.64874550238373,9.338240943196707,16.714247460885257,4.407793634061531,1.0
140.0240975533177,3.117357621882537,11.672927502958693,47.28152452162461,0.0
276.8143077913058,7.561051196226365,30.60446041759399,87.67092226103559,0.0
971.5326909010506,8.173225290440902,30.560505026628828,282.9766663282354,0.0
331.34700710305077,4.252607854064091,11.697818439895835,33.094775505525185,1.0
482.0410581120825,14.226377333122393,3.2556126653193163,171.91371715813722,0.0
196.09771273839294,12.636961602533628,0.4573070668881618,72.19287506472311,0.0
610.7800710757682,10.835602614491977,17.09802132969942,200.00905626709778,0.0
280.6832155159743,1.1699079961411363,16.413503773430836,90.50874564228265,0.0
206.9925784384268,1.5919502896352915,39.53559514559452,61.3738103145235,0.0
516.572628445979,7.391720187974336,18.792083027907186,166.4923125433782,0.0
5.505799160420821,2.410700237864785,10.256734783016825,1.8900775419460856,0.0
7.6640326492253275,14.67398195294211,35.649177641258696,2.5616937093825416,0.0
219.06880910185777,2.377803510411142,19.64271798614314,19.877085768888705,1.0
36.721362500821144,7.31201753195961,23.967025408423112,12.26314236841522,0.0
108.02575413069138,5.461815852622581,3.826748417128507,38.18065057312005,0.0
338.8606493387516,9.59079632181147,15.316656293190963,114.46602942050079,0.0
802.5856795798129,1.9355461333413737,37.76894697895147,47.17891114260779,1.0
572.0486433693009,6.454746420635863,23.58021536701702,34.15642664223063,1.0
512.6677259564165,4.120575492107155,13.780074205698467,165.3797228993334,0.0
293.48882320812163,13.31627287007532,25.026687225263725,98.1024878086213,0.0
931.7537194328164,0.6087856820204263,36.41644358312465,252.2969904153167,0.0
397.01504123719167,13.70591241009689,10.959624018903602,13.85786518152205,1.0
87.0927667957715,12.494912078295005,20.204668738826975,30.202368718066342,0.0
617.0665161178013,4.463560746612232,38.34762615647021,46.69161775245425,1.0
113.83839347660141,11.83935982015657,6.895845731938106,12.071734232079692,1.0
345.22314280169206,0.4682034050812134,28.78655702386846,104.5320448139877,0.0
507.4119387178089,14.502983254400904,24.579240328119294,24.54068120961926,1.0
874.2225246851758,7.89892413884684,27.187005245625393,261.2145630059456,0.0
493.5465803401187,4.549215390981679,14.048785226702787,159.81031350678072,0.0
702.2587660316642,5.438748188920156,12.555174939350596,224.30498643494425,0.0
992.8168389990703,0.9960803019074604,27.36838682353482,278.74005132952203,0.0
131.48911989798162,14.840242710630587,8.621731404181814,47.91572239066343,0.0
274.7315255195195,0.5893791772603868,16.786189794360205,11.071739588139124,1.0
394.5760755976464,9.823606847217885,7.52698584211672,136.55293981267744,0.0
421.82817853883137,6.641038915596875,0.3321936449331897,45.26599666189383,1.0
411.0210752655458,14.233743272830726,38.80229440152278,129.01073651013954,0.0
907.6110025565549,3.6899961046019274,17.268119146256762,274.2159109241502,0.0
714.0326444668565,7.9813023590701695,38.77398457679301,207.2655022184648,0.0
607.9052140907038,7.235343128741294,5.6129407907130435,203.86936274287686,0.0
309.3727178627821,10.54299666075152,23.49467117829944,102.18254857579583,0.0
823.7903842212947,1.0201534792863076,8.038961311649583,257.0516578036826,0.0
955.060511484989,2.9068369503503226,31.60296507853099,95.685012424923,1.0
821.1982825502265,3.2184723013927474,31.34811955043901,235.28961673845524,0.0
1.5651051914729042,11.072261322625344,4.504285961572472,0.5750715394572546,0.0
636.401370183407,2.837080444901101,36.48257811505557,20.943791654653072,1.0
51.13538144210072,8.60237645836465,7.785185888128985,18.23425962469661,0.0
257.60722033372184,3.2286573075143057,24.519093663574413,81.64151523910952,0.0
59.524700347771685,12.924374251259676,39.42534480350816,19.289848727410032,0.0
603.7954529493877,14.132781817344577,35.29586139065455,187.6418106542842,0.0
686.5899134926068,7.777394624133606,38.26255714244676,200.20376343808965,0.0
114.48763806590512,5.284633263137674,13.703950848724777,38.94973785049163,0.0
383.83888304497947,3.510866625262487,4.2230256887785345,17.292387507778916,1.0
456.23650895554204,0.7467150228456565,7.533874931578004,39.924182343092646,1.0
369.0530217609166,4.02750114296243,20.019795803064554,118.0732839198751,0.0
121.02500048519305,9.81353669917977,31.729187130932885,39.40347347060284,0.0
418.9477901874754,8.004253969638162,6.006145767355009,143.94740485978662,0.0
751.1780478084181,14.160619174213911,26.389261290430284,237.79660157869054,0.0
71.00766453325546,5.944158937375509,12.943104161580475,24.43508065444226,0.0
80.18001408190345,10.407950134925917,13.64808289568614,28.178047662827883,0.0
354.77129183598424,7.339841212126821,26.476709206317054,113.02271521781957,0.0
941.7257116189251,7.6886432388631745,18.679976781328808,106.1323184053931,1.0
668.5726467229141,4.016614719061763,32.48133172103976,195.53249857661748,0.0
678.6699566725648,6.824261652629995,6.236740386513082,65.78791731689736,1.0
361.919990837865,7.061774955190609,31.597930790681538,112.6351213513395,0.0
593.6607912085384,10.599637826234009,2.5694099222968347,205.5644795802328,0.0
10.131184027743378,14.109599987791707,7.7621552098242,3.7360345460530158,0.0
636.0960464095422,4.939819162237564,26.245988580126614,193.0319320877775,0.0
913.2869475762367,0.6330070287194767,34.19702626044285,250.58124413576644,0.0
612.5734683448192,7.444426882509595,10.107185109573962,202.04711721771253,0.0
873.6985934663451,8.166919982237529,13.087664233156517,62.795426969985954,1.0
723.9730554660938,2.526608266978729,21.484829931469598,218.3140316042352,0.0
120.55841640369025,11.406969094141001,8.462912259572093,43.212887619581025,0.0
902.4533072858417,14.773936626622374,32.44625046350023,274.50874401836995,0.0
66.44384435577489,14.186620755126913,30.94546580023043,22.396669930482542,0.0
533.9674725477638,2.956590582354783,5.8116684786312645,176.06689276233112,0.0
142.13712379345768,13.13044859851141,18.553189272665286,49.46433218668244,0.0
11.706610730904066,10.56740454617527,30.993110666184855,3.8885696822178604,0.0
422.034260127639,6.807698457103673,13.493181244136592,139.94377247051858,0.0
295.0407076541562,8.109164914870936,25.32427290870927,31.987771084112847,1.0
486.00049379760304,12.744002624736872,2.008524858302909,172.6444603841607,0.0
577.1998867345508,7.202024094575598,24.34755042117272,180.3741253973994,0.0
43.73907230894736,5.598110536576903,6.10611920002428,15.450956729189656,0.0
123.00329512374563,7.398712395389787,33.22333300457805,12.785924305782604,1.0
558.6423964504254,8.686947060525737,14.21797854321914,183.80902270725278,0.0
343.16735317265824,2.8361648066752325,11.262154509127829,113.19452435821891,0.0
729.1734875494479,13.51361595400486,33.6355590684594,223.77777616384236,0.0
652.2916485919396,10.112804232444207,2.0057609228724083,73.24656094369395,1.0
845.6043629899068,9.499033760062334,15.864351973373791,268.4460403249289,0.0
692.4928266692253,1.4924433927095722,14.800141623001256,29.37193506290711,1.0
429.9310773901481,9.062609072588877,11.392014969982034,145.4495859164696,0.0
672.9666223944324,1.8144099335773851,36.47017328005908,190.42258632869954,0.0
275.3811742554185,1.1804651279309857,30.03713574066889,84.05853988393255,0.0
306.3134987782127,7.9096634346359,2.556926567677551,107.86868131348973,0.0
788.9851599207933,6.041783010697425,28.587497977398165,234.10073029104757,0.0
446.4195164015822,8.832154052343348,21.091965325151758,145.0048760608542,0.0
798.3803405183525,1.3383325208585788,36.034715776063166,221.77996480970288,0.0
822.4223736682784,6.464745942708876,12.517824693934338,260.55038002504995,0.0
857.5623376612838,2.6218007256773697,22.966479984383316,252.72908293520965,0.0
916.6352358412073,14.80650128886175,20.030210989639443,292.94838939606166,0.0
430.9852205132962,8.417253186527615,19.58243624910423,140.73640295448274,0.0
318.86681832113885,10.31155291411301,18.244215980688505,107.2033748550527,0.0
582.1987465941139,4.881274210239117,8.22517902129125,34.84689689090298,1.0
371.1724234376276,1.4210837216901622,30.22839689969571,33.702549077848865,1.0
601.074166800233,14.638062941753049,18.053441309571546,200.70793764687878,0.0
705.5858626438246,4.293885530747748,38.34065100010423,200.43840770482208,0.0
688.4050184921368,6.357122777603613,10.432337087711051,223.33065680628533,0.0
374.5528870201214,9.747958825538625,27.309753585081644,120.37259533717486,0.0
166.86020169875283,0.3704594652916693,37.62868318556434,7.366423044717093,1.0
430.52933846220753,12.153886957759305,26.5383329206437,139.85059736332056,0.0
142.59414408190872,8.048672850429304,34.85091630469579,45.25491298297138,0.0
890.0970351838083,4.173257806032332,33.09923839028024,252.31216045636762,0.0
345.8774607378574,0.9241197793870387,14.404708619560154,111.39142327242573,0.0
154.45974722332377,2.4374762321166217,24.00495759757986,49.43057195831021,0.0
25.44775990575088,13.425507882801554,6.250453592454224,1.6518516298095676,1.0
645.8223862864843,10.290363359038365,21.42103530782398,206.36543485584374,0.0
636.9023174547432,3.7485258245533477,9.216878872573488,205.68283661322428,0.0
340.6041665812917,0.984011474175443,29.749472598097825,32.931243158980465,1.0
71.71188884765101,10.359229685799544,21.122336875684983,24.5325936646046,0.0
409.628894895232,8.586115889516478,16.44909450526642,135.87421246831894,0.0
311.2174950633936,6.067792866873526,10.751883846679103,105.17190637099401,0.0
677.1206397350094,5.454171737850958,39.94793927365147,193.20771749368362,0.0
605.7792494526904,3.2522141389366244,2.8684208353973073,200.7011770456335,0.0
364.59372819754,10.044168848062764,1.7424272228968007,129.4504973673298,0.0
217.8925542549901,14.560020416908058,8.690296019754582,18.61317299098194,1.0
988.0359661555918,2.6357286875523878,38.842898345112786,266.17798412297617,0.0
454.00162119611485,8.95674930023255,39.169526732799376,47.341069064466005,1.0
688.2742357802371,6.362775836189643,26.197109390885437,209.41053273456356,0.0
140.55296757836078,6.700330826169973,35.20426668825619,44.19068787303002,0.0
485.5896996593978,3.812209201917216,8.558469233631815,160.10764350882366,0.0
27.536719869465486,12.377023134921286,38.88168376706494,8.947724454716731,0.0
505.4551179104499,7.278834062208617,5.711394005582586,30.11658775503121,1.0
964.0174071177023,8.151087782973962,4.045007527266331,313.7435241177345,0.0
384.2067129858002,4.5714136919598864,4.488461569890916,130.7372247018149,0.0
38.99601257491159,2.7271269850042463,22.925116930902586,12.728083529447067,0.0
30.955790919343528,1.2886558230423073,31.238976028722092,9.698437763755955,0.0
387.9867599468695,10.711787113873738,14.666687114985324,131.4866101235176,0.0
160.02493646319405,2.943514225317834,39.11583951144506,5.2323045953491265,1.0
23.35209632818591,10.351130312831966,17.37680552473318,1.0409528523555704,1.0
756.2136139501769,5.855646690704308,6.017942030928651,246.90470766826132,0.0
458.5230088818907,6.236622014844772,18.63866992744547,147.87804156526934,0.0
289.2447719726545,7.037662441391576,27.161486616897594,92.45379679776383,0.0
900.0831830164807,5.515627621913148,33.28903122017515,256.8989075945823,0.0
116.13896020052562,1.5092996583388514,18.350731598263717,37.971538131885076,0.0
955.9188289553192,4.644477150042687,23.7442730419667,79.29297856615203,1.0
313.96671737735284,9.956015410409076,10.693788486354133,108.43505515213964,0.0
888.4036723086813,9.986766022033065,25.83666105622056,45.02169392214597,1.0
602.9428764794616,4.293364608599916,39.438877758013746,172.8085474210816,0.0
826.7073597414875,6.901539398365319,1.9621429035117544,85.8047493236092,1.0
984.0131632104643,2.9017084201790624,35.46122682820671,270.0080994061678,0.0
288.4054378187457,3.1555812229475366,22.491300110700912,26.299711114445092,1.0
961.135485407593,0.3457063260991111,10.083946382491998,35.83374349478518,1.0
389.4818949024204,13.45119824861617,38.19558840037032,122.2894641039895,0.0
385.5119047369223,3.160599976123593,19.33417212235596,122.79207781861928,0.0
340.3871042545057,3.41300815404695,13.267610066935426,39.68253068515969,1.0
541.4076073475852,4.194021489676977,7.259905130833646,178.64815480979365,0.0
154.1450431784871,1.911121075431435,9.778088410266484,51.982984889373405,0.0
553.7114853580111,9.588943247720442,33.3139616636577,55.80196319053019,1.0
541.704812410004,1.1271442976637984,24.576400372686635,163.54331543167294,0.0
761.90181260487,2.013036394895254,36.529824779532646,213.21808858665324,0.0
833.6499619375855,9.671350898851394,9.278738086311433,272.33681161250087,0.0
440.44135031242405,5.094909307221641,4.845542953956059,149.1629433149651,0.0
302.33324935149375,10.619217400517837,0.2435012390236002,108.98134655276215,0.0
259.3348973170945,8.36137117005213,20.31448150463975,86.12326159215944,0.0
194.62383670487193,3.840317595922696,39.93227721527953,58.5402303698603,0.0
57.64758219902488,9.762419257339921,27.79861075274556,19.193644664628117,0.0
342.44797883471335,1.7441052043932097,12.335783678605843,111.77806002995878,0.0
270.24769213078326,8.046155746200457,35.07434332104687,84.3648295408545,0.0
966.4173858664074,6.55722157567552,31.26889063951839,32.75880613241528,1.0
557.7088262500439,4.018103742261612,0.6166066430615702,188.23201803271377,0.0
347.2770390305075,9.060074966092502,32.674419221640896,109.12717303084963,0.0
580.467600993696,13.070003885104239,12.02107028953984,197.02085128584508,0.0
139.19670134569552,14.98357049644615,5.986938583344044,51.19098175919208,0.0
444.0437492022029,9.116441531151368,9.053233589482982,151.3585945910716,0.0
626.2343214210638,6.070588114937553,18.74319217500556,64.18816600958863,1.0
488.89783179245137,3.378106503243024,16.99471708272044,155.44949008488246,0.0
401.77880065432424,3.8564413409266765,11.555491974969069,132.2595672303815,0.0
993.8483888996982,7.191824672246485,6.888732888281308,46.06341671389019,1.0
880.314762148927,5.509165519210638,30.48923158568677,255.06882064166706,0.0
623.4059581594402,13.707217839374163,39.604391349396685,55.823825260747306,1.0
569.3773611822828,5.524432014835643,31.11166321678762,171.33697282804664,0.0
620.6604798245841,5.601668867181532,11.83747870686165,200.95116228038285,0.0
201.31210782243326,5.753017686509654,9.792358456485335,69.00600391971895,0.0
395.1377432643186,12.549303155514872,8.70663504263753,138.21004695496723,0.0
39.45953289089932,9.761824812703528,5.467802979561451,14.293374108561176,0.0
475.54603748682666,9.21253275478339,22.053221987692048,48.99059845798453,1.0
543.0245839576631,5.012145335757933,24.216014878133766,168.21526454285103,0.0
227.74973610320959,12.268562652486592,28.22010642652549,75.31417629156967,0.0
964.0288471655138,0.575457920335517,27.20853483734672,47.754785512005654,1.0
909.454610937242,13.061957585071697,11.693332451335298,297.5630317342944,0.0
722.1432354559058,7.691248496908944,13.212440215873862,232.62037050950826,0.0
533.3866287653626,5.973753522951192,27.260581417693516,25.889035006752056,1.0
869.9691596476849,7.457509210765285,13.977905631345134,274.0575826649164,0.0
130.6523438234629,10.011232958007467,8.50492758477252,46.42315693548234,0.0
790.5097942748849,0.1914813977684604,14.973446147869582,239.40277430637494,0.0
124.8208139668483,13.073277846873715,10.883366303119107,10.268932657874958,1.0
794.2106625494055,6.701092879670893,3.532508848743112,62.85847364881703,1.0
275.767568251357,5.144497795501173,33.20555609106614,85.1528470180961,0.0
877.0905810181889,2.0736834845108563,34.124455566281455,244.37663613380383,0.0
944.0420938253978,6.591980615376632,8.790012006675179,299.40688766581764,0.0
148.79596940511564,7.444841569265683,2.59088798100807,53.159442316628464,0.0
462.67560506539354,6.054700417402167,29.55309749404718,142.5181131921362,0.0
980.9873781626851,10.179901407403456,8.461145034536548,316.903292947231,0.0
483.4074359731466,6.31344793138839,15.737419577474409,157.30806820634177,0.0
863.5475225145451,14.4212636676986,2.5654100894953302,296.40826268532146,0.0
588.7315221313198,8.989162767353879,9.050783390337408,197.26444565474893,0.0
375.32990791960185,12.112169034778635,31.71609113318543,120.19793901149365,0.0
285.7835555258702,1.6403385466421827,32.17585787660808,86.58963476282912,0.0
203.22309108608727,5.9593693941885855,8.283392995508416,70.11917667935316,0.0
761.7981913776972,5.052715521707291,13.436553804267582,240.1564032381576,0.0
386.5405068230279,8.542235822048877,5.369536763749743,134.00776865011557,0.0
511.2754622007512,12.916702800921383,2.9669052113968952,180.6691303890717,0.0
492.3254800011819,1.1750732664301,39.68686857793638,140.09202789772095,0.0
577.2790292331313,1.088621970670662,26.223758049793567,51.50674447645199,1.0
865.5771456245523,12.754765622363983,21.683860367932752,273.08582100902765,0.0
980.7393435834294,3.1927512905753614,30.61994001621198,275.85860482460384,0.0
407.58420857381697,10.031298816747206,33.60308638750897,13.666938367973335,1.0
827.5189221063031,8.143171985412078,32.2685907217891,243.7493126781073,0.0
764.5277946547177,12.493403923308442,0.6615779715950643,264.36044562210543,0.0
573.5289514555733,1.876333647546053,7.472315927619939,185.831687540256,0.0
956.047143611933,1.9467444858391691,26.196212084713242,272.94609381059365,0.0
200.47451552840278,8.352275404174613,15.030373912158517,68.38171065419156,0.0
109.26421030962142,14.195679800375563,39.29930604244428,13.719601803313665,1.0
853.9619669554221,6.224966375561314,26.616191705530163,72.8938975819361,1.0
439.1498166337483,4.904131503820424,38.26195634916826,129.80270629374363,0.0
846.9688542070604,9.100339847968288,8.057859265831752,276.64966207767884,0.0
893.0902051954149,13.956729008175467,34.558281124600924,268.1661024897806,0.0
62.45759361907144,12.553917492669356,12.854092232609013,22.313094735160938,0.0
883.4647629860607,14.932254160998298,39.58259232951227,261.575507484225,0.0
448.3190553694222,0.33852874803565636,6.307546882925892,146.76211307125968,0.0
510.4324890042322,1.6928721706914334,20.65359275353306,157.83241648466506,0.0
626.5925110932102,9.14201645049933,31.713781353484876,39.7949905568643,1.0
926.3826067300868,12.308646590007745,17.305699224161437,294.50464030810065,0.0
19.11609442976403,4.278665134601498,18.723362407505867,6.413737859190624,0.0
476.8434683178171,3.5881663205132814,39.454231820229644,28.931369633902364,1.0
687.7220424305607,11.804636990718013,17.01232601204613,224.5279045627793,0.0
722.7069576982285,0.8457278077984737,24.162884023962544,213.15761743385488,0.0
692.532431537108,5.540739713738777,2.181586427006028,230.78819478730946,0.0
134.43512940812187,7.587138338884946,33.6884032084104,16.866526261396285,1.0
299.39558837168124,8.405230115254852,25.92672195918174,33.85669762518427,1.0
358.71552541701345,10.929227351891653,16.16080411451254,121.43367501213122,0.0
804.437207679505,5.322685851459873,0.6467815981807901,265.8675329428791,0.0
278.759872414553,9.190265170119108,23.666752823740154,91.61373138143955,0.0
210.70496386720316,8.780631341864344,0.5063131393664877,75.87900010524791,0.0
957.4480190380962,8.214241509806207,0.04814455636071635,316.86140408673134,0.0
8.8632851134689,9.607249397133183,24.643942485974186,3.0007655280451067,0.0
997.8208556819782,3.8917375660211446,7.56068269338217,310.79938559897784,0.0
676.8212988573956,1.2697313037694347,7.675501988723812,215.65103824397897,0.0
828.4692994491171,1.7890750805961515,26.130862633309746,70.90920615375715,1.0
294.6193963461932,3.368735739808516,2.147887517574971,101.46847916214037,0.0
14.315277667059977,7.502969032841778,12.536222458982254,5.007621971652228,0.0
737.8695185615301,12.606641258190303,5.977276085680763,251.03770810610135,0.0
834.1445970006757,10.519400131325762,23.207054791861353,258.96942044408814,0.0
740.4761319535191,11.835609063030708,26.470606189095832,231.33045270211372,0.0
142.8502873008386,5.264634358891371,28.84543414396174,45.66930702277446,0.0
753.427922256969,6.069806124728252,10.209248676742618,242.34352474474875,0.0
768.922782107641,5.905228289859192,3.56999006546336,253.16153329852528,0.0
658.5405156700549,2.8780977660675227,3.147346277675913,216.13918006492818,0.0
766.1159327955862,0.9182498721535803,17.046061938028952,28.318652769020904,1.0
845.9214396777321,8.863741392408402,37.8337763625086,243.71653657415695,0.0
613.6041142374585,14.838250251308791,8.709161369880984,72.87370887303987,1.0
88.60471396967907,2.5024455742539424,10.269664053661973,30.148383420147283,0.0
487.62780966721084,0.7002722984891063,4.035552084234357,160.6509851937906,0.0
77.64933467160506,11.692975227358994,24.22281095575721,26.436770463944285,0.0
407.54303103243086,3.788790100270863,27.194914957886994,125.85553702545165,0.0
407.10648912562766,12.444657080293926,25.7172483264304,133.26336768928388,0.0
66.00984414024158,10.559050005517731,34.44520972179125,21.496021882176453,0.0
348.8205339694793,14.185103055762069,19.45703340104287,118.92536825230721,0.0
110.99809879131483,6.13390853635008,5.378281630682578,39.14132361257598,0.0
808.2352100092222,9.929547591759512,11.576205228176505,262.84694582087036,0.0
947.6880259644707,6.97282171219906,26.497198936854073,84.55825582898956,1.0
72.3164752579386,9.458830459628153,24.524878949662394,24.297768492426318,0.0
955.1152072917014,6.74398359011606,21.240125189718498,287.5705415458694,0.0
522.5765993367452,2.8294836963611223,27.31857674754749,158.02606050407132,0.0
299.5656779538739,7.6184612400507135,25.495634014931973,33.71195669056909,1.0
76.86207527616351,7.928763021561635,35.25299557859807,24.530368912531127,0.0
500.6242680704178,12.159057723902416,23.440655099131863,163.26227487234766,0.0
794.5155444907487,11.032810586903718,31.14405434802226,240.58662424312354,0.0
707.0864772666981,9.956874359121661,9.948286238658714,234.20915303650924,0.0
50.22601146397376,1.7008064332885882,27.12730338356272,16.002706457805342,0.0
72.90183536790352,10.809244359955725,36.087764735307026,23.602842552083985,0.0
402.8732826326371,7.504577345317721,15.42929311599333,15.999637262849237,1.0
295.2904940479433,13.411493041592388,31.164167493545865,96.41848163894862,0.0
232.38432305604783,13.798064011958141,28.991572047817414,77.25837879684903,0.0
281.0044989087136,0.8273488590267819,2.381047874872899,32.840731859491214,1.0
803.4827432968847,12.309623405317181,23.260332384962894,91.07364344598473,1.0
929.2280536318539,0.5654608563400593,5.207573968032095,95.21803051346555,1.0
405.1026945275664,5.50754438542534,38.69276688922365,120.51472983330994,0.0
906.1110021324971,8.134499634316187,32.45630010802625,263.9315711330794,0.0
321.495701247882,2.2215119794069116,4.3889520498848045,108.76264176127421,0.0
476.4369863437916,11.194707188536151,4.8700799059071365,166.25981161739423,0.0
226.02899781599973,0.12532056258207858,23.778954196504756,70.77511308721854,0.0
640.476042175844,2.5289857265105526,13.795566966927332,201.4957143078691,0.0
978.9811151748089,8.711952447802135,1.3962343629243712,322.4243894622629,0.0
603.4930960433786,10.715813430559386,21.665660313322125,194.1245268713021,0.0
357.81408411354886,13.749646540408742,15.513803987433876,28.05612887287369,1.0
647.8174459905284,10.582449779019358,4.043059694869706,221.72653199902447,0.0
122.92067846538757,10.076689053822989,32.07681569023931,40.019133462102324,0.0
888.6590802653986,5.915117195259965,36.60307061115224,250.94007179551613,0.0
503.08395077983636,0.019266382902021206,30.2637573605652,147.89710196753077,0.0
449.3497420396421,1.8023888810343291,32.89689240065109,20.810238617392663,1.0
585.8647884535192,8.018318171340587,8.659622690644696,195.5696610781357,0.0
624.7838627894024,10.126948287666295,10.542918036744041,208.65101025166115,0.0
71.77580622651303,6.261724258446938,8.34110161196751,25.16385905794315,0.0
682.6172212234025,10.960185172925852,30.60253725462256,210.01388223005654,0.0
241.93168031552958,7.827934429982681,37.91668315737988,74.80675209647816,0.0
713.9526325065898,1.112642933914683,28.673488269356106,207.05942040310822,0.0
822.5347943841967,2.8802437645192325,35.25867059518224,230.97898434194428,0.0
803.9585075525202,12.599973348659145,25.5479637953269,89.02259344655872,1.0
552.5009674078891,10.873691199366592,15.506396022351963,49.93098595280923,1.0
520.1698923107512,13.421429805187424,17.03046459721221,38.851416966312236,1.0
142.87596133941173,1.7633587368140486,3.0128572866961933,49.44119121833736,0.0
775.3461504031355,14.85333801922611,1.2582878098410433,270.70009708008865,0.0
271.40938044671435,3.141100709249004,27.819024167563096,23.849186139819498,1.0
496.69542281794656,0.17669814429963016,17.537155680447224,154.38217442176455,0.0
284.27409292751673,14.961344085803313,22.08860272218518,97.08990596267658,0.0
133.82836299969313,4.216108281676697,22.306449904896652,43.68206788078421,0.0
629.5576968917366,10.020291787688398,11.095032533332056,209.55602487705056,0.0
54.33203482290383,2.650234712644578,19.035700433179628,17.96414861349014,0.0
748.6452341262,8.703427982987126,18.83040886670809,236.46684512337404,0.0
317.58679526111666,13.560524796818388,15.53708884911428,109.87023191580614,0.0
0.13469300448532007,4.802717511426579,32.82701533604282,0.012378578814657227,1.0
511.1291392372298,10.053809640665389,18.046560147503836,167.94495133191978,0.0
46.85190852760313,2.8185538319762475,24.145780980239515,15.213091613146355,0.0
276.16955782089946,9.37193098078088,35.820804815233046,86.5898072146705,0.0
706.9764874557162,5.046755277262652,34.6493449143569,205.15800992527784,0.0
62.68962162186587,3.168123878819275,35.616888151166606,4.569452004398649,1.0
839.3384923560023,4.697730760554527,10.800199858600559,264.36207125761706,0.0
3.819922658583108,2.6826160276169904,1.3992995323225133,0.23364679682049344,1.0
246.82386920190226,13.528741617568242,10.442671995813168,87.65469078873309,0.0
740.9040561520715,5.957803294756933,11.148293824828347,69.76104086238136,1.0
316.2701497293068,3.67918957461551,36.37441306899872,94.99490897419108,0.0
101.89238806601352,6.726117615238993,25.969709313518827,33.3962746058107,0.0
360.2339188004279,4.808042502097433,3.2681583840891504,123.63776239227101,0.0
270.39328638452554,11.166288807199889,5.4151438404440455,96.29375184355008,0.0
842.7119021605549,14.568298678282416,6.227045021679016,286.2189896619904,0.0
313.34791758514314,6.570504850464703,25.216869926756928,100.36697235361994,0.0
788.9324717760072,12.915500999583605,29.416561020280124,48.716442920562116,1.0
891.8721448107348,8.487946103394293,34.38575642261584,258.67431405453243,0.0
433.8174195765295,2.358534976413502,37.62546203224972,25.04501644662525,1.0
909.943143854392,10.359341131220123,8.068182295457671,297.2063984655541,0.0
377.3180539631928,7.701517456887302,12.390899388961962,126.94396127907645,0.0
964.0784164901082,9.759097848781552,9.612915229793227,309.86668550216046,0.0
89.28952452557293,13.345311188574975,14.35046269864551,9.42985659129773,1.0
687.0192665032428,6.6065185598406915,36.58660429694998,200.24696366942712,0.0
493.8140404569287,13.517664348260334,23.00450267757446,51.68208848128607,1.0
387.64880545564705,11.260035214224823,29.527675892979964,124.41128207570716,0.0
632.711878748601,7.329073888169772,19.60476944507128,200.36819797306924,0.0
703.8570916343311,9.048332034869455,1.1543165334449812,77.93279257684479,1.0
4.363269650309087,4.883716987785172,2.567819439912573,1.5617118498743916,0.0
166.9530887471987,14.753959496081613,21.51692125071543,11.736737745301548,1.0
713.0460506343187,10.01026744575594,28.751561392801026,218.93133954042767,0.0
666.3854135782065,0.6577027874494484,8.61322110114926,211.0100525586202,0.0
966.0475051286772,4.899328586220132,28.87638295969216,277.59251067694146,0.0
761.037790250783,9.349716506385862,32.4266309393405,53.482023344936785,1.0
950.7727077313381,0.844999166988597,16.47589913448445,281.4511364604865,0.0
702.5405015348069,0.3582628697871415,29.856769313764197,51.53931838189072,1.0
298.05220863944317,6.750363592917038,16.161198013138396,99.20046618689075,0.0
105.36492225085648,4.99035269539005,27.1340251782008,34.012209083052724,0.0
781.8238633449356,6.574479120497489,30.55988197278172,69.75050662304591,1.0
644.149221475916,3.9403996482000774,39.67706473232443,182.96646017382122,0.0
48.18601239329623,2.470766204144714,13.815866482543843,16.24876761253665,0.0
360.05046590097834,10.337150354705065,16.44163122298446,121.32840281964303,0.0
956.7998154842861,7.718566744017007,6.624802376406853,307.705661202186,0.0
500.4011457102012,3.0023131687405025,8.162922336072276,63.41771527057075,1.0
432.72913601970464,4.793841393899974,27.73580010393511,52.011706132454215,1.0
457.699605159294,8.87711861494989,36.681823606179044,139.37670132271077,0.0
208.8827240051637,1.0834402240871677,15.784198066449623,68.06555002801228,0.0
368.7071708647952,2.2117951389926933,7.1937778734216495,122.73533728923104,0.0
369.8132559871766,1.0986840616108517,11.403979975319762,120.30452351572633,0.0
52.3550201874724,12.184759990711783,18.202068192325545,18.328741750613595,0.0
767.5676285179183,11.286138498180138,11.626013174614735,252.77037618389912,0.0
416.504431903879,11.299693978188856,9.34316332487465,144.00323906367657,0.0
822.1798868164233,10.744880152140421,29.43937955028318,249.4296917252725,0.0
850.3480011198953,10.040781355048038,0.3137968496249277,287.6074875216607,0.0
211.99405469865806,7.154878730672625,21.569221093459326,25.186450346732673,1.0
657.3534821701286,9.634172452606725,31.750672281190155,200.2393213570425,0.0
472.2818041629817,0.5754233218196197,10.649131452698729,19.698410355193566,1.0
880.156737921485,9.32196633985177,24.131660424480692,268.6340737745376,0.0
215.7406791764541,11.668165583053158,26.75600422474471,71.59802109687254,0.0
677.8132003100442,7.505375405765853,26.2009878562036,77.17476398306505,1.0
607.7521222527225,5.362699926408554,17.833985367948706,57.589183600764905,1.0
295.3014775718328,4.161401022014687,13.863119515031169,97.71688906480894,0.0
136.60090365117262,9.642030752431237,33.43696292111254,44.04940815112959,0.0
651.6397604772766,10.392017979448632,30.33783827999457,200.76843430212577,0.0
738.5974581323306,13.064513997938139,12.8502069365565,76.71885320973301,1.0
315.62734376335,5.135011236914861,4.120767777688243,108.72243056435745,0.0
644.8326040223138,11.546584610783784,2.8723018178187676,222.9388300317591,0.0
395.1309076115033,8.420337362840069,3.771039115957442,137.57157859456132,0.0
713.2068832826177,13.242547360171187,23.314774447681714,228.36573110759122,0.0
199.2152748940531,7.917181624434312,2.0664870331595875,71.10113063872265,0.0
890.2150026361744,7.764447425969508,13.477074998561536,280.838643482479,0.0
287.40959646557974,8.668156221613636,30.127988076569174,91.69587810693702,0.0
367.7859877561529,11.239730327136517,11.773926660615125,126.66059313065497,0.0
58.091952080349785,14.470357182426914,30.532323087205192,19.662440025034208,0.0
111.5122123212764,1.1034503132364848,29.818681528282212,34.754859924670114,0.0
515.8619027123282,0.8015190358652574,9.833085305328652,165.66568162944475,0.0
267.5926767279715,14.063255061110077,29.152887203709817,88.68294125800394,0.0
835.4802257421944,7.948134382773092,29.91106553088403,248.04723933632886,0.0
14.693388654953843,9.223545218504041,15.898157026681075,1.9732711926874174,1.0
379.0940486719362,7.236354023920933,8.416819349660729,51.29911682114385,1.0
337.34554676909266,1.4048617891121173,20.850832275674765,106.2821314709744,0.0
19.327630917601034,11.521340676279998,36.85590352000786,6.304735760467041,0.0
124.36839900051022,11.208369676328804,25.584669297282478,5.4817106466387635,1.0
413.6426749186353,4.675549822392179,6.916899905090448,139.08302483353322,0.0
492.86458444744665,4.593588678426006,27.310276989340796,151.2781481064288,0.0
404.2897472548691,12.567620713582778,17.088121091273383,136.94600019047613,0.0
530.9376784120939,1.0853588661198992,23.66115189421492,161.09159274529185,0.0
595.1316749056815,13.216577225348487,29.362561400924317,29.85312161472056,1.0
9.92382112783563,3.8499253484387164,20.597894060577794,3.3011142180919517,0.0
464.09515945350387,8.894771216332408,32.559358982932345,143.67491691379183,0.0
963.4992408875884,14.039912685026666,28.88622317266511,293.85175212878414,0.0
519.0322801295487,10.171837523049696,24.60293360074043,52.787807720698666,1.0
677.5422674589532,6.216447187005548,6.03171263329406,223.72267027855426,0.0
311.8638579168832,10.343013133581227,33.437964436462735,98.88654634027709,0.0
773.9913781527625,5.159694544745553,37.43622341279264,220.020190558164,0.0
772.9214818761151,4.158876245237792,5.478604952371793,249.87951965283378,0.0
521.296047654139,14.950249169020196,19.529645177337223,174.9932260963098,0.0
976.0138232792136,11.261853467696815,10.355549678820179,315.1438582540326,0.0
125.55021476265338,9.670799660727264,30.180932297022586,41.0693853398903,0.0
16.94766488958099,5.329344648289782,28.865185440188,5.501790176298258,0.0
770.158211757096,0.7374124373257224,5.635404822815948,243.85399189032304,0.0
807.1555373648825,0.4658531405273342,35.081090850465486,223.57874957643315,0.0
120.20722912057624,8.312718831731981,7.238922559120091,42.56281240749339,0.0
265.58283295860605,11.430490815585767,31.8903610259243,85.76426573155238,0.0
17.55236336662891,8.060687856657825,18.279214385120195,6.027571369540778,0.0
293.3086107805647,12.611776079086718,13.13089174232605,102.1136382675349,0.0
773.1418739186715,0.5013979963983245,6.32957050696854,243.67281444909332,0.0
517.9605277125789,5.501281146389101,6.704570245865176,173.04591213925693,0.0
348.0955931682881,3.556055867612671,26.475622188036013,108.45682626125337,0.0
371.7392949063303,6.70909452235683,22.01721551788482,119.85790710566303,0.0
1.3536257154681541,1.0856458979118373,4.883416866049308,0.14788772675269443,1.0
299.8005275652359,14.311974623566089,4.507914417533008,17.855327166705223,1.0
646.4587416379305,3.348831016040414,2.8924229909116583,213.26896167823355,0.0
974.1944438163571,13.834616632253772,29.750693894941765,295.251554444405,0.0
847.0608269838995,6.388397325550227,28.475283409171567,250.12878163405134,0.0
23.594964645529124,14.78286199882827,2.337239634183006,8.883159269911364,0.0
898.5606046748393,8.310875751903161,22.41080302387892,273.85101449279796,0.0
783.198413298626,13.962492962637112,3.387046209707596,269.7317699880338,0.0
780.3761235709804,0.08023483041334267,36.149830824357664,44.18807356934937,1.0
457.9957590035715,11.223582092713501,36.2846967672053,141.75785283948883,0.0
398.0052929545028,13.545759796537732,27.929319592525204,130.1377514030334,0.0
302.91572883319265,2.095808504684311,37.047556857578,21.937254041212647,1.0
65.69485895436577,1.4418877759822724,32.458121216547624,20.411349764507566,0.0
228.2353634936991,6.368589107789334,33.14154303708197,71.44731811765917,0.0
246.60363497802462,14.005183591994028,22.78831402279733,83.90721502190527,0.0
484.0770697102016,8.135798402856581,12.242367928647035,38.581235555364174,1.0
747.444406596694,7.9118469558259825,8.711964604656863,88.47608375596778,1.0
473.8098283979466,2.116891774489828,13.088000881557168,152.14862457048304,0.0
57.844449447160606,0.011842666398281798,25.139817203562483,18.37270124985367,0.0
957.7898009882039,12.152101361181918,6.906261433295957,315.7956448488304,0.0
942.7243190941123,1.3136184447935735,10.345609465492863,287.6055372012071,0.0
785.1895431484083,9.507747281029859,18.722434511818577,54.071149719895494,1.0
991.3279015642206,13.719246817727871,9.322003940984622,325.4943850376564,0.0
544.482332800263,3.129778697376465,23.545746788642465,167.13565679176145,0.0
962.7683502532061,9.979092543553662,36.927041138253195,276.2403259565016,0.0
75.60504061675077,1.180478650612642,29.92357462812506,23.668997931441975,0.0
365.6807482613713,9.056327157564194,26.65706456595652,117.46578547544748,0.0
225.38126800676582,2.458975814298041,23.30885903935115,71.72336338850208,0.0
195.83308413427002,11.03930340772767,19.517916370282595,66.7188706848701,0.0
140.80294889267608,4.518469421908623,7.4625543853863885,48.6779109092794,0.0
622.4136415659966,6.950865132069693,35.78841821707462,35.58707453073583,1.0
781.3218557473051,8.991458130414326,9.941440080513452,255.12955491640756,0.0
578.2983994203606,2.569101159993594,3.65235510312643,190.8679656964375,0.0
146.96270958820966,11.124567279264314,30.00060716914781,48.39702822801729,0.0
811.123769933471,4.539605109552218,7.024621373246656,29.337926939457482,1.0
635.9547071637285,9.935577898691303,14.87583998164704,208.3480302379115,0.0
388.16570612699553,2.374245760490605,1.131397131639189,132.05583658141276,0.0
674.1302955360629,10.321764888095254,5.482717701617923,228.47172752485983,0.0
259.90497924283284,1.922821092156926,6.928145230396483,16.018622957036058,1.0
345.1922084942105,6.380347444049754,2.176405110007118,120.19906401665412,0.0
917.4858431319902,3.7080911060831525,26.266278264913808,266.31608559789726,0.0
290.50450567142036,11.225628741422739,33.48031183212469,92.82869142941335,0.0
469.9882681579366,3.9305250676031185,14.932616254637638,28.682096891975362,1.0
890.1411373960146,13.225759595930944,34.983059068728025,265.6481337533526,0.0
707.7213502675274,13.377303171099193,8.533862982405061,240.33125580379155,0.0
62.203226164702755,2.946619728341788,13.01561694244958,21.062567002451384,0.0
147.30304427897033,9.207689175115863,6.0294797212467355,10.213084878561169,1.0
7.841590771916818,1.3157646257994648,24.822367816759943,0.9810246801721925,1.0
630.9217902291634,5.873056494024437,16.794783634812273,74.30027696761141,1.0
447.6734254104183,10.699825942519084,24.531333873675948,27.400166225697877,1.0
134.27485090227555,9.891348702748743,30.466996215767345,43.88605390680907,0.0
957.9341210567704,9.37051004109912,21.828120641317938,292.42540194728514,0.0
529.6597239456199,4.238112954936653,25.105214196071515,162.95700118514847,0.0
241.89329411288918,5.67037424151603,37.410012575773315,12.686743207048124,1.0
500.60357115470754,1.5441921705042927,11.962572384353724,160.40819164263732,0.0
679.6203327351078,10.785342306504015,14.366557545358125,53.45871161846156,1.0
76.23921797356448,7.558331951869103,28.708134468373476,24.91787346746566,0.0
274.70381504789196,10.631484485184819,24.45222068221547,90.80746146799471,0.0
806.9654908839937,3.7341528719530914,7.141316181588593,257.4552498288163,0.0
459.6648704026612,4.866573429525993,15.045892400419607,149.13088851854576,0.0
546.5771420322949,5.01323005890172,18.7135205249886,173.09198049807583,0.0
432.8160022094693,0.386136146208243,16.775593518735576,136.18490033630957,0.0
43.89994264300512,5.115718092459353,7.130992332881632,15.409264025290936,0.0
165.74977982015594,12.049568602770503,36.97720367137049,53.27853620811632,0.0
445.5416387418909,13.459477436246077,30.492750467759034,143.33193796558677,0.0
209.1854654079278,7.773274734538912,19.25423328431409,69.91951949826876,0.0
49.97902865967874,6.832525428288304,27.202441132273464,16.41211990217369,0.0
843.6496640518237,0.4623692804905538,35.891306885420875,231.6246303751338,0.0
981.1925291641159,13.188065063780739,5.446965694462849,326.41447227847095,0.0
793.1428739967395,0.19515320138809078,10.014922028279107,245.1595959143866,0.0
853.784921704667,14.171251203153176,21.7080498902658,272.0476005316691,0.0
241.97713031704538,7.33824373032136,31.960414854094346,76.43771412262734,0.0
960.6269755131998,5.1290174036208995,1.4501958176610952,310.3818293441172,0.0
196.92570445342838,13.863276522639902,39.360726007854424,63.14891683640784,0.0
951.4298103618323,0.36586489665145105,18.196264115295886,278.6512785478378,0.0
994.819293965951,8.721373423036306,14.36924562486892,310.53417734470565,0.0
711.7228057460487,8.233987867490065,11.708977513590874,76.98717169688216,1.0
981.1437317918219,3.289806018170731,6.974268306034865,305.83569250269176,0.0
569.5397795671037,6.433311470253159,31.662956357201114,171.97427145796067,0.0
259.54178317609035,9.783960089156553,38.216566589843865,80.95149579455656,0.0
436.99588566562085,10.906967953228913,16.54579019381593,146.38581040201333,0.0
593.560935378786,0.010752880598696724,38.09682779013825,166.47245402323747,0.0
73.081562027015,14.05280145136523,32.95190461740137,24.408993889736813,0.0
622.3432646172461,2.467880585892186,19.24204509905273,191.8127484482776,0.0
981.1778367622945,3.5037065133353877,26.961047165045308,36.84710879456756,1.0
190.10764978372762,3.9521016854077233,17.399367166818518,62.73870141466504,0.0
792.5951162883833,0.5673020482805297,22.348936328502095,80.72650399431875,1.0
907.8987937796194,1.8457818538548736,2.3218534807401525,288.44726835269944,0.0
943.7015928202209,14.79524884416243,27.850539012021326,291.1508594699306,0.0
960.1356044054472,4.728251060659291,2.1129857793654683,308.6878339232981,0.0
521.459638721472,1.7295163550857402,32.68339787678598,38.39716343140025,1.0
977.3079079915037,1.6048689176193498,32.9978771784223,36.160431184524455,1.0
757.3102071344389,10.791899515049579,9.483091502248584,251.0493772325148,0.0
161.6714362369619,12.818529960489613,12.94651124143201,57.20450498994548,0.0
476.90010646797,3.8542844926270483,19.25241514233173,150.91225872436593,0.0
718.3311753720039,0.31364268502852455,23.866516277299258,211.5263605636211,0.0
247.34031581908334,3.346350276680337,11.494146469679869,10.82926185525603,1.0
640.6151835488873,0.84773536195136,23.699456185277,191.34709480543842,0.0
666.6004790466193,1.5509240494506227,11.911482929171955,209.40161999694882,0.0
162.6997438085659,6.472621797714636,2.219628842842427,22.28885727868271,1.0
565.0853124527563,3.4487755629244887,0.10110199327635794,190.31675646385267,0.0
771.6269109786077,7.739188177881351,4.046042316737144,256.2185875109683,0.0
498.89566453594193,3.8024062988578553,31.69002800656073,149.45905877639944,0.0
12.103116776107425,14.108059516544214,38.457252495333485,3.9867355779057947,0.0
9.038469079292177,13.589159518893968,17.07864797124877,3.216641465202969,0.0
357.0293439700122,8.50209157515699,20.507358137997713,117.23582292696722,0.0
926.194068431782,5.3163598798107925,5.873926762937045,295.56976716806753,0.0
228.67677960360876,5.717203230521034,22.04125410720628,74.54475101705945,0.0
634.3636888716871,6.1777842471674544,5.7861960802790735,210.66929416071196,0.0
222.07587069332058,10.913689832024161,24.448573247953203,73.98066718332677,0.0
321.6699896595486,6.7745849327825685,37.330346703234156,98.06824761452263,0.0
848.042089601484,12.850949197588461,7.827941572121584,283.321738056405,0.0
728.8614422699469,14.161421788955469,30.58254872228408,227.44557754614064,0.0
95.39927731321063,5.039192300684007,0.9400969127329617,34.03928190372948,0.0
428.70202098643364,8.410417220635201,15.01988965286484,36.416422586527645,1.0
29.169763645264467,1.4258480524884665,4.429940313220362,10.149537168950488,0.0
480.890146603009,3.007035716495385,14.099017663827977,42.41281681720767,1.0
662.4340117010681,6.201986500652402,6.9414767855553405,218.3284844864921,0.0
118.50262359815156,3.0930407385266827,14.932199604915496,39.612455257402395,0.0
288.88493890916567,13.148407361830763,16.700912244301215,99.60018718074195,0.0
397.83662550215695,2.3742938408864713,12.023644911236735,129.65155565063102,0.0
919.5310246560498,6.834912323296379,26.264877978925163,272.3595690994546,0.0
993.255015422964,9.085488606898135,36.75408205035639,282.340605218816,0.0
44.91129899561586,10.377958622412667,16.023814964210892,15.705059250617618,0.0
761.007923495392,5.746040545897601,7.693726259000857,246.5374388537297,0.0
371.7240664023432,13.036486030870927,10.828910327839335,129.69261008778474,0.0
392.45818622948,8.524787266168882,34.16003293985476,121.4942049645383,0.0
754.2649733470226,6.592616706713277,22.865588930805917,45.368443597271565,1.0
918.4264321454086,1.0086095107805493,18.200441292278292,71.39458733424226,1.0
950.9285945025484,6.970342026677475,5.985468860357068,305.44396871942484,0.0
577.1225860383208,12.311037612235953,17.989092332951277,190.70995467363772,0.0
357.1211593005028,9.218115273319732,11.139680134295467,122.03777749849378,0.0
787.5490858587792,12.482436805936775,37.72652511413397,234.24422260415756,0.0
251.00138326230027,7.4101750589895845,35.36280437662925,78.14292868558097,0.0
564.0740288335178,1.7769255764172276,3.3561016731279203,65.18241482442129,1.0
358.57846152487315,0.20459768753821606,20.666139570449715,111.93770941499793,0.0
656.6310737078761,4.548293200778868,9.002333820586884,212.74525198126463,0.0
240.3989128935069,10.469857072466887,16.431083580971624,82.17772887440924,0.0
191.59294573482578,11.853898559125406,35.07391993005826,61.79019999824172,0.0
918.2390866754371,4.436292519304941,21.10058079554179,273.863482848636,0.0
101.8036829495369,7.434808813248707,13.368611734830393,35.14810314694837,0.0
505.95790773493167,6.316783566511225,8.315534164199882,169.0180507175599,0.0
220.8527829630089,6.157841765271418,32.01299437625957,69.42853452791714,0.0
38.92996332566745,3.4702306980022573,24.980720614573887,12.659736379591116,0.0
36.01881829142639,2.0455665754418755,18.722618417049247,11.907079830376077,0.0
175.22177210582734,2.9503283734681967,8.699374154519122,59.54051857891669,0.0
866.7703545060002,0.8299858074501915,13.369854966285253,262.8014576328363,0.0
282.4787439770267,2.9719611273536555,38.39373706954074,23.524812145769687,1.0
950.4591705752957,0.13801346438069184,20.803597504233373,274.81457545696674,0.0
581.6222929891935,9.408876009539673,16.02797124973012,33.020234712316224,1.0
436.6141897687661,4.745631110815244,20.856881693932955,138.6899814231976,0.0
580.0888346694546,14.59717067140363,31.159540235984345,29.02189718649928,1.0
516.6983852262678,2.905755761644468,13.604357460114752,165.51102557636335,0.0
758.7762537573252,5.187428554643908,7.148244837304354,245.59546323799583,0.0
282.49606597285225,5.367617379622998,23.397444733561912,90.82509750127139,0.0
353.05039160030236,0.1267724409369081,26.60816413924269,107.54897041991674,0.0
894.0943025332507,12.588119295591884,28.508720118341984,46.54182687940743,1.0
946.4565131504055,0.4799169021648708,35.27950363064519,256.8869861153493,0.0
892.5582274864745,14.102697520938621,14.846964827564522,79.12631046848921,1.0
419.4479939573136,13.38111526640431,3.014195849155672,150.04777507840168,0.0
780.3655030068817,8.032828741289453,38.333943345237685,225.04925498809598,0.0
476.3357333010988,8.153933623669381,17.400477097499007,155.80544082312926,0.0
497.5398521461022,9.806668844342346,24.930300386925254,159.11945867237412,0.0
204.68010905728394,5.805750179023304,26.652212925131693,65.73762060929394,0.0
591.1303032585165,9.708334250967832,21.86054834804814,48.16208541965819,1.0
186.13589775334793,0.6715258303273031,8.210301189450803,62.473261467407795,0.0
331.56469906719377,0.8107144102458985,30.205722004645658,100.18597509896834,0.0
855.0302016199352,6.858456294293165,32.150078972163264,248.97023804354083,0.0
207.07580921085523,8.244334516590524,22.119023440697593,18.43490066547599,1.0
71.15828517343282,13.317264605037286,19.542446423393663,24.89275772081907,0.0
69.00759261281631,1.5699095086184438,4.557527325119413,23.91324935439228,0.0
940.784520503108,12.33971890790834,3.3580664599913534,315.4147655389515,0.0
506.92043796183464,3.1507100593810438,13.582593822541149,24.935098820314348,1.0
409.41207181701833,5.911254727650478,12.433846220695731,135.8072502258611,0.0
810.8785810079185,4.749036522411194,38.146258038530846,227.98110974551128,0.0
835.825927910516,6.002329092980984,31.34490969773719,243.48217077073005,0.0
332.1910331156046,2.257432471088783,26.3969718103624,39.50643718736323,1.0
693.6180574737953,7.553551116053324,20.705923560704203,217.3551388358713,0.0
771.1228158518866,12.02463884747051,6.6947012290660535,259.79665361139104,0.0
654.6506868659545,6.623010155683454,39.13826688737136,189.50868115771183,0.0
151.59507480009938,7.359203638472986,15.0016279296084,51.71004057583471,0.0
875.883083517057,12.731513779219714,4.277024097889792,34.35704222925217,1.0
539.0945527360087,10.590871719570462,19.751955828629843,175.93390590046224,0.0
282.4724263700037,7.356816127796771,34.95992046452333,87.7160065223925,0.0
425.2281854376939,3.865434722837695,35.49164007109318,126.57494104152106,0.0
37.57109039890738,13.2739012026745,0.43863664225789023,14.107257101818718,0.0
127.86680122241756,8.655306025358374,35.45182979005599,8.093383656374607,1.0
765.5467505158608,3.317214151660401,10.859368699994342,88.35183385139678,1.0
0.011634755366141114,4.036796289570155,1.558894558736923,0.004162389777623633,0.0
416.5658284822922,12.046996334043689,33.91161081451497,41.540470544339854,1.0
522.5101810855884,0.6621834313118319,34.554670239528335,150.99343678860185,0.0
54.6344200009723,14.8813828054323,23.849243193694,19.00989684868269,0.0
973.0781629723328,1.9552751957218768,22.977350291854336,281.1971290382739,0.0
226.12533124967194,11.941027880954062,32.52481090485678,21.540416382104112,1.0
304.1987196362809,5.921629751575243,31.452382108411193,94.7363788609547,0.0
303.94251225502734,7.383242749312003,35.60421893770816,29.30679643803086,1.0
230.41666211734992,13.209758661968667,22.109897903868138,23.060380665830806,1.0
1.473822086311416,6.193667843838199,38.705883709312346,0.46321007309270906,0.0
729.3447940879963,8.062406305098516,39.845873237333535,210.39428403511099,0.0
966.8454997992853,0.7394949361375491,4.6617843999453035,300.03717963380655,0.0
224.29348328504506,0.035212108011797305,33.98175038216488,18.644324273617286,1.0
663.0471918034224,3.6719980950258884,19.99289030994356,204.21742419324002,0.0
741.8963269587151,10.20874639378151,15.502653531993285,239.83177034253006,0.0
848.4253790905248,1.8189734003870506,24.5228923953086,55.46276210119754,1.0
422.62919701360914,1.7064293820682415,2.238622290480281,41.09713128124964,1.0
302.9309056404292,6.164409120538549,20.258444750683196,98.83796618828462,0.0
325.2951340230311,9.717555579123397,34.83562280106667,102.00499949906401,0.0
712.6213330985129,10.681079883718958,8.538460645558752,238.16787269264898,0.0
816.779466505636,2.676760111475622,17.055595790777005,248.25512447320105,0.0
181.61396775660265,1.1938222105806369,37.57923550859502,54.341939521600445,0.0
370.9410081577652,14.105955509183163,17.14255351222789,127.19449632201686,0.0
901.94019674915,3.909995738431526,14.334705293295933,71.25823663300619,1.0
806.6935196947393,12.800197464130857,17.62146592493513,260.59739778950785,0.0
984.8584027624759,12.952371756942274,20.778110660702254,307.7229566950349,0.0
754.2482596820807,11.587838876438166,25.279653765258754,236.02506802790603,0.0
393.1952010279223,2.532504099788551,32.02771203666924,34.774633829851055,1.0
590.6378339946377,12.327021888813006,18.08408823057257,194.8158392062659,0.0
661.0142542473203,11.538758388623801,32.699237403605615,202.87614491963222,0.0
78.45581631712395,8.950844851593256,21.348826454083223,26.584472558414472,0.0
544.496959103865,5.058030527534291,13.539220414719107,53.14611093874319,1.0
709.3208284726096,3.9376290639981617,26.31803312477657,211.82819981288827,0.0
167.32130400106038,1.8283381812053845,28.708890189739655,52.260783343480306,0.0
780.6317174255571,7.6463560035130715,22.321959025179503,240.5381104166152,0.0
583.7727805141117,8.778913132647698,2.2645989253889365,200.54927289073692,0.0
952.2217856975947,5.390084857736809,6.795315006432996,301.9358573372997,0.0
42.422298206891696,7.130386015213029,11.411908835609129,14.824645258762159,0.0
265.32613755546697,5.452716860539001,11.305024238059724,89.62989195427917,0.0
601.5538792998241,9.615090859810518,26.936832009874824,188.21547742035543,0.0
296.5599122059307,13.51888811694845,0.7339464669453033,108.43087836240406,0.0
714.4241640712422,2.458803930704173,30.227271081980795,207.6088820129773,0.0
759.005282521931,5.721132148546851,10.613698992277328,243.07389799492947,0.0
102.51596406647445,2.11302905926292,12.400873848644096,34.470714509352774,0.0
513.8544642067677,9.37415655611748,21.11639311775697,33.97849978330644,1.0
508.8905555910559,10.933057642328937,8.637024037558302,28.939096780072035,1.0
369.28077021554105,13.978690988961839,35.378852543021104,117.93859320042077,0.0
932.9248625696721,4.183078893914473,3.4147511730626112,298.3832504513746,0.0
827.5063198732212,14.253168087981452,17.775294492042594,268.80505364350626,0.0
697.2093819096368,0.948940077310122,33.976890778195596,48.80021535109687,1.0
714.3266357349976,9.045207950468823,24.63375577684943,221.73088013963306,0.0
461.7161438131191,0.8569907901499496,11.693180633705339,148.1869889000198,0.0
920.9945210965759,13.406612816429172,16.830408311058427,295.48413138963144,0.0
694.5954272532854,7.947135856050812,28.267775213700585,55.283634470055766,1.0
728.9810616558165,10.040225261441941,38.93042973455597,213.9219781307837,0.0
861.6909037873453,12.473608888656788,35.72554873517734,256.03567965266615,0.0
274.071589342191,2.2546593372595316,13.69731233529507,23.30290506002131,1.0
807.070903866703,0.5788734290720077,39.9279151715143,218.72604737631755,0.0
195.24060295649204,13.183217188692783,0.14018654124233088,10.570364570648325,1.0
345.34195224488786,4.723998411883987,1.1051902323366036,119.62448466744372,0.0
335.6104542698427,1.934683618907479,32.95362060684775,100.9001140535874,0.0
978.5254683891405,7.026918556306298,7.978507473322081,310.8812754348957,0.0
856.5372237479269,8.974591135440281,2.4307707358496344,285.4228704079201,0.0
701.1698615902598,0.46455905133765185,9.485922929460088,220.0446664119441,0.0
727.0567616153901,4.123434873856316,17.044006159234407,225.51969317376478,0.0
562.072794402571,0.4919981141534402,29.222650817336195,61.31312027379557,1.0
947.090667108519,6.305030837932485,24.97342106204822,101.18988116004212,1.0
496.25875288236153,13.426500435993665,9.504848702416817,171.98161629157488,0.0
380.51770986989453,14.739786172403537,20.130817924023376,129.34598421973416,0.0
163.035336931591,9.555713302554413,37.04856421594275,51.627462759184844,0.0
786.2056522610579,2.424565406768877,32.600311079350305,52.361214039141935,1.0
734.4439320755914,13.587740849989586,12.927591393271737,244.81843751885137,0.0
384.3550385241349,7.7437173480009065,39.29058245422785,116.00479175879211,0.0
25.19341395922936,2.3062396815437713,28.34481601740524,8.041213425325129,0.0
838.9973277180108,13.82590004177492,2.4979742266712712,287.8858441299798,0.0
11.417983454073632,11.362035760846545,1.4064285315455471,1.5936539557563028,1.0
703.6997796290509,10.975579090847273,6.736317960401199,237.44839861701107,0.0
970.257109726057,10.63771055691607,29.11423472200587,289.0398945545869,0.0
437.66132814820344,3.005097316446635,7.349557033697116,145.10930883518665,0.0
234.97340499595276,3.165100375612891,20.45947076835334,7.760847050837861,1.0
704.8710100433817,10.324394976408826,3.7304048072332696,239.6426616400123,0.0
817.1281420155851,3.295841251655953,36.835446313207804,228.63320856494113,0.0
546.4303160778474,6.580075452045733,13.758424543342702,178.15816064410132,0.0
967.0352752561462,11.730027383909121,36.32528226242523,281.3019904592483,0.0
51.6687216579611,11.759287771467614,37.79502567642177,16.75183249973181,0.0
504.79559830452814,6.798926587887895,0.24514589254723163,66.338744724969,1.0
718.4539473225501,11.882849074128677,18.56540748794928,232.3930658838409,0.0
862.640471149179,12.579326942970852,0.9862422282757155,294.8199096484593,0.0
179.25561190779004,9.821636269263903,36.347710652116234,56.90452487335776,0.0
800.0034817636814,3.4263877846263027,20.736301789383035,241.0539007564077,0.0
552.7070757185453,4.110176705783212,2.997760507939873,185.06316115671228,0.0
396.5536819899632,4.722617331131031,4.411069131062675,134.90502284511393,0.0
131.71502857909357,1.75206161600928,15.340360979709562,43.55426634307127,0.0
865.2957589089124,4.097394305549177,37.60936771491558,240.98456535317766,0.0
157.27320817971534,3.1427883646879815,27.716366062723235,49.77978776631832,0.0
309.7878592090992,6.829931247129032,34.704754647565295,20.921222284338498,1.0
290.0455319624369,13.626563218083975,14.658265853599186,101.01203215396913,0.0
871.4140341908543,1.5672047513093712,1.7285479819999328,53.719260298967015,1.0
672.702994208898,10.804018859210935,38.972705488176565,199.8108568764434,0.0
796.6813971913723,10.309245066196915,0.6869196264947819,271.12814889715,0.0
250.46789879249897,1.4363129799503649,37.90606612324356,74.29378537720044,0.0
624.8740996069989,13.838586073587,14.747096953965787,209.76938274439482,0.0
571.7459831437487,8.527083032352294,0.40361620087526084,197.76712134814636,0.0
832.8303767882711,5.455882817035263,27.56628926898033,245.85965421636175,0.0
906.0870604812606,11.3480787524296,39.221612161254164,261.6697017664267,0.0
12.156771477386808,3.8604818760245108,38.6250289135037,3.7625848161650985,0.0
674.0199190587927,10.402647555694806,6.437480448096737,227.71813074840122,0.0
51.83579911972902,0.5956681135837083,7.249912242646199,17.721275725037074,0.0
548.8586650773559,12.591120564139079,22.621556584786404,179.00651386528304,0.0
287.6327290436782,6.722562705319778,25.492193057132976,92.39689908456216,0.0
306.7765995221412,9.550393715369125,29.576716546634625,98.38274539916651,0.0
352.9585034523566,3.318567297100255,7.2420144188859,118.43461317572293,0.0
621.2924490496101,10.15610568987672,38.36028347057738,32.80658163148784,1.0
334.04996566876923,11.58360413839915,25.549570251569516,109.80541434080389,0.0
732.6990505902804,7.098197803265981,33.881876754822194,76.68372291988955,1.0
404.5273855738697,9.265903860926915,21.60262861136687,132.12079588418194,0.0
68.35320030995862,6.844888857335978,16.571073903595305,23.329388083614695,0.0
783.7598424841073,13.411370538867683,39.087316263799835,233.26392782838312,0.0
285.758324592706,7.468037707714787,23.284854832793442,93.03173692210868,0.0
432.7668795992626,12.627130635432284,34.674943311967155,136.42625996177387,0.0
685.4438832219015,12.020280874053729,38.131695854651596,205.59842904803648,0.0
332.456157148712,6.157572320225348,27.01418508034637,41.45383587477996,1.0
56.58565614671562,3.4512673778621257,21.957547140746996,3.216449723092078,1.0
373.9210470128136,6.091231988396565,0.1404340364260248,130.55709179988622,0.0
944.4485826943035,12.393260636628302,1.6007856295602396,318.73177974545484,0.0
641.7343972985582,3.4144880372908855,8.034048642044652,207.68426806744367,0.0
671.4791486672069,7.86654518786624,7.44033727423981,222.79364957501974,0.0
632.2821536376398,12.091451219411212,10.190351807993814,213.64327198083652,0.0
198.9921389594368,5.302162126925682,12.197385507906432,67.44364942720566,0.0
418.33386410228013,9.633144555040461,14.402619742029131,140.55861539885407,0.0
750.9397983633182,3.684473610732218,16.821507602755062,231.82005043844063,0.0
101.37289755315915,1.6391916805223987,3.9546535382405867,35.094544158500035,0.0
277.8527760897123,11.915763376392846,1.6944772781112816,100.59376019653406,0.0
276.3191084658536,1.4845293511306024,26.957777962920936,85.58533619746275,0.0
432.018927594506,4.0707209261937685,21.49339299372311,136.39473230922565,0.0
980.368740942185,12.826641329961602,17.765768088804784,310.03260331042395,0.0
67.50254668382195,5.197039306180008,25.377597646734095,22.066777774706793,0.0
518.700994380595,14.595680242712417,33.107176288141616,164.8060381812001,0.0
179.36468201221047,14.696015021607897,17.107716364648184,63.03428590701245,0.0
970.6765454097441,4.024140306803351,25.644778602079175,281.1341876851659,0.0
113.3035047274642,0.6146733337483568,38.14288895340635,5.481931902679339,1.0
403.60100236159127,10.575949263080688,33.58497983446243,126.65757009407149,0.0
737.8849848346061,6.764797539725156,17.040032420096377,232.31746948520393,0.0
704.5544280274453,1.5112926593936442,25.788673512589718,207.72891805764814,0.0
422.7286368939323,10.612842284670641,7.08283687663759,146.7197448742092,0.0
346.52416795271824,0.46762363667881834,22.420887395803597,107.73179034312717,0.0
397.61237855287055,13.052950357383631,39.253131645537714,123.87587444934637,0.0
264.27626315863927,2.0797879366995558,20.732604608100893,20.557613266970204,1.0
205.3329387067998,1.9096781812008752,37.10553196760589,23.156728133994186,1.0
483.03969755889,2.635084469528768,16.29339682013043,153.4400185366572,0.0
268.5337560676073,14.403995377380998,39.95379308738525,85.44827893613824,0.0
287.4616648972501,10.39754040380769,23.168801409102315,35.597453460920036,1.0
656.7560634745571,12.02057303195455,1.6907597694373822,228.35138720702824,0.0
968.5373316998922,5.964524785991295,23.470191867655522,286.89839322396057,0.0
603.6372005593751,5.0446909125743336,10.982907827183865,195.8488921245197,0.0
76.97946706496627,3.5172601017475493,1.2992528814357884,7.12466295306137,1.0
75.58361385406698,7.209720424686134,32.83413218778654,24.255731261080367,0.0
951.423220845566,8.277431003012527,11.029185479230236,301.83012902844604,0.0
297.2907903073336,9.476622654791331,31.86194216185994,94.53724147990405,0.0
92.06698608247544,3.8567775599804177,11.52870331823468,31.405236653887243,0.0
599.0445871503815,14.22981121354486,7.773054154950971,207.49012480364593,0.0
623.6487782902661,2.5463774731070377,38.9574229641771,176.5396462505502,0.0
648.5048201186881,14.484797621496185,14.465813110200783,218.15182408473441,0.0
267.4020278575413,0.22284183761255683,24.055048457726418,83.26074384236837,0.0
15.110684214475034,7.216885377252684,24.39925971257886,5.047650279674364,0.0
965.0153694544719,5.000517571748442,22.418939286940073,101.54954794895532,1.0
250.8930456911025,6.7368512089537615,36.58782974084858,77.39248587792993,0.0
676.0262880525474,8.559968684711835,26.97764285467474,208.17847420737533,0.0
706.6298698787095,6.533837370190636,16.149320164197206,26.846012895716786,1.0
610.0074170794857,6.222702754523924,34.49521538097096,68.35090153021703,1.0
312.9073942136482,10.990851231199597,7.242515964638576,110.08594357570176,0.0
271.09625376406575,10.28814412629697,21.7694703044167,90.40469577120147,0.0
597.6682827027031,12.499069230537717,38.02201487775025,181.91801598143272,0.0
866.0956336116915,3.7493847185924336,25.015905195216508,254.56316439835135,0.0
946.7337289233956,9.142927646310953,32.67873801899505,275.8508112948059,0.0
105.90580440375763,8.777921780892807,26.142429021807715,35.08918957442116,0.0
154.82861259771985,5.546067163090331,33.574834541515614,48.57395361548369,0.0
944.7362587830796,7.290863128540214,37.77951519380974,265.8136441545727,0.0
736.5352283347926,4.706732149585931,10.916869101309473,234.79298034719665,0.0
882.9938248297731,2.1276659642547777,6.786443250268754,276.81106606927796,0.0
202.63263413534315,3.2070181599409926,19.359630013301597,65.97638634936663,0.0
587.5858711094019,1.5827046960180162,28.074497072968633,26.711502350029953,1.0
701.1395944174736,10.246043627851861,9.087650127288644,93.28768151144203,1.0
680.1118854469727,9.910910896637272,0.164058017206683,87.92073244790552,1.0
408.1516908666981,14.259095573698092,13.717404633468213,141.2801407527949,0.0
15.394891691308477,10.94517620470862,38.75437341871154,0.8775421894123987,1.0
582.9260568042631,0.7806875813419717,27.79869842423387,172.2734349228588,0.0
253.10153917960875,13.263677608934312,16.05301775764896,87.8766770232401,0.0
450.25424614289034,12.940127444185887,7.703043893873613,58.797472661310366,1.0
957.5810150838173,6.64980481159048,14.24358695018988,296.62481785186793,0.0
399.03531764243473,8.787945757918823,6.793577332049918,137.60897358293767,0.0
839.8016066644267,14.641174987087783,4.252232852518056,287.5647118220722,0.0
188.54060574925114,7.984565457722494,36.26969490290215,59.138626233967166,0.0
672.4604980250289,13.579827425641346,39.90601353501894,202.52565996725704,0.0
977.0069544389435,1.2455813671527967,6.564577583831612,301.3790839484569,0.0
101.8931008729368,2.865778030630243,2.180902355131189,35.74390045588329,0.0
8.319942227192012,6.611324151619767,13.189244285848494,0.6713053116256245,1.0
433.58279263261437,8.77135212505957,18.466367230456612,142.45556324187686,0.0
92.6254830513672,12.243417777942003,8.192849883034178,33.48074942291199,0.0
748.3843496762314,14.823931727147803,12.056996471942337,251.6749470847367,0.0
914.5486638485589,5.832772447111746,8.034829427666308,290.63960788054146,0.0
434.02097270875885,0.7112345421012739,30.97042273729805,128.92897844788953,0.0
258.711642155441,12.017572549429872,28.50311772989043,85.02693206805918,0.0
434.40331900660976,9.065710786242121,25.398060630439268,139.10270191072183,0.0
723.447817850001,2.978142883023025,15.48871428316819,59.69445938803922,1.0
9.054161580370979,7.422426849321303,36.36163765256944,2.891541420453643,0.0
589.4539894846972,11.134653683005865,38.7813016614008,177.48662144954136,0.0
613.291684887379,11.556176806029656,6.94557250501648,209.59067068633576,0.0
637.6882468959355,7.49427617998143,8.920505656475122,210.74546564409926,0.0
242.0220799808772,4.578217951932887,21.025241120014787,21.380402749928066,1.0
714.0527233781268,14.606138730577403,3.6500227712898115,248.45616791520374,0.0
91.3914863317764,9.950439164347392,17.45793595292451,10.260829000132027,1.0
199.2703364668008,6.12356279019448,23.271650591108404,65.02540736184439,0.0
877.470046654482,4.206948363069786,20.882942845493325,85.13035394194355,1.0
738.7231507265664,10.966544745053431,13.236343323121043,242.11376273080867,0.0
13.745554011345252,3.6327516839065153,21.69783224308827,4.54529497236802,0.0
248.3762603698002,2.5756498346053225,38.352038170353914,8.318051321960592,1.0
214.40648299316456,7.947508334431054,8.240696171655042,11.173170959272026,1.0
270.80632803697256,4.349810889662128,26.193254335760145,85.68997585541459,0.0
247.5597702798864,9.433577173854225,1.735867766242074,88.72152563559182,0.0
62.52629574284574,1.7690801231135023,2.6566561792573973,21.858886873609595,0.0
458.9405165968203,9.824116568509824,22.0731289689434,149.14895951177562,0.0
732.7334747861652,4.249447919965533,4.197567213117979,239.3467216829332,0.0
606.7317247174365,0.0036440165176909733,0.8938715370742933,198.74367861147175,0.0
672.8716685980797,1.9040408651126457,6.860519905920888,216.0160430679637,0.0
81.14917853623915,14.00423066752641,22.593966839982976,28.146731897939958,0.0
951.4907101767872,13.010319586730366,28.133638180757295,289.6637569464022,0.0
838.4918338430249,3.5041354805435527,8.0991425656552,32.062209684268694,1.0
805.0903184956627,11.675578568182368,26.73037748832698,43.31387715260019,1.0
822.9838050417675,9.128573897609614,7.2990532439691735,270.4172495296264,0.0
932.7105081327613,14.563570671748042,24.538297065250283,291.6930413501941,0.0
544.2539661136977,5.604084893010887,16.478387195831953,174.57934060806662,0.0
200.28201786762588,10.22190918775757,26.15198037334467,24.426610878770763,1.0
616.7836078525412,0.9530358363587788,39.802110099169894,172.20514284443396,0.0
742.881493667939,5.9437102022460895,37.512678609302476,213.1097050910092,0.0
737.9173933540254,14.457264917822707,0.17127031344414512,259.15857703865845,0.0
521.4490241668801,8.084713116751809,35.41755057449223,157.56340552243626,0.0
68.45871933357806,4.318192550022669,2.659631806990661,7.555068646435694,1.0
371.1129384301278,1.804064446929103,38.121863446393796,108.51976243351083,0.0
920.7666084633573,10.552925102722956,11.273027163987388,55.1512694237887,1.0
584.448909757426,9.672840651445902,15.281393216450837,192.03169599277558,0.0
538.3319432557134,5.60908070405662,3.665528207029114,181.6362188948836,0.0
268.8535143821935,14.264120277987514,4.490910333156384,97.67845294444803,0.0
368.4489199165789,0.33304219481775477,29.069622609172786,111.00698532114816,0.0
895.3460891531693,4.555857774477387,37.773289429931665,248.92066960947182,0.0
666.4630475268357,13.816042294493721,24.42993979817238,214.3773678183065,0.0
787.3870267523329,4.814031574791605,28.634000621072442,47.47045719034857,1.0
454.34542306765513,3.783792507827556,30.47878978388614,35.32383279129881,1.0
630.247219456158,8.01330614896871,10.51257098211767,207.81013231260084,0.0
248.38360874320753,12.357026248808069,1.809185236808597,90.37979147920628,0.0
705.4608302834863,1.547201413175416,0.07490975676674339,83.51509512277404,1.0
427.60133370333733,14.145310644686042,14.025971318160746,23.205276435905013,1.0
442.54551481474556,11.92609321771746,9.658569127968644,152.91778910798087,0.0
649.3223245768817,2.7187538332732792,2.492709001967426,213.6889658337709,0.0
936.2806214689267,10.68011941797244,7.18113169974667,306.5015778024333,0.0
64.00634660862093,5.774380839563357,4.979955930717912,22.674544245745903,0.0
824.7432373470076,6.03442017114478,36.595135224694815,235.11299659361939,0.0
292.3831104121931,11.749351386582996,5.610688538366757,104.13211667830346,0.0
443.9194545063778,14.441772119710983,21.505938559507168,148.78142261097457,0.0
21.913328775008956,1.8998380927079088,23.724238204486582,2.287089965980416,1.0
301.04607783431305,6.309453553182291,21.73957830834535,97.7578864124788,0.0
502.6312426301305,7.214124121264553,3.962257368639519,171.63770707682275,0.0
56.17607734743901,5.644677254324964,12.751934470022048,19.344689667205593,0.0
491.0957293831651,5.447836855743375,2.0508132985261307,167.45221579071776,0.0
927.1106288584273,0.7840300134239481,15.82679656385264,275.95076085101533,0.0
105.39321810780523,10.28307930843935,7.54395725086368,37.73500334793976,0.0
764.4407280755044,6.54321625680068,22.46530133137519,234.26505166247648,0.0
409.67105337599264,2.9219070396589015,27.71233575396402,17.996449281551886,1.0
655.173714524338,12.240502534531025,21.284794408188258,211.68568200009568,0.0
260.23659798522937,12.03841122227442,17.369467864455828,89.23194033228596,0.0
159.4922625413583,7.295874421333407,15.493336834267698,54.23567958599437,0.0
160.46261427122644,4.476759917216408,33.66767072388015,49.958269243033236,0.0
70.49194564314465,9.571390886946785,8.774722602610803,25.12604582439565,0.0
185.64670490124303,4.322282036661046,29.368733581154753,58.58601009510046,0.0
664.2193849889683,3.5401189548556804,30.29929298960476,195.61786217911018,0.0
881.690611843508,10.9577198103949,16.768000290829377,280.12973797992584,0.0
814.1256855911619,0.6048785958142605,11.892023969025573,249.67374491496543,0.0
685.1343098744841,1.4215270655189094,18.82165944183901,208.50586282700024,0.0
110.43186341110267,0.10182261035384665,3.72855703570794,37.898267819481745,0.0
289.1874462959498,2.294147797131392,1.8372012891635991,32.7426706869196,1.0
309.80687532246895,1.034850130656892,4.4641279780756715,104.21167321849391,0.0
249.95694639762124,14.93703551669878,7.4858012584890465,90.35917012843778,0.0
515.0056597097231,4.332149549311344,20.16707281352172,162.08652441644423,0.0
535.5538148796726,2.2390201900387092,33.96546544644488,156.5198099782264,0.0
356.8859751711102,3.6149438699387693,9.42569327998748,118.90419405858056,0.0
353.78915873643604,14.04188357310202,37.406480429871124,112.32615373998837,0.0
828.5555979060814,7.802403345365935,38.196316357400136,237.1929264327653,0.0
789.2928483196856,5.472271444617853,38.35618419380821,223.45038396876993,0.0
307.79583168074566,13.10087186863829,33.50250938705295,99.24910512748731,0.0
913.7884438732593,5.924854058235487,14.553001631908824,282.96226880080224,0.0
952.815017002506,5.025128549365437,2.9073564401049223,306.17637122216803,0.0
326.74254203004085,3.1092378382460333,22.752749270659795,103.34843862117488,0.0
354.42494879305485,5.666952358641172,22.34725775748935,113.65208044954119,0.0
505.63415342195884,4.750265340253891,33.999030684383825,47.90365280224484,1.0
941.1208125336735,10.159559389472115,39.83964203784421,267.62894698104134,0.0
876.3194331423115,4.343740570060906,20.326292262405904,263.4844200254501,0.0
102.5679625835898,8.657996196338422,13.808161241591371,12.08960660902999,1.0
392.7307432714162,0.9883824754795906,7.43606846225068,129.32570992700718,0.0
553.3711897497718,2.8693373504477155,0.1919929926948294,185.94042434068461,0.0
503.13247255154005,6.111079074170231,20.364547699555168,47.54077676922932,1.0
193.86306793689266,14.054238808630432,22.22074666810383,66.51388373486019,0.0
858.8167711681547,5.658779785735431,32.997539192695896,247.03816587339696,0.0
676.9407829968374,9.961111817997512,20.183078715712025,216.14480096625877,0.0
837.9083748518036,3.826308336320972,36.65873394664226,234.8218537716986,0.0
858.7642793494722,1.905503639598476,25.12333906285742,249.49175772304065,0.0
748.3558536657398,0.8780490012007519,33.613449528843326,210.9793064890601,0.0
439.21060124971734,4.58120247814127,5.932069392309884,147.7228519091499,0.0
610.5467550154245,2.3649154019536196,34.21344521209259,176.63266126352363,0.0
160.36540611974314,2.610156720241863,27.005754177753936,5.473131532716408,1.0
673.6454174749077,11.41138962580425,6.809321297533222,228.58537312706483,0.0
179.25325573928075,0.23757106417311324,7.590542325840435,23.22531897615216,1.0
693.9495905101568,8.367151886031516,37.06002476176885,204.00760293768025,0.0
229.59816075396867,5.691920708901971,1.288614418014915,13.673091821409303,1.0
117.55130015021997,7.598249998628209,18.501397731828245,39.77852312017315,0.0
165.28449014295742,8.442453558219043,12.539011597364063,57.15746779901513,0.0
1.992135219070268,4.700515416859173,26.603097599937122,0.6512220837910468,0.0
718.7396178535303,4.426632902764279,33.58517550275968,208.3701685971487,0.0
732.4010490583792,11.001027740023586,14.415124862262783,239.1629355597331,0.0
514.9333499132595,13.069154821817358,17.076083492913487,57.872693287003266,1.0
161.3628010553837,2.8887244868779183,39.27671138005657,48.58243907940787,0.0
83.55433751068975,1.4642814080272344,31.356660387168112,2.967558076006141,1.0
19.12896643728701,13.46693709588039,35.88816523727166,6.335228957191435,0.0
165.7481769652207,5.24843195471098,17.55048882606519,10.037845426731616,1.0
890.8555349831468,8.269760859942213,9.36304815936461,286.57431637706003,0.0
241.53684170168177,5.393147167800052,16.474538615458066,15.874868440573449,1.0
354.2713272172157,1.8870350451907698,28.64367671326054,108.17858564537207,0.0
105.34548448133319,8.83997467421592,4.377216193439173,37.853229134154276,0.0
222.36130474817028,7.877112776544445,10.818764224660352,15.875383545128766,1.0
519.2245707802051,3.0449033878679583,1.8654360184636154,174.21034890680892,0.0
607.7526830956525,6.778035669784168,17.293909533525262,194.20124449719822,0.0
245.35231416621107,11.954212560234687,33.09782943918453,79.28936343098455,0.0
57.73215922511721,8.85639154661837,0.986547531920432,21.10252302315707,0.0
391.03286912739867,1.4537599060049229,27.01294107228664,119.34283760311054,0.0
234.20337092633414,8.220322458437026,37.29983498054958,21.90802498235204,1.0
219.55392322980194,10.541074489343803,9.477114460447291,77.21212782096389,0.0
959.8628027134553,11.890551086711271,27.745393629105926,290.31724542955266,0.0
616.300485925724,9.436763679514002,39.004076044008016,182.74999936496081,0.0
556.8784431720959,2.289872468111756,38.491122406098526,159.12455482807735,0.0
415.77510352332195,10.65259899885241,9.397167721165731,143.21741460842935,0.0
428.94433343014424,10.160127691222746,4.013242128482748,150.0872074089651,0.0
540.9050038380808,0.3664032441094983,5.931301515836638,175.43749467291337,0.0
696.4298070361073,6.176215013853648,28.081426739285686,48.56437053280674,1.0
702.1460961818294,4.994253704435599,29.030355018131022,208.86578611790716,0.0
171.69390770544956,10.041180963804651,26.96946246512796,56.68733782762258,0.0
500.112752076627,3.2420371846638107,13.443135509689522,160.94286923421222,0.0
411.958095034102,8.863078844613877,6.7910775903248854,141.92176409671876,0.0
870.5269662693842,13.698089427212585,23.230443678090126,274.3353682470053,0.0
631.4189212183763,11.967035583129116,19.347217830314662,205.820963006725,0.0
532.5040664159818,13.821866043247956,29.15336588489214,170.81320290396167,0.0
115.39464217891737,14.67758950399035,17.65440314742486,8.999062889087298,1.0
605.6378893234114,0.1600519050924415,13.545587787458736,188.7848717109078,0.0
117.20390568023342,9.341119145662164,11.739143094360575,41.06921145319549,0.0
337.2065755657521,6.192590966383596,8.458812801989861,114.68859690829835,0.0
142.84196481433187,12.897817355026826,10.629855047466457,51.09063743375576,0.0
692.0736470243689,3.7772205301369755,3.7932175537640545,226.8764943616046,0.0
206.2521138361526,14.715442336726142,13.874280437155582,73.13173790072612,0.0
391.859373188026,9.20561954315621,1.462792494518328,138.23035914499152,0.0
895.6747776187786,11.903061033432465,7.456553886653072,75.10790288629823,1.0
204.3163833989703,1.283993292341525,29.870817784777163,63.00808158554126,0.0
507.8050639587791,2.7518682713829756,13.018759547064906,163.06629125129123,0.0
419.271661166022,11.376055095513047,26.729480679093754,135.64623046993637,0.0
18.124041045729733,0.3297978305898541,28.675367023891095,5.7132918231630025,0.0
792.7581135728128,12.253169788406742,23.24741370928454,249.9784220748233,0.0
69.04590631459972,0.20923528037867178,38.34790965461594,20.759690500003256,0.0
474.2550209769536,9.8567825859191,0.8575946649245303,166.75561010339678,0.0
560.67829493895,5.476408803477088,29.546106023525684,169.97839561455268,0.0
628.4264566145871,9.172422790787987,38.351465757616324,186.25906588833365,0.0
688.6316293078755,10.440471104836705,34.49086917411757,207.5907160819841,0.0
253.27238352271507,5.137128287794563,6.715707672200533,87.0095798537931,0.0
9.978776658449373,1.6194367216625332,13.072812250069283,0.38733895955670433,1.0
723.443662354912,1.0446880162239847,6.898073595058616,229.6181464722769,0.0
535.6565993475785,8.834040338438218,24.052334552588164,36.402656481230686,1.0
836.1177032072487,7.809830306011673,28.487519279179693,249.5175306887268,0.0
821.3883629006942,11.133015136816988,12.682950774522329,267.44396794760144,0.0
843.3261677878832,7.646032650059057,21.58026295937182,258.6261427742018,0.0
485.09465997954015,6.336686850463186,27.6368228028478,150.45874033839965,0.0
333.62839583686565,5.971307673543463,16.853592664441933,32.526210564460975,1.0
791.55820259137,0.396703538965012,34.160621218218374,220.55996806327806,0.0
451.2941130292549,5.033358025449857,30.861997411512686,137.56843431646794,0.0
183.4421964034345,14.640302362867413,2.5866217540228265,67.82854538837036,0.0
854.9740195614744,13.103333643406332,24.845011963633162,267.20142484888225,0.0
882.5598767723473,4.940671005513265,9.413022038389984,278.48922809623525,0.0
466.3097561401701,8.816931075995583,22.30073058669101,48.04697782403089,1.0
75.69972730978746,12.709451183032408,38.27553770531865,24.564757459250014,0.0
387.8260899169312,6.61911505125103,35.16248018209001,118.21257409190703,0.0
803.5376594626034,0.2693679562522644,16.180656124605267,241.82473938136832,0.0
901.7740285462287,1.117656927279601,11.660554333774137,274.6733975315413,0.0
203.47274249759585,7.655890820230599,9.37622977633036,11.649064157966569,1.0
66.97361202527152,14.541590635138174,21.300594790260803,23.44634351164157,0.0
877.3504531328387,10.398143133283016,4.569938130322253,291.65292310825015,0.0
389.4049389788753,1.063742871578543,21.971000325129943,121.09183497630565,0.0
541.7609642675633,2.8404131368779417,0.05334557963168063,182.34682084956864,0.0
968.065812050759,11.56984714825275,12.953985229833794,310.2256714260684,0.0
66.56472791422286,12.621596399343671,8.797372553223251,24.124171867168336,0.0
648.3180074520956,9.265418792828862,38.84875159843128,191.36259383346467,0.0
74.10542257486708,9.666347544447248,29.08969278279916,6.026868961201211,1.0
375.46892846650036,0.42506175575076965,13.986135218489508,40.6889662912836,1.0
803.8145451934467,12.427953893722627,3.7138034612248205,273.49108628005234,0.0
433.4722327556344,11.824128122562444,20.67202378762496,26.69584298847877,1.0
997.1823539029504,3.8855271615502076,8.537915253041692,72.80986662082812,1.0
559.0592849466021,10.630150799482605,21.45718183593431,180.84271982188633,0.0
321.1621526359535,3.2228190963749714,33.4144941671557,97.3393133160592,0.0
220.11132590475313,0.6049524157726949,24.631702084055416,68.93460923208431,0.0
350.5205342861618,3.0170481388556594,25.35153678180009,109.32131756886157,0.0
372.5332737595508,2.6794331513144924,21.64121156251246,35.81177385539704,1.0
68.71367772396097,5.066219951022709,37.09062530525637,21.412043420906283,0.0
369.5741994267732,6.2767424576318716,37.27610737682413,111.66546910406299,0.0
464.2385197392249,7.6280833724656185,20.508928042942088,149.74836689385523,0.0
722.7377522388047,7.151308132624922,12.230379485740176,232.9546363901369,0.0
656.729484721608,4.060119089479341,18.383480235177757,204.27318552247803,0.0
708.7656552291543,0.437560028611117,7.462316487824627,26.999691504867855,1.0
8.363681876857099,9.076524333557261,25.453772612723572,0.8923838374579024,1.0
217.66739958053606,5.936172447710316,20.003693431289328,71.70710640445432,0.0
661.6842883998565,4.480082360813245,4.132019112531196,76.41403218314682,1.0
483.98936817974715,13.004115642457684,7.905911244784614,168.55565897746592,0.0
5.313475668345946,11.201149616972398,19.185278247981074,1.8530481444411213,0.0
804.4946424318223,12.866483225586634,35.50355962875433,241.6432377625593,0.0
772.8095732903374,7.424741920686914,22.655628825243895,237.7010869324562,0.0
548.4191629935626,1.963968781901662,27.261400008338832,44.4106871095049,1.0
66.46332577627211,10.443321541819087,13.56114198975639,23.404443651896973,0.0
766.5150495325846,3.0911066990576286,22.856455721769372,229.3754001968118,0.0
583.713587731364,6.618445036375752,17.8951929055227,186.43051167118023,0.0
781.9599771579592,0.9750118342333275,26.365196504926427,226.84448439400177,0.0
751.7469923958404,12.379626036344737,2.023022643160415,41.14813054339976,1.0
803.0020719578371,1.8891096157125087,19.732008649558367,78.98768733048051,1.0
518.0080664046249,13.546462605739645,11.839705005758677,44.75882213016728,1.0
140.324518193515,12.963459033923357,13.047402451116369,49.78723794302025,0.0
671.1574733796887,6.968741466588691,38.436697262322454,194.90987815756768,0.0
620.4737850519706,11.16552306455986,7.307792508455311,211.12094362883002,0.0
742.2531871990872,9.291676107272298,12.449810103143877,241.53047774850256,0.0
169.8810060507353,12.046134635066172,20.39570302923487,6.505427701509162,1.0
194.97519990028923,6.477076511788681,34.52107792598495,60.980825571053614,0.0
890.4095172193284,11.78712726366525,16.66680332825482,284.13506447863836,0.0
749.9777984520708,6.93685225597722,29.75461123552684,223.81865417684352,0.0
908.2284887003229,14.114486817641907,34.2549639285921,272.8113909624124,0.0
758.7153211639207,7.295581512377214,12.400654232873958,243.54762625207763,0.0
597.1553059903018,6.939289079005943,15.710007341548398,45.910304013773654,1.0
654.1327370278736,11.776077923452691,14.26224894753425,50.15153010520326,1.0
889.12792394001,12.323665376412569,33.31423234471684,265.73962675774084,0.0
578.8067545119405,8.31733671481756,1.7738744781440463,198.80423064863746,0.0
632.3913243283874,2.696967202426131,12.336843553147201,46.180573447880185,1.0
156.4767160036006,7.016373464363693,27.176342303805193,50.80439275737667,0.0
473.9212201161027,14.521087543645177,22.617739982613706,157.68837914362206,0.0
716.397111958099,11.294792895587777,17.45157437174777,231.99685013071863,0.0
270.9426983163654,12.167439058186982,21.597929088855373,91.39220561091787,0.0
202.25418052453492,0.49238248228860193,7.903383433132731,67.76778793165825,0.0
313.8268082244156,7.017891939512398,17.228664864320415,103.99301290538023,0.0
241.50062799283344,9.69931700486333,20.068119367053963,81.06255281956689,0.0
214.91263703639584,12.450490254421121,36.04756487818407,69.09686560130561,0.0
424.85084286808694,0.7391048037415721,10.433406512159053,31.323859981690582,1.0
907.8385138835341,12.786583284628096,34.713140086597306,269.86082808443365,0.0
507.0596467387183,8.226014051128676,25.769656033039276,159.8950211535131,0.0
187.92038081532303,2.959709558640899,0.8136332427040394,65.66408830805943,0.0
76.97166938087408,4.7588282467455,28.985253475975746,24.714072354971734,0.0
696.1561451379253,4.228943276273411,1.4220751019622035,230.822348176996,0.0
382.79876443638784,7.962885514327137,39.89524507255253,115.42276733705621,0.0
821.8309465853592,0.7752851986669773,34.90546750764791,227.85364968734538,0.0
659.5107686407702,2.378042377498853,11.893749901601826,208.41636921901826,0.0
796.2414505413685,12.190395650636736,10.296449207868218,264.0738218146245,0.0
271.9460394184488,1.989059861202166,15.257643284224356,88.61266067780852,0.0
692.3589224610581,3.5009440418719047,14.246678612577721,217.33110664350068,0.0
264.0619846937188,6.8005590840623595,14.893512735415243,88.68611455888997,0.0
939.0684794502916,7.756813321699957,12.731061844779216,295.37186947153424,0.0
636.3742815333744,11.45415719421238,24.845336273933256,202.2099509728524,0.0
324.5118001753421,6.709986399992816,6.570546548824958,42.62128542501591,1.0
269.51186229227267,11.847969315533081,33.839251697840524,86.5361094158619,0.0
190.9265850716435,9.275194605681861,32.49609936125261,61.26486353510689,0.0
694.6409588937278,1.6964960913573368,19.059328314210816,211.30083232515503,0.0
218.7156129979273,2.3449715758925787,34.109198611141906,66.58663238883888,0.0
595.3032659274891,6.555505881746562,9.885802801211732,195.89829014435952,0.0
264.63502692535735,5.953340896335594,0.7026182281586779,93.24920048520849,0.0
661.9689447938686,11.15316404455942,24.76831700119292,209.37483389837286,0.0
814.9397285405392,8.711057096960278,18.316376278588614,255.88014023752197,0.0
778.0252431446531,5.82199621503374,22.686581851834827,90.6879698465744,1.0
760.8513309307817,2.5614042517557847,35.97357636073612,27.307412497089842,1.0
187.72240569225207,3.402556534882427,38.79702294263774,56.62912535585448,0.0
88.3849469845187,8.632515277035886,25.378125590224123,29.405357795758515,0.0
698.9488284873856,6.351582073496887,30.562223594097535,208.4515325255918,0.0
368.3472137943513,7.723912632910081,3.3523373394865708,128.33010191914397,0.0
432.3462264033473,2.560161529533505,6.428623395660225,143.57560022361264,0.0
31.149092793391063,9.943593785168487,29.328192198119062,3.9057477491180963,1.0
259.5764492750492,12.788081112839505,17.25461825552008,14.86887417194689,1.0
33.67640387446402,3.8690926018035086,17.838610816176228,11.291767661266237,0.0
879.1857726012477,7.372713387477399,12.344307265417465,278.3450835663893,0.0
243.39668321853048,14.632909935313526,24.294255339109753,82.67019643952032,0.0
557.337169573008,4.998626108260915,7.406601816648104,184.31985371225667,0.0
38.979320661130416,8.925695173856418,25.076651172555824,13.079215402150762,0.0
666.8473913056581,1.3529355030036654,6.951954285409587,213.45264511589605,0.0
323.02734575409386,9.090225037191647,2.553041388388544,114.28096616325558,0.0
897.9191869576658,1.3444765995692687,13.214307547962441,272.2374107356607,0.0
888.1181889340359,14.38853152985733,9.245613680393907,296.3542548474321,0.0
325.29061836174776,10.734939781084671,35.55966554225329,102.33758420976233,0.0
900.9608956904679,11.822396822035596,2.198138154745064,303.8837370524302,0.0
996.1576734987788,10.561565411574552,7.064547702964914,67.65307805891744,1.0
825.4156641239481,8.845935541146986,21.94878422332198,255.21339828413963,0.0
844.871347755229,6.748691716282581,19.242687633898946,95.06644908309285,1.0
249.0087361090899,12.875600696415937,1.8340807349880617,90.84127407179353,0.0
576.7023988577563,14.352535013145946,0.29009712060577897,205.9059229859021,0.0
67.25591396736786,7.485542593561219,39.52271767844599,7.790737250303343,1.0
94.91793682166971,13.97302573732893,26.353388014353527,4.827096078489866,1.0
998.8926120332906,8.749993649827763,14.616245236062273,311.3885074357396,0.0
326.6392494259109,8.075762803446498,18.817289906529652,108.07721448172852,0.0
748.1839120488464,6.8172409943303505,10.662004818171479,241.44753331917428,0.0
806.6650530268165,3.139316422951798,13.79495134772839,249.57733691122783,0.0
858.0232710072291,0.05579491227088784,25.961778690728558,25.208562211176847,1.0
997.6282974021565,3.622593402840919,35.31247195469483,274.7932114585963,0.0
241.49648525686786,7.6458475740534775,7.365200923247395,16.776229711682447,1.0
40.35082685969971,5.699399283896288,33.61446021541275,12.846366279677934,0.0
411.191517994586,6.727278420039507,4.862265180730763,140.99877254668274,0.0
130.08066982894695,14.709723293460744,8.599688943535648,47.3805791660647,0.0
22.425889162055125,5.254085560039914,1.4870115219858393,8.058144844128329,0.0
360.4268271414861,6.782744090401619,5.632474483719978,123.97706498919928,0.0
783.7382510752365,2.0027332702922935,36.69212581856202,218.49351058996126,0.0
566.1806912250709,0.7193659865548147,18.377549864735144,174.44965842590682,0.0
312.77798921035406,11.63114271888742,3.106634471134142,112.08231191227992,0.0
654.3420054927197,8.56024762607968,38.38907352155845,192.4883951968919,0.0
232.0181803088107,11.410572090658425,35.159692310346,74.24451703575045,0.0
14.381446072085025,2.2479419832982743,30.18730083472565,4.560702509673228,0.0
764.3533864364274,8.577431567740364,37.33891167790232,222.67425024134502,0.0
623.7430848640091,3.804637115120633,8.805176833430565,202.1442447817414,0.0
762.30262450096,3.420927253500299,33.45477172040346,218.37961657464783,0.0
38.93801668766561,0.17289021079477884,27.599647854172247,12.285301720257426,0.0
837.1196278306522,1.9551108535360784,34.79036998270753,233.62062137286958,0.0
619.5262000363033,4.6390216724954305,31.87646262970519,183.57505673399166,0.0
563.3953507126402,1.7531814088640858,13.859802527073,178.02796145453317,0.0
624.6140481145316,14.787876606164062,30.975941480690224,75.42281255948893,1.0
864.4332468683641,4.62948972785926,10.498252119395612,271.65387114143044,0.0
586.936506558907,1.9548592005349223,13.143686521122193,185.7014570453813,0.0
580.9503798881793,2.986234692419366,4.316228688919046,191.6557065273157,0.0
990.6791570657658,8.815548425122147,37.40306463921875,280.36997888204877,0.0
756.730167068568,0.9606528579718276,11.640134536011262,234.5005710281382,0.0
442.29380545113526,12.936511952117353,20.824898606858074,147.3714779990229,0.0
707.3970000329277,14.42249518855721,15.653313458647705,235.2030685468508,0.0
389.23047169178847,3.701211310010713,38.397124823340064,114.82748702960899,0.0
228.875462483499,6.751429028862891,13.401966837539296,77.59322389392527,0.0
596.8518768877594,0.33201676544245606,31.141832856907563,173.00158350060704,0.0
928.1820981139515,9.610653370908322,34.2166461852472,270.1130149529576,0.0
929.1395200154627,6.208890870788833,17.424259899238635,284.26007157821664,0.0
341.9052781054903,4.050876991523335,15.12687257811725,111.90085332987833,0.0
527.677466221695,3.102556659249127,29.909832837305117,157.99165057108584,0.0
211.6358985698612,9.810346164881407,36.51583921224936,66.87033496949734,0.0
995.6311094988835,6.243255465484717,30.197269322889532,285.84799259561834,0.0
981.1179078679357,2.6948893354486803,9.085054623674624,302.05715287597906,0.0
649.5089297074474,10.33663622230236,35.53230989750821,195.77747699094652,0.0
804.4140596774733,8.476084245550405,15.503266697473324,255.43396266741954,0.0
715.1001612837,12.880080823942443,23.04917647111737,228.6654068900458,0.0
593.1582190394682,1.7621384831473934,33.25742477170844,172.03754955590762,0.0
53.34799698889769,11.784999029166842,7.5357906960196885,19.361739146480712,0.0
454.76434255266105,10.102751802258885,31.380405427102126,142.69023163284425,0.0
674.7863021674106,1.7251640524214673,23.8465119164271,41.230718497610496,1.0
677.5316138836847,10.422310948075811,35.733665673104326,203.4319369545614,0.0
373.1226184223836,6.623209333197456,6.878816073741718,127.45263022446981,0.0
941.6919866580306,14.174771783337647,16.827289481637138,302.7687196652294,0.0
167.357032236781,2.1241702592684897,33.3137237146735,51.380337779370336,0.0
500.35944621556064,9.64250086223607,0.769268138270407,175.2834873016972,0.0
690.8839765508228,5.729700681944189,4.488054670625714,228.49355009202932,0.0
697.1358058918092,14.352220058863166,39.62260851026939,210.58333093737062,0.0
648.6389567688155,4.949623429354147,11.215767143614022,65.45143448696412,1.0
275.28821345186014,14.432788642377002,39.021727748958135,28.322693237839573,1.0
156.20656868662198,13.522287766511237,7.301262040346956,56.64344549707625,0.0
635.9403268267108,4.055748529659845,14.443777720293426,201.5160668710068,0.0
599.3021161394378,12.053126652396415,30.114777780142823,187.93028807510703,0.0
179.35601028924097,14.93406302705259,26.31113628952714,10.818165890916077,1.0
705.1391455705633,3.789945032569235,23.244895997162224,213.2664325045091,0.0
455.1719917336564,6.551657539849795,21.1959670322003,145.6412639380222,0.0
667.7605916031529,7.802711048501395,33.737617746589606,199.09619109499033,0.0
837.3670797701507,4.423967037057965,9.397942513335709,264.86737537062277,0.0
169.72842857692316,0.2289725946904464,17.698837079740738,54.86769229757534,0.0
19.14486799683668,3.3019386629629,6.218091686258291,6.693915065907289,0.0
779.1025863957868,4.229053265126376,23.837663829228177,36.77621293446887,1.0
609.6974251526159,6.653995519772807,10.021776970852807,200.30719705386053,0.0
699.6395696221217,2.5665371762010283,13.353682573735433,218.96541125626712,0.0
838.1549749886426,13.098815350375089,18.850028664941124,91.65944314946383,1.0
802.8109348245005,10.573666990970041,1.0708234281251139,273.03828432572715,0.0
960.9201469288247,1.2780071633949297,3.677517436833506,300.6211944874475,0.0
535.9350788521182,9.751386767098971,27.437168828328783,168.83197252663103,0.0
488.49563265990537,9.804847146084306,17.15879922870029,161.254270102236,0.0
401.8871998907301,14.343317604654416,34.59160887999582,18.070827449727172,1.0
153.69104284420453,0.045313070342418715,27.786880145767977,17.164979973561394,1.0
572.6072328820225,3.718986747087108,0.32403766589289784,192.81836736311962,0.0
277.0125243259788,13.916872190629732,24.668493230685392,93.21677605614425,0.0
921.3075122129754,13.982008730974245,3.7489946423886567,312.0178655859181,0.0
583.1908042770975,10.808796290559561,31.23732719161977,181.00760279678892,0.0
592.8401805081102,11.4864498157131,39.66030753114008,49.35827977567641,1.0
354.92466087701,1.3722443689447066,21.24795176966046,111.37827746428451,0.0
51.989351977707486,7.708137521673504,27.311180007765216,17.148423774729924,0.0
31.74376537298862,3.473744869334991,9.492566435790062,10.96112677093334,0.0
423.3351441531975,2.718270654204259,17.50390975015174,134.8567992389318,0.0
84.56537809723785,12.154549486849987,34.243813289455346,27.759206365030558,0.0
606.8469555401391,2.0255720502082113,6.696917909850049,196.62698246763208,0.0
880.9730056396575,7.029774554945779,10.621424224550484,280.2131812551887,0.0
882.9148165187222,14.078673593790496,17.817347011441207,57.1544248216889,1.0
659.0454101322324,2.787480833480138,28.48995567376056,194.7989790206917,0.0
211.23183147293102,14.669901356073519,15.035358191826953,22.095392268226856,1.0
862.9968313588721,14.914319786415886,37.10929119132015,50.73201350501261,1.0
886.0934353132081,8.334257320236043,3.778282050748767,61.30956048484844,1.0
196.6535849529587,2.5521411026573686,14.8321679017939,16.71130561487645,1.0
737.4260857706772,4.741573319113435,28.358164937136877,218.63813867278722,0.0
286.51954892712297,6.367392490148028,9.039470626459698,97.89012606359336,0.0
802.6403123529296,4.639863365373344,26.256525369186917,237.96583438629872,0.0
997.2378999036026,4.2095336981477365,6.568678329093838,85.18536289466635,1.0
30.026005329392813,14.583445638245363,2.239211394467455,11.289208303513837,0.0
897.3658657909319,2.3004724112361847,4.840628669945954,283.3540881511453,0.0
622.6305335986581,10.999918630752934,37.19939132536539,187.7826358246454,0.0
973.3826191648211,0.006154341587623069,22.070035317582054,278.7614791459499,0.0
465.0095175264276,8.942740041035652,31.85383101918596,51.89351679450256,1.0
847.3879305713738,13.739145059310786,13.306180036202049,278.62755065029546,0.0
62.39406859827723,4.319011411398285,23.706345915417867,20.43732984166024,0.0
335.2790500782957,2.782889628865788,19.798085348199663,106.99655829354762,0.0
67.01653775120997,9.775196923176404,37.82951837609176,21.430090016893264,0.0
975.3431334790705,10.689021109475897,29.902985442164415,101.64100686657227,1.0
816.9739072718368,10.32045778427972,29.221705259863164,92.54095724515084,1.0
852.5474212459704,4.789753200320611,1.8541307773711813,278.0031115194286,0.0
937.9652314338942,3.783036032389963,21.986786760147645,276.7958633631377,0.0
85.10348611978536,14.338781999430664,18.679658156072595,29.986428231853903,0.0
385.5975925133334,13.849492624048942,37.113690664247784,121.95624907677755,0.0
71.03488904400213,6.8597491483923045,10.29367952758129,24.8101474810856,0.0
210.7931015500286,12.692907992315602,10.793338131643772,74.7178187784475,0.0
229.36577703767236,6.78485216451444,16.453849955260015,76.8738536294745,0.0
469.1072110475787,6.365835271087656,9.734788536255042,47.67513165300459,1.0
268.5621674536426,2.35144421398942,5.16735671234998,91.20042730187252,0.0
100.97810681776109,6.396090847379592,34.29659386603203,31.95990352832509,0.0
167.4910890941077,8.061254078997106,22.331060976156635,55.68445461415889,0.0
147.27556355209092,0.337564911430297,34.45450875826267,44.60843856358822,0.0
973.0767979122983,6.661695077631096,33.24539061614784,43.37158365353829,1.0
759.2925069184736,11.720343275928006,11.281694191586844,251.25418681289364,0.0
967.761465269562,10.200690845614048,21.90949777297096,296.5019148166249,0.0
439.74048650790854,9.527354832959025,3.328708109602818,153.53351766522528,0.0
278.3684816626566,13.643331426558037,36.61007536123034,89.2574479346193,0.0
798.2931972091867,0.27048014737845016,16.170508602606123,89.58845769058179,1.0
326.2539180411468,8.355713792883513,15.747047355560856,109.41205700775195,0.0
299.3833737053483,11.810232726145607,12.110214824718128,11.451449940099206,1.0
232.50599220783118,8.12003074051901,18.426549788428154,77.90723485360044,0.0
129.67897822423535,4.858433288705688,10.070375461817921,44.53933937487138,0.0
256.46306101676595,2.0437584763796677,14.994090911872181,83.83351694009919,0.0
355.31974847388767,13.313446077242869,31.997881943395274,114.75415452679457,0.0
673.9942081457305,7.061435885814045,33.370220143406875,78.77026909751802,1.0
62.56484221945158,13.17172795478552,12.167299105140646,22.48036646273777,0.0
210.50693966534294,8.787781836497524,18.760577222111515,70.89358739512436,0.0
809.0236402916764,10.112881749225012,34.95279105120209,239.1560062963011,0.0
146.92192358377076,12.06391731567675,2.1069332731878854,53.89449427744393,0.0
342.64514652252154,9.887333169002016,35.565798479831415,107.00872480375351,0.0
864.65892185814,5.970822610184065,8.767373826093268,275.85977796814973,0.0
154.92531114344266,7.704500758929765,27.14156976857503,50.521500323923384,0.0
82.7368356181899,12.045682870138197,23.30206785538401,28.30625464774051,0.0
484.53799508001083,5.604754445594763,22.117629927570086,49.336462072127404,1.0
302.4195112785364,5.8218218515274565,34.374408990112855,93.01388235378566,0.0
563.4083644838541,1.4353517408700172,4.062885745786451,184.75315280640564,0.0
803.8048904834751,13.718766528326215,13.881121013025442,265.01936679506275,0.0
137.14848815274317,1.365544724181626,21.530109853790623,8.8335189554067,1.0
580.699084554285,9.723137661728337,32.45155415784159,59.3138522116007,1.0
505.50876038986394,6.197917182041966,8.65772333646686,168.5399463145082,0.0
144.07878601319956,6.084290853831636,32.11719365497105,45.67862380064847,0.0
623.9984855289824,10.19327754859026,15.98553929975743,204.13989444880508,0.0
273.64041786077166,1.0064059894481807,7.556554257347816,91.32806903266395,0.0
487.8343185440125,8.905586744271519,30.359457617739306,151.96321135583764,0.0
82.27232427706188,11.580476789585322,3.635956058981913,30.146326620883766,0.0
459.58405721362305,12.423191368298912,20.590694963017718,152.51223868329296,0.0
306.4634680428203,2.5579558409066294,2.5550313544755365,104.77147424222316,0.0
822.3812111853543,13.461285751172605,14.256714206311504,93.61674860195413,1.0
56.97872699736828,9.842191377711632,24.043071960255705,7.096231292563734,1.0
418.60727491832995,13.227822012310241,22.244621659488523,43.98640452043569,1.0
458.431424131438,7.279210756652974,16.18621671618666,150.20687176613956,0.0
725.0060762991187,8.13050017645803,17.16191975888463,51.1559400522687,1.0
574.287575090211,13.785574155430067,9.070782134030662,198.01726084635703,0.0
667.212337194181,13.498643150320076,18.235303536964118,219.4830029015628,0.0
777.0492856517561,6.7224131005350305,38.13019422883337,222.439443255601,0.0
862.2029736581887,4.1161894745352265,34.01811671135162,244.2201133354237,0.0
313.87549672247053,5.897556518463962,5.809314763053752,107.92124536454142,0.0
538.0227053639029,5.816464927946246,1.1912314928368373,183.45646941984208,0.0
840.1080784391999,4.30300312474191,37.340972508665224,235.40262775766692,0.0
989.4511309650564,4.0286940649944984,21.069989995229903,41.42182453892749,1.0
889.5193110437631,12.915944047195792,21.513512925972307,45.37614434275593,1.0
371.4672626243768,1.0479288102699251,31.228719828260893,111.35656858323304,0.0
195.16651721865043,10.164167731493912,12.587558954853062,15.1144302577875,1.0
489.3925374065887,2.5923007718467845,19.276302753440085,153.4298833652393,0.0
741.6414518360423,5.167588400910948,38.7465165258695,210.5128471537234,0.0
492.5690707532976,0.9231455120225529,26.885947477296284,23.027369189250937,1.0
483.1808633136685,4.049604552831931,6.149801279831437,161.06802669486154,0.0
838.2304210818006,11.526316066758632,5.329069919374132,93.20572826045385,1.0
361.40377906718635,13.275229868208879,8.170590333320217,127.63053265615054,0.0
859.7946748116456,3.3229072785355056,30.6684669768287,245.99433148329098,0.0
406.80480095172356,6.9532175888838275,11.815080153624642,136.11915263373922,0.0
328.2331056783394,7.054860719058096,0.8555538670031915,115.48752905564311,0.0
453.989911199699,13.103629586396012,37.76697454022647,141.3652075858787,0.0
762.4469586748685,11.44198579313708,6.788536655796427,64.29311977821229,1.0
126.00202786399429,7.696158275520748,0.38232744592274326,45.54327759685856,0.0
196.4192158720174,10.061208007076601,9.48526409533292,69.06765165972483,0.0
951.4448256630919,12.710325808640503,9.401151484725347,311.91679106327797,0.0
175.49162738135738,0.14308431038317415,16.880210033828924,56.8468579965333,0.0
567.7273179310546,6.043350465750729,36.81559326000147,64.46171386390245,1.0
579.3144666619379,13.60864750915618,35.16739671116392,180.0907119162083,0.0
489.6244620502448,11.10469546265927,18.27578219929712,162.1276024755249,0.0
644.7452485768185,8.14262061501112,16.43599619967226,207.5032240193618,0.0
229.82672579761842,7.944667905527002,22.20036345899405,75.8455661449431,0.0
552.6622677767482,5.2165514640665664,9.738160478870629,181.45488519784038,0.0
372.17325524689716,7.807808004622718,2.0873996786545135,130.27093617151132,0.0
661.6672596291891,9.8307479919518,37.56896544684827,196.76577438164614,0.0
141.22354337314945,6.275445576431896,7.467959395086909,49.296462150160245,0.0
570.8774168394763,10.71229719588261,7.936029169828656,194.37679599885493,0.0
185.2703553833237,12.918483408905788,18.898413154157904,64.01074801909598,0.0
278.6430631150364,2.3202727227729176,19.664533793613227,89.32862665611921,0.0
218.70980032358324,6.773205342261367,0.7373683880296777,77.78682326436092,0.0
182.8377798688171,6.120301369276216,5.918189550958828,63.838674796663874,0.0
825.710951560667,10.311972060745921,15.12619274242967,98.8651745680997,1.0
285.70756766089033,3.7480119788689406,27.34922774042156,89.48875318289149,0.0
927.1237818644494,9.603763724284144,9.136738273277434,299.59323402268694,0.0
969.9265253451908,13.16233862597232,16.920577849670508,308.79373479126673,0.0
571.2604699370974,6.27197399690434,22.29380258865867,61.10700894821094,1.0
143.0011226657264,13.6652354996883,35.54369978493168,46.797127877819776,0.0
374.54824337958127,14.897456084002176,13.042820093084933,130.9142195031978,0.0
797.732263348214,1.591380749219281,5.342330634539341,253.34728146291016,0.0
367.3907286970705,3.4957978197728794,19.57088903590433,117.4009527605031,0.0
87.01721830278875,14.255696272231399,29.868864067362484,29.394183976569302,0.0
556.784910928188,14.374915297220802,4.394390282109337,196.3192845982329,0.0
845.1208514960348,1.4656091308013774,16.987339667878416,254.05814635841685,0.0
795.9263871435024,0.22497750565705021,0.7114056504993371,255.45876969296356,0.0
175.12314013035325,2.4165003488463337,1.3423672658900454,14.867885515395638,1.0
672.7646144124667,14.940191750733725,19.318134528666626,222.0956074976783,0.0
220.50426343564712,2.699994249160303,11.927891926037177,73.52690928678474,0.0
218.20753455217223,7.538214100830347,33.80429196021649,23.150447906599663,1.0
874.0717733051852,12.726265896457665,24.086172245058172,54.51687727441272,1.0
249.66895274023017,0.3060241603230951,18.157318469719613,79.83387242907786,0.0
263.24734651801117,9.067334733876892,16.317414842171853,89.08666480995846,0.0
0.6533907612995549,4.155381733044365,19.88981920758253,0.2185554684283934,0.0
870.6690341255177,12.935023746595974,1.6175532485064537,297.1864074216971,0.0
792.5948132091347,4.2519172389611875,35.7117342568264,225.11041725025348,0.0
627.328935090678,10.301335804228634,39.93212622935833,186.05071382095844,0.0
750.2657639388423,10.113294486710954,7.259484994347947,56.45063910070557,1.0
152.0485674244918,3.3224032328946,4.8153185909847895,52.666087322317395,0.0
458.3235945875754,0.5219879980252518,5.743098537943809,150.35370822183896,0.0
351.2193873487809,6.1387436067809595,26.441082329374687,111.14512345070182,0.0
93.77652625701649,4.337897279488045,26.45763353803099,30.276874310901878,0.0
486.1304852149241,12.13466624420563,33.916966491136435,26.44001173034092,1.0
920.7396503426354,12.005462826830179,30.07305553705013,277.3273120780543,0.0
40.05911905069448,6.855359282889382,17.98758693477359,13.644132278253394,0.0
291.4609134937939,9.097683379848284,24.514214462612752,95.27777358073621,0.0
207.54093620570347,9.063892739803878,27.531386814720314,67.69838545061928,0.0
238.1466536656963,12.407372226414351,20.509458811409008,81.07112598889965,0.0
908.4345518793752,6.375036211847963,19.026039378065466,82.8201568170525,1.0
468.06905423429015,4.131700196857636,25.80389782570613,144.60058391414267,0.0
466.2994129398188,3.975523772108212,22.29898195902615,146.03770712083664,0.0
760.5756424552823,8.042884189233062,25.757692213436414,232.17817836677617,0.0
154.4922040049258,6.737223040983189,24.514190958534556,50.61547792964528,0.0
487.2653541000508,6.601811564774042,28.767862420546187,150.63400323071323,0.0
429.9852141210597,1.3670600863456084,25.712140351315043,131.2322542257331,0.0
596.9106905466562,10.779056110352935,20.78969945749069,192.89980877522373,0.0
999.5577032504386,3.2060503197286607,27.27187245137546,284.7386093828558,0.0
769.4488940820471,2.9543044531308205,17.979278607417122,234.7680528063169,0.0
397.86570301742717,6.191374804160902,9.666849038904042,133.77670482622958,0.0
827.553052274047,3.4166751242670212,0.056728805356618395,270.36933317256893,0.0
170.70836331248017,8.757874009620231,22.398565885833726,56.94656068644944,0.0
30.463686308960124,5.571950090017072,23.62620906434564,10.092216879819738,0.0
204.44837246427306,6.733675838891852,38.88195859102857,22.025724279675796,1.0
340.41155611425967,8.057539824060433,14.459133363771022,114.34117186797327,0.0
510.5807574595599,3.0530328372270725,15.76532971313247,162.4034339149814,0.0
615.1291405411998,2.336274342982947,8.071983253687609,198.39916977182574,0.0
910.6057172144217,13.206328543104071,2.8213718094928764,308.49276054949155,0.0
509.8540095504577,6.505855542471315,30.912179714469623,155.6815044149715,0.0
501.2756446257294,6.181404144488088,9.987242573573,166.34112470650453,0.0
50.24300982298213,0.5341822540926222,24.356194441201517,16.073762265648163,0.0
34.91155265622381,7.469644538810899,27.510921421819262,11.513380910484965,0.0
551.159961916372,8.312545824165001,18.84946749166591,177.84180773551932,0.0
438.1786132483445,8.382613064319997,35.05408452108767,134.2576335843697,0.0
839.1803949802986,10.605467539843264,17.751793639189152,266.3690112266426,0.0
160.67958471184517,2.6622275248651768,11.396344921670604,54.04523056367486,0.0
24.971662117049597,3.783347013459282,35.84062091846489,1.4930946089776822,1.0
449.03876793012586,12.160956978456191,34.46257136999826,140.995414845,0.0
237.47855675225748,14.20755925265091,6.56159788305652,85.91035950532788,0.0
49.614373338837446,2.03899121050981,1.038440734156838,17.49802036144727,0.0
724.598286847629,7.464743317578273,3.5994222539848275,241.94371032915907,0.0
111.59299995724747,3.212643791093803,11.461895942152683,14.084333869407265,1.0
608.3195000077717,0.9010975253247366,38.89039206966843,170.68893825870697,0.0
281.04975016688917,4.882550071892031,22.340646126433,90.49412945696179,0.0
173.49605035502202,2.155314377763191,14.930469281170753,57.31701479738898,0.0
379.75152291931744,10.648996101513694,35.548643784509856,118.61969836007638,0.0
801.4457762229537,8.005881205071667,18.125453259139984,251.16925446784091,0.0
392.09357690457267,2.1575170648546633,12.609545136040845,23.47951569848689,1.0
750.7696492110557,0.1386238260827155,37.6487811498263,206.64646550091175,0.0
125.4862967991507,12.12235573536319,33.98070664770712,41.02911814907579,0.0
772.7714196650791,2.6429160924637127,33.746735016777635,34.85321690125595,1.0
236.93332490664864,9.09324963331149,20.491389722008524,79.16696325342129,0.0
677.3931298888727,5.053828696151184,31.5775359526182,200.01536574887726,0.0
565.7815548409964,8.782289074725535,7.174134370582075,191.2076254721804,0.0
929.1447172116873,4.73480440473486,22.928918302249745,275.08504896660963,0.0
387.32251797531404,1.3040934103838127,39.35383691390183,112.03604526705183,0.0
66.16518883444044,3.344250128366304,11.638337220718466,22.561214201622924,0.0
19.155485551252905,2.820878497186134,31.774093169907008,6.053318798227377,0.0
826.8585609727531,6.420290286594658,19.61913628832269,254.22849158924785,0.0
524.7356376614322,9.87425675139236,1.5922273288834932,183.0124017542702,0.0
775.2440518349492,3.9570911241953635,30.520775912626696,225.4112398191331,0.0
234.4256000115147,0.18104902950926927,6.742765775684512,25.177997603059875,1.0
345.08374551323374,7.784060463971353,25.258942685310007,110.89705578800412,0.0
30.103872211318937,9.086392340384581,3.426567761878916,10.95491583646398,0.0
961.4923245741121,14.443057410027146,37.87469589983859,282.99579956844303,0.0
667.8679067008134,8.842062046398702,11.668955487214436,219.32405945450955,0.0
933.2050877593063,7.067588390672127,9.058587667095797,73.71340769674158,1.0
265.49640742907235,8.601024388465557,5.165456162653372,93.37697706414964,0.0
611.4636112256609,13.918509447930406,37.84008773356191,187.6019418005355,0.0
678.4999682926378,12.425672184024693,28.476149697652207,212.61028566866162,0.0
317.5497002575884,4.84468100045712,29.66643554872355,98.80077566710561,0.0
848.10923501563,3.5588154548570587,19.976182455209784,255.0230693793084,0.0
947.1614629002478,3.9395041854911046,18.989111410819337,283.0940447636067,0.0
884.8551176960043,7.566315595728195,4.400849719659066,289.2731202634756,0.0
739.0669759393726,11.160741768428666,22.39364382335967,233.829400853578,0.0
277.464679724954,7.5482881077444315,9.876659804351618,37.46334064667131,1.0
281.6160421056317,1.016945937421689,39.085813312016235,82.54409486259203,0.0
963.3603204460379,10.853710506599713,31.863237600605892,284.2501979833541,0.0
10.284495935692028,12.089551930064308,16.519682407715504,3.637336411607454,0.0
716.0499732421445,4.3424679767957945,6.053650347661321,232.78250965070274,0.0
706.2461625552622,9.961886089250257,31.413267645551358,214.55616184896323,0.0
622.6895409497974,6.398878515815901,4.88215068325264,45.986537011621856,1.0
990.1088460868658,13.336790335911642,7.57335013988282,326.62955139568754,0.0
311.8794357637252,12.678383372411098,8.460820709769097,110.26075641762594,0.0
339.9718637932482,7.881479974644634,22.275625530923776,110.68284508639572,0.0
78.93940294655555,10.372583187203917,31.482266159614653,25.93844469996611,0.0
442.7981365437374,13.25024551533156,12.572595148987688,152.47492632146276,0.0
261.0485262348481,7.435755151174133,3.3867925710115765,91.86749043105502,0.0
343.3867021776442,4.698761107332329,18.581538540976766,18.982306005458085,1.0
834.5717902556277,11.304992068643719,29.92440964639742,253.1713448972505,0.0
935.4845135274958,3.3009938217703767,8.866553723495532,290.99753237907544,0.0
185.73307200518562,5.827967220090631,8.796981921574968,64.04028222292835,0.0
372.50893155346586,12.985908556601904,37.889081093868434,117.01644585123405,0.0
928.6305621153941,10.866335104039726,38.16614908476711,267.77181029148363,0.0
61.808460689222635,6.057165078712488,39.618629282463054,19.194275454810484,0.0
92.36052811137851,3.2211675361253613,32.30638406299121,28.93524431970492,0.0
162.79098920622937,5.339525862483548,7.527366766717822,10.55589699210775,1.0
595.2128341268748,4.261562238411495,8.479260831970453,37.56953738856898,1.0
150.47227100599747,2.641339319157809,13.60900966089568,50.238734458057436,0.0
968.0763814507335,11.14999370348485,12.725301253339634,309.731652141527,0.0
446.7145272585203,3.7810483027525725,38.26110996312036,130.94612363299333,0.0
501.5179603501664,6.812512052516457,31.562959315267744,153.17418995895315,0.0
246.6586158054065,5.787891702541636,28.960351686462154,78.08516471987951,0.0
470.9602524347335,14.731160679534462,7.438528962325273,166.0971492978503,0.0
661.9136326370116,5.866383662223308,36.381022374493185,70.2683858377336,1.0
751.1771369540428,1.199737241951322,33.11481518024695,212.63671123428685,0.0
753.868082709913,1.3473862885812604,6.545673653116948,239.1721766291302,0.0
577.8911126940883,8.861305820295971,34.8468132784389,174.64953979935993,0.0
904.3597749938572,8.990453276073984,10.889901454818851,289.9333858148888,0.0
817.4078473061094,6.281384857239825,3.2347898332842417,268.54403540649696,0.0
757.0481146986255,6.477655384680445,26.2728922605684,228.42953951292913,0.0
55.605521680460626,0.8089887426130682,26.152186375373226,17.679397934078278,0.0
6.877962219649314,7.748197655838934,3.7972803826247237,2.488115948270667,0.0
212.44727719547296,7.571092130705275,12.754072357463295,72.66829411644346,0.0
663.5235939134523,2.2432397783541678,39.712578490221546,185.7836960153825,0.0
411.1974888825458,1.5575907916639138,27.137066680349477,125.1953032391181,0.0
402.4062592993117,1.8535873589923573,29.203006664133166,121.81909432669566,0.0
884.5868882296137,1.515423697368878,8.516691424172226,274.25741787212587,0.0
895.5628481318387,9.145622933051397,3.151282840156573,296.55340433258345,0.0
909.1752640535857,2.947239786043779,11.076067589637507,280.5433054493481,0.0
313.8780765150273,3.7714522828119517,9.95593540772768,104.97485063774687,0.0
691.0558127392618,2.603582162271596,9.381764029922124,61.495134875853985,1.0
271.63318127436963,14.367529566727546,7.710172875481582,97.59397779702768,0.0
190.6098330744498,12.81926194727753,22.990227626216175,64.78181563036067,0.0
184.6324573473692,3.4574225602728133,13.12413903367287,61.805616686175036,0.0
342.10762086359404,4.91349440883189,32.81380060190122,104.78596041982615,0.0
429.9576197798217,3.1483926345749573,7.35789671389536,142.7959912223976,0.0
830.9491710550684,7.378139391912356,18.58508283474178,257.98368682978526,0.0
119.8910934727121,0.2941579871138039,0.5463134570431993,41.63358303042918,0.0
734.9258473948942,10.070520133451936,19.267292898207682,234.0386876831727,0.0
531.4549141893053,7.847372247264625,2.2335288350589755,28.26366444574204,1.0
287.9453426759925,13.479583924516549,39.108940474905744,19.280659632070495,1.0
492.8195845328246,2.465890264926212,31.623685146016513,40.17364000036591,1.0
299.94206977702265,12.061638690916975,19.604459065458215,101.54444686572728,0.0
596.081955238306,11.879415217000735,3.4634943271740104,207.1299300782977,0.0
433.8439228552442,1.907717838253304,23.697817631616573,133.91460585574882,0.0
164.40552907887874,5.978388362161914,30.3505500280751,52.33301385512981,0.0
116.58307455569673,2.5522896171677534,7.628690120189812,39.948226062944556,0.0
546.6956820721301,3.8208075068632334,22.728333631499634,25.039714752463926,1.0
902.4130332861034,3.9486926224581653,32.56843593531472,255.60057874302538,0.0
343.9576865576856,8.343545910386592,30.729911105852654,108.5108583558967,0.0
733.0001072226232,6.171163976406983,32.11968071468612,215.93321106859625,0.0
658.661354939767,14.21599206009458,35.17293699478879,203.51367903190643,0.0
931.554914309481,1.895552129205077,37.50728408637881,75.94451865101361,1.0
820.9810172991408,14.605382022752982,16.220846208141438,31.346333084533036,1.0
566.605258905463,3.4595796032139594,22.75076410091509,174.38057219571337,0.0
657.0304982341073,11.593109045727797,31.626381041824434,202.72480917943096,0.0
898.3864665840349,5.084548892592321,27.885592557831327,261.9432024504598,0.0
399.51878458693477,2.1462209312597085,39.82080913057515,115.78397451011149,0.0
326.7947058577774,12.868337778693599,0.5471060441857656,118.77614892506371,0.0
10.81108363519634,4.632913488546948,14.205328612631627,3.7006039563524284,0.0
826.5510741914642,9.882831063402634,11.241117050808098,65.21032959345101,1.0
800.9807004033648,8.496655276299398,10.492634006621383,36.741549958943445,1.0
104.45451810015139,7.076344640863114,8.901191299955432,36.57809240742324,0.0
576.8573811327002,7.4372920897280865,28.36495363260916,177.56889478965257,0.0
463.9816981668874,10.983568711384313,3.390378931012874,162.8259648371197,0.0
118.70909550911146,1.3165937118516085,29.664353357733532,37.037126017765154,0.0
980.5682270607235,10.022709929368578,27.73703368065094,292.29403318091073,0.0
214.69588746335543,13.43718152097868,10.032165300035857,76.58500622697116,0.0
67.23418009056115,0.8668229552979623,10.11335132660645,4.457115918128333,1.0
594.8473795019096,2.109800088505001,25.154423413780087,179.05561337129993,0.0
738.8666771330327,10.749479050530471,30.486844219347113,225.534146214527,0.0
32.44344604718697,6.559224723669264,35.05942452349462,10.33232330164621,0.0
658.7176387270222,6.053229312205326,34.08558255417903,54.78739534553376,1.0
532.2918759514545,2.0544995181635377,38.59531976655413,152.29010123909634,0.0
103.26500887504841,7.601550610766822,23.255395813460446,34.37306906976908,0.0
172.52387694636207,1.8981796679456586,36.34622245361439,52.187855718247825,0.0
567.9742973160805,7.149306844658106,32.340530930416435,171.82391188048211,0.0
296.35761351328836,11.45422948442485,35.78670497256054,93.88757549352951,0.0
938.315728651316,3.8739653683074526,0.46506405141466534,302.8990210839114,0.0
818.7402294840508,7.21179252269591,38.63611967463244,233.30230747596724,0.0
983.567206513663,14.880239540952536,18.941206513859132,313.32156438639754,0.0
259.670838950414,10.29975635031056,31.927319582993718,83.33803273021253,0.0
969.7236327979771,12.620351569577979,5.0881647735112345,322.41452470739296,0.0
431.2338697915579,6.222714098408186,15.837643832558964,141.06351854414865,0.0
347.51879531375465,11.51791384688783,10.858426520839636,16.442613851133167,1.0
50.34952696935324,0.6076375941198275,11.666350820037481,16.932561694070646,0.0
52.76525785960262,1.8436677381336746,4.93022479803527,18.320254157980102,0.0
692.0112559466547,3.046058893800932,32.23055330172028,200.6971685448,0.0
457.9289944340279,6.0292788692282935,0.36969258324312637,28.284047656184484,1.0
226.52162603610572,12.686173174886447,12.500218279408099,79.65831019678262,0.0
613.9703063252326,5.193990761818958,6.976421728656601,34.25112981954758,1.0
252.85811825011118,9.819317902731942,23.56155762433362,16.704737163121653,1.0
577.6317543444226,10.63971442205225,10.170096104581754,194.7944499739717,0.0
359.20874698269034,8.79273531132512,10.359938181123987,16.868977582093667,1.0
823.552226611819,5.358629522552043,19.533525759812747,251.7280031984473,0.0
820.6961607667793,8.655800125703164,26.107561573637028,249.23452916322813,0.0
477.3503981224013,5.133983891846193,4.852188182606545,50.232775613146124,1.0
350.8191093350156,1.2581060782801812,7.020458098619846,116.45718306093583,0.0
362.55979655909454,14.892059672790216,9.886989783780704,128.35164679001798,0.0
805.7145256682179,1.9077368044876635,38.94992856471842,221.46474408452528,0.0
328.179482797612,1.0852257575408601,15.886099997716814,34.410129261889765,1.0
209.05937370684603,13.177961238107338,23.95960362524106,12.235575511833957,1.0
84.68834187530683,4.5275199133934265,9.661712508639116,29.22372912332575,0.0
466.6931208844084,9.754454611102615,19.618381006299515,152.93347329245353,0.0
482.1320989198419,4.935085944933492,2.964766975438322,43.56447077156809,1.0
840.9087104029071,5.871814061917068,1.3896858368930776,276.8306714171989,0.0
221.23869644606398,3.9316945802519476,18.749341072858407,72.35702962684115,0.0
380.9912736683999,5.145660086895153,15.946371500736483,124.52251998408586,0.0
808.4057388936909,6.160506008798147,5.475212787673107,263.36009243425354,0.0
823.6236107489735,10.806241036385144,27.504057156829347,251.95934645278132,0.0
384.6110759787682,7.673042913521877,39.71613963597058,115.81659422538574,0.0
459.1240232866809,14.153478257354655,15.8258728478685,156.693151678282,0.0
303.2858908492829,0.6282059075816326,24.98234543669578,93.89202704269982,0.0
932.5548784193121,7.546024839480422,38.519037694579424,262.3965957483518,0.0
118.64376574158031,8.763371832475771,33.26139889787501,38.167125526496626,0.0
933.7494230014701,13.802954791114109,18.54208893210743,297.7837293350617,0.0
683.8664518353432,0.7373778543214138,29.499579378396774,197.90810089158322,0.0
531.5721526867312,8.60249377402824,5.125401610020961,181.5552279259772,0.0
32.65906078449588,12.804448927919356,20.484154218551968,11.4016281142109,0.0
475.5961918220083,3.6289159217885487,11.162411087197462,28.180395377247667,1.0
407.7481050027323,13.144385227859061,6.446547515846444,144.06886794301892,0.0
161.21881197512255,0.28565113911437734,17.051236250181393,52.32067403275297,0.0
656.4096035006569,10.986819437005945,5.240582177344577,223.9542350746473,0.0
971.1509073682857,13.996698317529795,27.959404326979424,296.9715654464413,0.0
562.1888110645251,9.857964924600934,18.24960176213342,183.2621692388109,0.0
714.7532764439458,6.585438659706719,21.245785302586555,221.57559650442892,0.0
68.45045256601678,0.6732152470907704,5.8550375467262805,23.49011633229052,0.0
417.66699581699476,13.80170719983943,5.590866443739779,148.39898656155268,0.0
116.35848516449587,7.054443340373622,23.336617410404962,38.53856968774646,0.0
612.7958355365104,0.43495116503922016,39.400389913177854,170.89113885132826,0.0
938.4821582141545,10.347316069931429,3.8500233295090247,310.5447804702733,0.0
661.7777324716385,7.2275588036438725,11.42925714263125,215.6304790434906,0.0
76.80304831442153,1.865179761636161,34.7783646615155,23.664217414632184,0.0
354.66620498508286,3.2140771396538934,2.8908804902094776,23.2500302423183,1.0
550.6633794408515,0.9673602068376941,35.03542885467805,158.51754461464554,0.0
403.2077561332522,8.614403095628603,20.97143933499005,131.53162536350933,0.0
833.6440104751723,9.330442188780138,16.330670957057034,264.2645345700982,0.0
814.6710047099892,7.586134475331666,12.387222574058235,260.2273991041825,0.0
611.8310201032215,12.256531995039223,11.884686325113677,36.39863985062042,1.0
373.4579451327053,12.915132319620204,12.232103297979151,43.7402408465675,1.0
255.33637376324413,9.2343659502469,35.392123238407834,80.33473374467403,0.0
105.87431821312931,0.1913471956114582,28.95180920699142,32.952693044335284,0.0
354.89768348655406,10.428444836216034,26.788920313246024,115.02401612327986,0.0
413.1725172077195,6.269988253805273,31.949965958080032,126.95824479715897,0.0
675.8229251040736,8.483362248395805,10.2845865201658,222.46210855594447,0.0
658.1598242975734,9.736209030283266,24.721712483270228,39.15287836664657,1.0
70.10813964125695,5.253549214906151,18.40264955831804,23.5450664729338,0.0
395.2593154311578,13.756477577576915,31.297665408007735,127.73732353515304,0.0
181.77886721736192,2.009623001246718,12.37024441893142,60.54040737170604,0.0
156.81270531680568,10.072677109215562,25.72714467479583,52.1225340032574,0.0
827.3021497372459,0.06539369934870642,35.288496472692536,227.66352294165574,0.0
41.91521671625753,13.869766581077712,16.086019047797148,14.939853400043647,0.0
419.18287590212134,1.6875619985713723,2.664883494698458,20.960607105004897,1.0
168.20365576651818,1.4232634522136194,20.64203289367171,54.13665666547119,0.0
879.330215678474,4.995114495783664,13.838899512281039,87.71858021679616,1.0
557.0405132750351,5.603494290586209,26.889015221887,170.9838160777291,0.0
231.38063637684803,3.2145010848431794,38.04131698994424,69.55161710483134,0.0
502.4272871663764,8.77682491390687,19.42433271987388,163.13570343392257,0.0
731.4863597031158,6.643711470629453,18.647609206221354,228.80740452842633,0.0
958.1180089194338,0.5126338356163113,26.183392007658412,270.838675238484,0.0
220.44600424541895,4.794780933829509,4.139900143742707,76.59215225131035,0.0
886.1817721293452,12.156493703597558,10.140247557000585,290.961453424317,0.0
934.3041141674903,10.34552302292803,36.75917302001594,269.9525844004603,0.0
916.4205445320662,10.873062803698208,26.79770453455065,278.02794436388757,0.0
635.4143568619098,10.471753861252854,0.5377617593366502,220.49991496298324,0.0
629.8206544347076,4.6645953207455,8.185018902360795,205.50675458777584,0.0
403.2106331838228,1.4949588311516382,27.313490641155962,122.74770531025149,0.0
752.3978823037879,4.08700776049644,30.57596810250297,219.56304737396295,0.0
531.2940183509319,12.47677950277739,33.59438290696168,166.05749480569094,0.0
677.4380712282945,14.707061966746068,11.687072135281795,48.754160207994744,1.0
428.45790384879547,7.40770522112342,37.24114385110251,129.43770962302375,0.0
731.4964640431391,0.1455053238456333,22.117875743115697,54.50749842375857,1.0
824.471517604549,2.1006721820134358,27.861560895515716,58.689781993997386,1.0
146.43625660281612,4.831208629743987,23.86955451119632,47.60638873453185,0.0
832.929715574228,8.678780228894245,4.909602186984818,275.1953687276852,0.0
540.2965317903072,1.1264046870797095,38.524586375395195,153.50031921388236,0.0
844.6659090902243,14.150359480648223,4.915023195766106,46.94908417673351,1.0
431.3017063410146,5.476255099266011,10.195278256447345,30.85337806515557,1.0
379.04048538303505,13.688763268872345,32.545115208919206,122.07738846528916,0.0
915.0607325172224,11.707827041355326,24.74387846004406,281.53539168050406,0.0
251.1692675484013,11.331559087733718,33.52596661505428,80.67518100838693,0.0
844.2123252861431,9.10079369673348,20.629447534961795,262.2546244977702,0.0
484.02057250940413,9.40175725577767,15.079729414665394,26.6762260758485,1.0
514.0954425512597,9.570048528243722,36.873819981911396,155.99441622774742,0.0
308.468281489484,9.430820805383732,1.450092700591794,109.93990786049515,0.0
573.0422006190157,8.305923470975419,34.24520881412184,173.12102583806725,0.0
325.2111962762113,14.796210277243333,9.232711407511264,115.80859911125918,0.0
39.26941424165231,10.984358511385441,33.949453110158714,12.885344203508685,0.0
271.99860534435606,11.654195825887818,5.567864536675424,97.0503108585919,0.0
6.379043406590679,13.086942226255113,23.20875854762162,2.2146428819991293,0.0
978.3547870568566,3.2345964408877377,35.52431676045888,269.2143523438258,0.0
965.7472098197475,1.2570623864259116,18.94158587595562,283.04470468008543,0.0
395.15529747230505,7.2434165489789795,29.86266695213572,123.48965903382397,0.0
728.370854339646,7.7112104342890975,32.18686471422234,216.79004050876142,0.0
345.80609841042497,12.437726699248765,29.45976834867117,37.2302156448025,1.0
671.093157085976,6.656753689235035,37.01318947498393,34.171652069609536,1.0
805.4300430459791,8.56279538316469,17.873369220797144,253.4157896327858,0.0
946.7562446922408,7.906064077701875,6.925017566606231,304.8178116651745,0.0
400.212275849672,0.5730417563608659,1.9124425480991913,134.18483765764503,0.0
783.2979829560477,9.22822344895371,9.858394785500204,256.15473392627933,0.0
265.92845063211877,12.420649286613784,5.727900155209684,95.28330254779586,0.0
990.3323037936483,2.362508221137057,22.31794965737922,70.16310016565907,1.0
25.769598764351144,8.914976008898936,7.39781348846928,9.242472755668034,0.0
603.5288065011209,8.904158166696215,1.557348291574847,24.752161712580683,1.0
659.5059816513271,2.462774460845381,1.4395931547467145,217.3473308095709,0.0
688.0455570741289,1.8519536059610404,33.26277993459446,197.16526369651604,0.0
120.387578789089,14.700779144647273,23.657997257720993,41.57228402642995,0.0
938.5297834731305,5.9057875447955634,14.323412075735128,289.97341855433484,0.0
181.1832790500828,3.4113259308529393,35.76912170960988,55.40726577607004,0.0
622.7534032398411,2.569868166815624,2.807864456308544,205.15138038744718,0.0
222.67607912308495,10.014025703748526,39.212882909113034,69.58264016006183,0.0
307.2164170212709,9.141679459909183,24.65167161017844,100.21423316788385,0.0
546.4585417281244,9.653281844811263,7.338570158753939,185.88165628517424,0.0
417.19341856457646,1.3200904126717838,27.16276395907874,15.744141043716564,1.0
160.22560097650629,13.403018752476555,30.535250391342505,20.94943242935302,1.0
170.93640242084828,5.838995952135725,17.17371133483098,21.502956867062238,1.0
418.14478816279967,4.700541096455369,34.4653042498219,125.79998416098833,0.0
757.2829782755007,6.935421708716088,6.029296291858812,248.78172865042387,0.0
897.9646468477886,5.850990986214423,11.153503343104333,282.38794952300776,0.0
84.12766225938284,12.953655047087189,3.7396944633595908,31.0308000474694,0.0
393.1039075594011,13.938914627968382,8.435113624294086,138.71480409516872,0.0
100.24556372287662,4.551798246744093,9.549152476445801,34.551348519842605,0.0
16.592480632597884,12.959037111899322,36.705327636868404,5.463263081055597,0.0
661.7186826439566,11.722846942996007,3.124387550046248,228.35822581572455,0.0
602.4494419665878,13.962115085171426,17.096604807508378,201.0913270705044,0.0
163.0191138148862,3.6862546827883174,21.295947489076518,53.072317216041675,0.0
233.8128330930641,8.654387251814686,35.947722152086435,73.32953256505317,0.0
23.70775364451838,4.118168771106669,39.907848746448536,7.299960159015545,0.0
834.9472056944037,12.361417357265614,30.13552459679343,254.7411209524908,0.0
974.6905960485515,0.07986285856596387,38.83163962276118,258.3132026482718,0.0
135.4595367946908,8.472287443295942,31.48404530143495,14.87425484688515,1.0
231.47521376529812,5.08805146907877,38.528105638856665,70.26764257443931,0.0
868.4095239469341,4.840255606167304,28.290829037778206,253.3446742659756,0.0
926.4637979561849,9.673594857973754,3.1905370180428427,121.77397311891788,1.0
419.6273828068103,12.77226673970991,16.07680747970706,142.6022869887719,0.0
50.62247226907412,9.137930870899893,25.863891352098815,16.932971121225844,0.0
39.391833692819404,12.797594679700838,14.028740378170038,14.066900534674648,0.0
573.9498660690105,3.9689566782154495,10.935356724551145,185.72068660419717,0.0
392.89510889317904,7.7925278214747165,23.09597068532364,126.6346664075674,0.0
28.652427577654514,6.7580480860061405,37.3400750680974,9.056456530003535,0.0
583.2523923125568,0.17467349254644327,1.3992749406461424,191.39276151522637,0.0
11.302536589022472,8.352182147111101,30.769248141657506,3.7096906950615725,0.0
787.3719581492729,9.922864862192624,28.909091121785085,239.21397900450896,0.0
306.4328227033716,8.878716066286051,38.558137015531486,94.3585411506388,0.0
40.2580030092321,11.044198481751323,37.228448893301746,13.043856229560136,0.0
588.3522209831533,8.570092926796157,30.489302481767716,180.52737494039872,0.0
397.6844144330547,1.0012538227613539,20.816350587303948,124.08008131963089,0.0
973.8004133571495,1.7466828612706715,8.170702129340794,41.93984592751708,1.0
544.1986625037022,8.947118663159285,21.809428733022976,174.34229725253434,0.0
275.2391810370083,4.124687879604602,30.614079756786154,85.3693387678766,0.0
709.4388646339747,1.1946769355214877,35.82676850551572,199.48928780262733,0.0
271.4920025427113,6.444041151728202,31.588480368421962,85.11654673731529,0.0
904.2432914075652,8.314838971254831,7.810677407642159,48.91445169982247,1.0
374.72197050737645,4.931189825244099,23.987452569122375,118.55252159019383,0.0
549.8685627762052,10.80650553338667,13.28693838125428,184.0004588308323,0.0
50.57310382422886,9.65655912151867,0.36822669562571964,18.617337946109146,0.0
426.1212379522308,4.9922754163750795,8.008837431546642,142.73817254898276,0.0
832.363539660995,11.32308793362841,4.528825997337971,279.6580610981154,0.0
805.6488053633419,9.730425637995532,33.70876494157874,238.95405315629176,0.0
224.31855885352624,9.56168068076853,10.34025008591248,78.17705325781824,0.0
226.07907101056267,8.30141551180602,11.38791875550222,77.92510272629725,0.0
817.3053122132368,0.17084502132829193,38.39746287195537,222.139289717717,0.0
930.3984201693255,10.447607752153337,15.163468921954086,294.8645350789285,0.0
95.36092127300356,5.640626866637347,0.38342560577578233,8.438025777379742,1.0
450.0586394262253,14.139145652379833,11.353845933845461,156.31976064479218,0.0
337.454278964229,12.26977156615808,4.771983224072498,120.29960860247895,0.0
870.6884554574393,8.815417042969683,4.112342469434158,287.52515496678535,0.0
83.52491468001877,3.782729727289041,3.0994916054299804,29.40813144388498,0.0
211.1259425580374,3.0557608991649987,23.730378807015093,22.310244111654054,1.0
752.4683375864944,5.105772565163237,7.573908945194345,243.20807229755303,0.0
51.29384898121558,7.148519153700278,14.449711761640419,17.70970619068828,0.0
492.53538071428926,4.440982650584207,34.48070864520067,32.68834243819738,1.0
442.10703467972,7.7239424308872415,16.973525591851025,145.06723135012504,0.0
334.40117898874865,2.480556382697789,36.627654002065505,99.32994630801225,0.0
394.57231531892376,14.6656921923825,19.91752213582425,133.9620847536978,0.0
529.9405869302329,1.618868324474908,15.95346459359023,35.26898109495852,1.0
161.3673583883831,13.979162094815582,30.015557083628064,53.932774859075,0.0
571.9958782835928,13.703670171040423,2.927003950720084,201.68565513221532,0.0
805.4323292999863,7.88040722729247,3.5791353192966957,267.09786146728084,0.0
760.160929790159,10.873654077541266,26.078948556918427,91.07424254910617,1.0
153.8999046937737,6.540724469588818,19.47762852956993,16.248263521224903,1.0
149.24946974147392,9.450518663136572,31.616610012768408,48.34855311592434,0.0
268.1743677449133,5.10863906131678,36.65083349374126,81.68527534123504,0.0
361.0747263410372,4.51738529678168,15.5346751068619,21.43445392818398,1.0
408.4555814084826,8.673446792542705,23.85640106338585,131.69920318701648,0.0
679.6972168333452,7.471945112759705,20.027865111812396,65.14664067787884,1.0
56.680432165835406,8.693045537249716,39.264426225697314,4.960311088220473,1.0
34.67270422606639,4.2999087193053445,33.243376294263804,10.969502989729676,0.0
391.91056294390904,5.504367477254929,36.46950833109414,117.90160924650195,0.0
697.1636921379804,1.2584694094336397,10.173603503104168,219.34370651928833,0.0
193.43534295648257,0.7841455840830858,30.901056926503774,18.920924728282156,1.0
641.5044812562517,3.8018569450952437,10.618928999905958,205.9701302051747,0.0
259.8281379402995,1.1137028899581862,8.349701337135595,86.64574434176762,0.0
886.0861088135164,1.5566206295211105,37.77064638622203,91.23765374085266,1.0
895.6899442666165,12.193926080909057,0.7721766687146658,304.56096635628234,0.0
297.28720428132647,0.5831054552503395,38.615548146537186,86.88986503436341,0.0
229.99375396324052,9.88414190902114,5.970475879552248,16.559278360007607,1.0
411.30397206623127,4.0883662322310075,32.77752327173073,38.58081796643424,1.0
240.5315851801487,13.073185210621897,11.036902122724124,85.08488960064321,0.0
672.3838432917037,7.274884268662493,14.028093097229096,216.6368828658645,0.0
826.0646845482855,4.583646889917386,8.670308452879398,262.67347196835726,0.0
673.092130911217,7.764584035341518,23.420561699243187,209.38748203449117,0.0
824.3504472493495,5.729370285679033,13.923821900314962,27.549716419703255,1.0
396.9921622074741,8.464515970047453,26.29572157978653,126.7789896705901,0.0
156.31697070886085,1.7179930248952235,0.625892717682639,54.47565648562927,0.0
737.9509473975921,14.954857542188266,2.5749953406015846,257.6039285727069,0.0
360.4745051415539,6.3833381654507635,3.986446109249946,124.47586132380626,0.0
671.2708252291325,5.22345959561053,16.759747412409244,211.31589873623355,0.0
270.6439419817657,10.653147724743974,32.59184690639904,86.69909588983913,0.0
81.22963480667266,5.458491097429987,35.52711641513531,25.496875686699777,0.0
992.5817954877634,12.499114575431365,9.79242960243603,322.9353448461869,0.0
156.2015079305993,6.814060865406379,22.97478896956056,51.49606469190322,0.0
988.420993963481,10.793376198981523,30.73459970770402,292.0068702141373,0.0
977.2799325664473,1.611798246628298,11.553177196784347,295.89987628636476,0.0
793.8181039080397,12.691787783326676,16.36030946945093,257.94676433869233,0.0
659.4229620819975,11.035769801671648,20.958968107428557,51.20671282868689,1.0
577.8070502510847,3.1757516769294853,5.394993856321908,190.10086563375776,0.0
866.1015453778347,2.1792901461867995,1.0392917490312126,278.5344845144993,0.0
289.43952161948795,4.744385230884366,6.11223237273133,38.034647668157675,1.0
467.68121248487705,14.641058790478565,25.074144850141337,154.3614434089677,0.0
619.3899693665019,3.852473618505879,2.944730461347267,205.5401757642418,0.0
411.1904758694911,6.8419081341995,7.587854594005132,139.6543875734201,0.0
427.48645409026796,0.4503033857600447,13.514155427812149,53.331350285883644,1.0
330.2846675020844,5.958412943493488,3.1148025722546535,114.53290475568049,0.0
564.231816684536,8.569800231496542,7.667970846465377,190.1306126186874,0.0
850.574528015116,14.296869187619476,36.450791559340445,99.71633537594616,1.0
201.52837800631283,7.751040674100967,0.7719652890793904,72.17843508129769,0.0
934.4330387534415,12.286609892665316,26.137276966974486,286.1723119689708,0.0
689.0876537482296,8.206914638533508,15.376357236607397,58.91242624743297,1.0
823.2732126800302,0.6117752015327715,26.905949577294844,236.3792763650723,0.0
556.1906926300117,4.725124127846611,23.54766881453618,172.1818991879313,0.0
779.5167014240635,8.633242617466548,8.939950174185771,255.05727871822194,0.0
16.20039733946721,14.258909488966864,33.88837950293554,1.6887743514080502,1.0
818.3804247795352,12.8869553962685,19.677615304374267,261.9879604480382,0.0
40.13885908536652,3.4253342126827144,32.90144075653887,12.640588319882282,0.0
889.9133763628626,3.3016474502874527,16.240501447528768,83.8960348933669,1.0
991.9627472386433,3.0175945067085115,39.38742215660956,267.12218783951545,0.0
294.06746217677784,13.837483444537547,30.81957434005185,96.40317232243981,0.0
210.31855628579365,12.78999229652581,38.63800820450294,67.09664652004726,0.0
765.3633638580407,11.623251483794231,20.573059156394354,243.8395433215961,0.0
253.02634092025323,5.891026713363414,18.94764529162802,83.33209333786635,0.0
865.5623831722035,7.565710564481502,30.218152373010312,255.0027570103112,0.0
102.8425921574767,6.964976171927292,35.211650520537205,10.247224172772661,1.0
125.95519637935826,3.8009716133905895,38.56583183462232,7.8790056878918495,1.0
979.1515551006156,7.575420692231504,12.982076241299989,68.42486925668166,1.0
673.8388982700046,0.45744821779131695,31.948182953705558,192.79151667325937,0.0
846.8872244289528,1.9771556024618875,8.425823905421467,264.6443093770149,0.0
324.329377351518,13.298843942534196,21.822973869817808,109.3463930331904,0.0
676.4837495206044,11.27519650547135,7.193925936367966,26.244741224378394,1.0
594.2418273085972,6.343026135886306,13.895894470013555,192.280598362505,0.0
603.150120122947,7.757255434258158,37.25433468825837,178.5610353790118,0.0
682.5324595377216,5.549983289399662,5.843627990923443,224.530572102768,0.0
575.3591731290986,11.111698007410087,25.29603580540786,183.46002827436823,0.0
429.06236930266596,11.762807688481194,23.71817091709613,140.62490707350634,0.0
275.92269438054683,11.449277853047386,4.829534108359459,34.893750663284365,1.0
768.581330913202,10.839175872516744,13.039161750752486,43.98440709593133,1.0
226.2724300031862,3.0675650803919376,22.51926018061063,72.49230369017454,0.0
692.3543061544142,5.069549688607181,7.48714435953961,225.40535018569793,0.0
233.33282264932663,7.047681524755124,32.024946256512614,73.63508745540047,0.0
625.3301699544539,4.9618948714148345,38.886260381389995,67.74879270177193,1.0
747.078267129029,11.324103002374935,8.590375998498882,249.5680627209595,0.0
218.7138889065392,4.94030286374932,7.476478591623037,25.69965276822745,1.0
59.94330086130828,2.0734813017800575,18.197402871897786,19.80446250537606,0.0
130.97374299417407,5.985606780724561,29.910611085601285,41.93483133427292,0.0
605.9969672710255,14.698716491735706,11.264024409410055,207.57414152072317,0.0
849.4464062257355,3.388221194003638,0.7951963478912161,275.95862732254614,0.0
44.99682123542436,9.182379884148435,21.64882512131576,15.307549398280047,0.0
734.1512590416462,6.494595747595595,38.2640227106923,210.92185231414086,0.0
341.31864595005214,1.0653685147398995,15.651074216277824,109.5310295593454,0.0
478.5283699195225,7.318149089970892,16.805382167324016,29.19132666126289,1.0
928.8595498455657,10.532464929724688,38.75606868456152,266.5328649539945,0.0
331.9715047358455,7.698299637417281,27.784304465069134,105.7226729141292,0.0
465.3369339394861,13.081590956198715,28.766876913685007,150.03677927500277,0.0
13.682414760681105,4.33405524986374,22.508080214842707,4.528682788220366,0.0
81.59872000483837,1.293737569559474,38.984368434529664,24.597982589734915,0.0
258.59159113478404,14.048484174870092,27.554659377022244,86.31094506769035,0.0
27.852240821074403,5.672945242923285,35.80131006420678,8.801220418842325,0.0
631.3753260482509,8.6460832718045,27.97515462932885,194.809259116562,0.0
426.3983568016225,11.88004689195294,29.404632993615838,136.78776688550704,0.0
548.145202728022,4.864704958133709,11.616436885689861,178.3787375725342,0.0
174.64718589632955,10.742468072664167,12.139147920552759,61.19305169849542,0.0
295.9320294366161,2.0312827472674204,31.31938598304117,90.09575436498275,0.0
663.8244748527251,4.369406208082579,11.868251566795983,212.22935665996047,0.0
965.3027236303998,2.1706595420477988,22.510802832061266,280.21407311108584,0.0
50.4167736022092,12.168458376020368,9.974092436268078,18.183343699321075,0.0
890.3843208552661,3.3397385284017806,32.679335232362774,251.43740108256034,0.0
576.8812013112084,10.761053331078154,4.4200540491076,198.9382409185207,0.0
563.9195667556237,14.14947595868479,33.17786559046658,177.65993531354846,0.0
500.27853520776034,7.9165831360331556,24.10919202030407,158.65302073881955,0.0
69.39408590418338,8.100437883910315,7.476381393083091,24.65699138536759,0.0
89.87685173616067,6.915503521467181,21.681415420244726,30.025544884439466,0.0
600.912005659086,4.888352150904641,11.299953473893618,194.60335479947798,0.0
340.9585714355583,7.1348254638737565,12.938693389219864,114.57726227698278,0.0
917.2680665776807,9.042112984001392,14.061121663875213,289.9846931063667,0.0
406.59053735947225,14.78987358255989,2.5327698788928377,146.99936707430086,0.0
143.2814587026411,14.066468389773362,39.43846737605669,46.28340336751572,0.0
714.718833502036,12.932294374396827,1.2613851252489638,248.55793242051914,0.0
293.35342144100986,13.336958035572875,26.49987492737114,97.51723318971632,0.0
525.4703073558932,7.017737749380644,14.849105910297222,171.4552552665738,0.0
697.83278550517,9.861664907661972,25.84041163786796,217.0691856955386,0.0
900.2641112020704,13.426000844043212,14.24993012350335,292.5569099276539,0.0
792.1911948016761,5.894261474870296,26.95002585035435,236.39049187695355,0.0
676.3610678727241,14.426437175182032,29.169420378734433,213.9936322617591,0.0
679.6331823951435,6.236790931037745,27.62210561598579,205.60292203344935,0.0
945.9246440320866,9.016239980898234,4.558479254326091,309.46191573617847,0.0
295.82409749653607,10.647070699085578,26.275729386187386,14.094918281474694,1.0
1.1120941961874076,14.258880196139074,11.199501978163893,0.4059132506390817,0.0
271.9545593981987,3.669244110783991,1.1520548227733407,94.40284198356447,0.0
217.891379626744,11.191964673579633,16.59322687555816,74.92896977497648,0.0
661.8345851139982,7.812233792161233,17.341724112152043,34.681177022797286,1.0
633.7115997655291,4.028357109309616,18.68696533409786,67.27039730838105,1.0
593.4613827047239,11.649102596945859,28.19296661562865,187.2313468318271,0.0
16.2434432094537,8.283334202607698,12.353752365698366,2.231840839173819,1.0
728.7780544506475,9.914607309745136,12.611220524156902,238.24381820848146,0.0
323.5304124854915,4.843516028668516,2.4220902496504237,17.564695369182708,1.0
665.0559890066311,7.219109277414075,27.47284863969184,202.94668568175686,0.0
556.5784285021533,9.260313764821007,22.71304365598336,177.7346913348067,0.0
342.73092542790715,6.07366221404766,13.977004507751523,27.443078694455863,1.0
134.57626710410776,2.97558809771552,28.207559156694188,42.585276923031174,0.0
94.41889766048095,14.42460738472956,21.494309969075086,32.91035295871231,0.0
831.5183331122236,7.672013100639261,18.76979783482159,258.4147939403947,0.0
918.397542081558,11.008805554315508,20.452981746445058,286.25590335067733,0.0
649.7880467642996,6.165707903340872,25.453925010682262,71.1731158553349,1.0
103.43411486048338,5.326976460385745,26.40010418298398,10.323927716375927,1.0
402.02721688824073,6.107464477006875,11.558312765628687,134.07360288833516,0.0
728.9392001051572,6.1379496567847465,5.629734535646129,239.52033700589462,0.0
779.8208840100681,8.162701739129304,6.26536724762075,257.1128684443029,0.0
118.2186222910886,8.152048049720447,25.575635436120066,39.05653926248073,0.0
0.03071884538241587,7.457307238243075,34.91493143068504,0.009879971318546931,0.0
712.137045880605,2.0217867737615713,16.379851133822072,219.03167685887513,0.0
356.59617598620565,7.441132177507967,6.780806413178495,122.63850585162969,0.0
254.48133161826024,2.536558506309772,30.264099931754185,19.707900850834292,1.0
12.89746978952544,1.8920367944364775,33.299578976777944,0.42250432458729914,1.0
540.2994067614997,13.989685760117517,35.22329772483866,169.12823667398465,0.0
851.1507354259818,9.074250197215564,24.273257156549327,64.502061956648,1.0
957.6316462725879,9.892350871868764,34.429142375523384,277.85773786912534,0.0
565.7449506132892,6.026905055000457,0.6165983379363071,192.9517314587083,0.0
514.4613277398942,13.634713378722964,4.289432070780941,181.57030860818702,0.0
85.05638548924111,9.568957343694983,3.70304268208395,30.82157095571093,0.0
548.8728015425997,11.537548042853812,28.50418737018932,52.75248327740995,1.0
379.97907896539465,5.528437035415708,2.783271341743161,130.88790328351828,0.0
607.1352808835769,14.400178212286882,19.85457489865228,65.9591598858361,1.0
388.7263478765467,12.306919352374726,18.908275945451564,130.8062606429691,0.0
240.29912345036675,12.809226945218155,12.428140942329637,11.270783977207662,1.0
94.9652752283765,2.5829140113863143,34.81620679768399,29.320318248769492,0.0
314.91844458889574,4.0644481180682925,6.81732807519984,106.7525320002112,0.0
96.64483428775227,4.284398995253656,14.098511375969593,32.711260108851775,0.0
176.89695082398393,4.063638348703067,30.966860000917166,8.681700946714509,1.0
987.3361585795459,12.831122431564319,1.2168925757313698,332.8946272830169,0.0
444.1035569066186,0.47827192812888164,26.918016009854746,133.85709544119933,0.0
531.8717665050166,1.1414998347116145,32.655909054462825,24.28996555275291,1.0
873.6185287372153,4.108723059448556,37.290713553526686,243.39858172317213,0.0
995.5689004906878,2.9980946197416545,35.051865619659395,273.4430616285636,0.0
582.7144493446815,3.4778942082427253,12.775364673347408,186.4388210014475,0.0
812.4738210441717,11.9691478387995,23.454565652918102,254.92172522569473,0.0
326.94102433667524,8.446898908380703,3.091739726018634,114.98714727694185,0.0
305.7439574472911,0.0865599193945199,10.314800141920344,100.0463580356333,0.0
402.7037209945602,6.439841485562929,3.7688951499002954,138.56088161125365,0.0
672.5072626736492,6.118273902755384,12.607491606158554,216.40289595839383,0.0
682.1916892550987,1.709179041668153,35.00748853834916,193.93064112953346,0.0
315.2394346494508,10.142126829021857,13.886673586971705,107.6835044540457,0.0
133.2099241366287,10.531457825692366,22.475924120057055,45.06970690687713,0.0
632.3962564655086,10.813398285781465,17.33523392459763,206.34369488229873,0.0
128.32586218876452,10.927064183378882,18.356660971949413,44.215410364632824,0.0
578.49250822933,0.000792403984452017,38.78288207346233,162.0619688618946,0.0
693.422128056309,14.308812057700832,11.846178730554318,69.43697419889659,1.0
700.6114963944516,12.213131505819947,25.092978780926853,41.21298564500178,1.0
753.4721106595968,13.559725448839279,16.802506783177883,246.8330444360876,0.0
872.8594215656645,0.23464942961151203,2.4458472419074484,275.65078652847643,0.0
499.9589919647884,14.007881936786092,19.57323326496944,167.30776167333585,0.0
730.2491895295711,12.146827930321571,32.533733161804335,223.19129006054914,0.0
619.1727353658367,12.558287144380479,3.9501187472675348,215.02601422498657,0.0
186.63993979768256,1.3993107708295276,2.783673895852359,8.860777629944685,1.0
25.68964486940817,11.081670433778966,6.1452608157306665,9.361933187201474,0.0
284.54138567693377,14.398750344631365,30.576004455572242,23.2152112329976,1.0
443.0337063376194,10.178210121272409,28.959815365789517,140.64597016168273,0.0
617.1059444286562,8.558421069369096,22.60071075624442,194.88600081620552,0.0
849.9593305032054,14.184445166234955,18.729056163705295,274.21600796264534,0.0
196.24571670616564,6.64405682601654,35.53303258810488,61.17733983733892,0.0
125.54978989847709,8.98940349465718,30.6679129533393,40.82673444090674,0.0
963.4799474743276,7.145074402415493,32.477690052072205,98.24506225046729,1.0
108.04455937640711,13.992693320404488,32.53049205402617,9.747863471616729,1.0
478.49107010718916,1.141270901482609,25.70868618982232,24.572930132052814,1.0
585.5637287933018,7.516795512380223,18.320584972637835,187.6709800534597,0.0
541.3744209074382,10.304286620781575,34.58711010342601,166.05250168491568,0.0
86.0321570329432,11.878598076333553,37.04029670413003,27.88230748505875,0.0
57.02691400361937,8.745279711662045,0.9522417303337205,20.836621244399957,0.0
105.48342746103567,13.63376616182181,2.062194930650052,39.18568593186064,0.0
585.5876838726125,14.129871703258075,38.34973187633749,22.36028757589643,1.0
544.3448876343211,0.9647883479037528,11.086424553767792,173.51479203569718,0.0
233.74079203674424,6.035558093120615,34.93477758597675,72.43536215715422,0.0
637.7741418455915,0.3518853258173166,15.551804758456104,196.61223607796293,0.0
820.0675020556494,4.941249860616644,4.764002304374224,265.6187852841951,0.0
41.57895984659377,8.053023269559032,3.2177280083733706,15.041042398529473,0.0
498.12994354804243,13.661923957649233,6.260315963218259,174.88819268256995,0.0
689.3104121026903,12.698314836981043,9.995727794694588,50.21789338674976,1.0
252.31192706968707,1.9124959000797859,19.540734157233047,80.9848303173638,0.0
307.7709052931491,1.3954556211134355,28.05991602263134,94.46848800542953,0.0
613.6379029893839,8.839010081350006,39.455943059412,31.504145481806372,1.0
897.9352934437369,7.98176958688174,17.660269731566842,278.5746705936082,0.0
809.9244203028993,3.9956646214503575,20.727397693724395,244.62917446670053,0.0
583.1302190995835,13.491796268307528,20.872628055330225,191.7303496697094,0.0
730.2217177572492,13.910496141923302,21.57737421951744,65.72266304688878,1.0
364.8224702077987,6.03917157510244,20.70962628417849,117.86600637961101,0.0
640.9655280987578,13.354538356702804,0.3509902024767131,225.99058106345157,0.0
466.181591127557,5.75923341394459,0.06899288439362827,160.864369875392,0.0
189.9361364575609,11.052252477445503,3.906652725044917,68.55293967981993,0.0
701.7382738772571,7.139133263215863,4.062264137167153,234.07230146756206,0.0
556.4646373488221,1.838747347607745,28.195876358191843,27.788657882153913,1.0
358.6215819535914,13.919013018555322,8.19664130063999,127.11762828534975,0.0
911.3391900786307,6.811448900663049,35.78856419022451,259.06930313449,0.0
20.934117826733267,11.017305604836055,37.14425318308078,6.7995001234594135,0.0
315.773151249496,5.507607216469382,39.03573351583595,94.88451999790428,0.0
56.881397777646555,0.2832131786435199,37.56325219548081,4.617523236487484,1.0
766.5273162216272,1.5079553803775387,10.875532876740985,238.80387663756207,0.0
702.1074541137926,7.443292192348866,20.3910737881405,219.92085127767467,0.0
331.352218736317,10.349465356895436,7.01819880787764,116.02753674653809,0.0
675.662902207073,5.021029898689186,32.24838620689732,198.92663631162495,0.0
395.93722619594985,10.432326887664756,35.537268205763844,123.27045254053043,0.0
756.2537914224343,10.479533841479341,34.0515535719006,38.357300241096155,1.0
454.1836627367061,10.559038609917463,17.334677947873395,20.381221846850963,1.0
412.2797278316656,7.387827810307626,30.34695538747124,128.42883953275444,0.0
934.729915488301,13.72329225182256,3.9031667830507777,315.43305889908873,0.0
250.87909989070022,7.337947769709234,1.6097908247700277,88.91019073435821,0.0
120.44733999656543,6.753977902449573,30.129456572350435,38.757154249119814,0.0
584.5431132594582,2.990712285159405,17.01421097314735,183.26450836701187,0.0
969.3218122841789,4.614826310345047,39.82197058958277,264.30147597851084,0.0
377.83921372718663,0.6350173877745502,3.890168634221296,126.09657994215216,0.0
62.03676362878152,9.503029404242554,34.22510726140935,20.103352436077706,0.0
339.30526730956745,3.7280361589063933,19.19932262115967,37.12793551512762,1.0
505.93165431955845,4.562328817281976,33.08600782015508,151.2643596165604,0.0
161.9230066322137,11.562217824964819,32.68509128680579,52.81033008470866,0.0
658.102218056492,4.908317747421808,36.639680054483094,61.93464907682041,1.0
997.7493890102006,3.6329383801971327,11.91400045144411,304.72438154538594,0.0
451.73947598144383,2.535866237005586,37.991974138480124,131.4075534193609,0.0
354.72855673021263,11.622876032729339,6.066678414304811,125.19399374614424,0.0
400.70416683446666,1.9455938698504034,3.278751103739621,34.45012994129007,1.0
115.14617839520113,6.806306403755303,17.264620694893967,38.982483135128064,0.0
883.2736014262238,7.603951741157916,33.132918745673706,63.430905869997375,1.0
414.82565552135196,10.310848690285718,18.936845225337823,137.5679528323801,0.0
387.27441142484133,9.499252234994932,33.171467101220564,38.824779789602054,1.0
659.6902729304743,12.160810094177622,29.187472231772208,82.21078066569821,1.0
442.03342093112354,0.6712715088935722,8.377135445557343,143.92255644547643,0.0
648.2334688078461,4.446610871690958,37.95526499597855,40.22512711816432,1.0
61.4462901307875,4.202011781630696,2.4312467451761366,21.788628926154793,0.0
813.7233437222275,2.1902535838816233,35.931188301751796,227.00146321415332,0.0
940.5039528794026,4.337673807846647,12.17773795961496,290.2634813902166,0.0
648.7653861593859,4.6464797121435515,20.00592332657597,25.16841069318696,1.0
954.5659288588107,7.828266928912174,16.89407490802938,294.7227316374588,0.0
151.4323143699633,9.95556718389384,6.873382276676647,53.98588641312516,0.0
477.4161894803537,5.716507704177211,14.325874656067725,57.65454531430071,1.0
601.8067339454473,10.792053469700718,7.717377451711811,204.45367992607274,0.0
581.7366474211867,5.0424800786937,8.155459018420954,191.33544451607693,0.0
401.46177908904326,4.354255159721405,7.482273441055214,134.63692310358286,0.0
338.0844093662614,8.117820837855366,19.56069521386377,111.42115513192255,0.0
126.8240225504188,0.3557454045868591,31.917254700452624,38.929762797352616,0.0
391.7424505622782,1.1968368545100057,22.75880135044964,23.517972812085983,1.0
162.66081510548514,6.269543153797906,35.72826354203367,50.75979898936048,0.0
734.3656764922184,14.143690670876348,25.461779543068968,233.79645071826496,0.0
208.83093549458997,10.822676697651355,27.573604625304178,68.80273839687001,0.0
58.56530528453385,1.3218985425083662,26.704289189080125,6.476971775188738,1.0
552.3661378172343,12.694770191713106,17.978367727349646,183.4688481531166,0.0
595.2297327194016,10.984511559122716,27.573552888003313,187.46123105263786,0.0
871.9130612805055,9.164197885539798,2.7883098587584465,289.95012124580614,0.0
576.9816124176818,12.304394409137661,34.394058876626524,178.54346806221525,0.0
345.4808537234457,6.061647716144357,31.112485737756693,107.2883595174924,0.0
803.0118815263205,3.3225157628077913,9.809198329267153,60.49898856753917,1.0
540.2788931874211,7.68035083663139,30.721298170163294,165.69073325456506,0.0
79.28028463119175,8.232626333902108,0.5057040560007398,28.867139129169626,0.0
565.8505603132467,8.07489558014868,8.689862899235216,189.36308592653822,0.0
908.0185454216623,8.47610687220158,2.6054895468358374,299.71075858821166,0.0
396.31262549822054,14.230573773587713,31.209076664715788,17.44856472180319,1.0
296.32580189980007,13.53368434644347,30.234966047135487,97.16671403122629,0.0
143.46945701802005,13.135755548384092,32.54544095207323,47.35256186791724,0.0
151.4455219353573,12.021252163629407,0.1792677330211534,55.88882440416975,0.0
432.7714843418189,14.15142160897928,20.04930906713632,145.79603433229107,0.0
595.6798241615295,1.4774196251910487,28.19344790069346,176.24672456045423,0.0
80.61540516960176,3.9768489216860923,6.216045149560618,28.101190460820963,0.0
939.5685890251657,7.4258391848187735,25.991629100504987,278.96626888297396,0.0
755.1336174451959,12.698017396851078,3.3644039723874286,259.06869320478245,0.0
586.6239182836626,7.577485672840988,7.253034244172527,196.36562818480806,0.0
828.4386709389909,11.22052109012383,19.03187259978404,262.92204376279045,0.0
80.18675681211329,2.0843985787337433,26.14260610724408,9.428010533473485,1.0
476.8388777331244,3.786207194648403,5.8347650781558436,159.02119074523296,0.0
630.0931268616634,10.976641425565086,7.408933233237516,26.952088083968636,1.0
828.6529061182893,2.4710101333158607,8.17785468262652,28.084215812407333,1.0
783.4695600492677,5.2703390198239015,9.548032187959139,250.56323223034383,0.0
277.06924971339964,3.9729938672035714,9.06215394105165,93.48015366233736,0.0
940.8801695592043,5.247925413337177,15.805964339905469,287.64078956238546,0.0
124.34584143087035,10.624860736169556,26.151586033468917,41.55026514874695,0.0
875.1336186211521,5.517707717142015,17.521271325378788,268.28239783841417,0.0
970.9402496046185,8.328949839119103,31.038956349995527,282.5218771454441,0.0
177.15352322262555,1.4989781558161446,28.770740237944594,55.13882067961138,0.0
722.0660642037852,12.075265398519416,5.061076561963027,59.352123788628475,1.0
40.28551877799846,5.548329384721873,1.9536649328297573,14.44659399595248,0.0
405.42282513915495,9.728012385500136,35.11766255998425,125.74551337993995,0.0
516.2832991976741,10.88084402492749,3.193242662514937,180.17181842991698,0.0
580.6452259096341,3.144913831675506,5.933567228788523,190.5366938795255,0.0
935.9372482485595,13.27012477430025,0.8853310223247224,318.59811725506313,0.0
672.2506872941947,9.243363774104294,25.13345461194615,209.58222559615692,0.0
481.277951219237,6.430877126272222,23.29482252633394,152.1073372002807,0.0
809.6750362658893,2.735027753673293,39.476146657410226,223.17094414021602,0.0
950.532820954409,14.1345140685181,35.47729585268688,282.52389329917435,0.0
22.066148682290844,11.326023061974377,16.43372709923639,7.764271280410681,0.0
982.5212722560387,3.120368440998733,14.8634336365014,295.97185431878387,0.0
86.13213906368034,5.065661620863367,11.874081371199402,4.406712440403857,1.0
814.3867792687613,12.145113871321099,6.096276801515255,273.8317984458707,0.0
280.33475255141246,10.435164948230085,5.523346264080362,99.29478773016668,0.0
132.17965775387174,11.486764390735866,5.291348320384217,47.87626021549074,0.0
439.8556397138349,6.618016533193986,4.564590287471142,150.4189548422433,0.0
643.9565794476135,10.747143939632503,9.620481696221477,216.10691283358182,0.0
380.951845023475,5.797405842958706,12.266745212524658,126.78116811756195,0.0
54.565408282698954,3.1689437540729464,38.463158841556634,4.998669732959091,1.0
599.4611396587167,9.4901555226204,23.13893004007543,47.593678488709145,1.0
902.4032761106747,14.640208883981913,39.50383098053124,266.1115173662698,0.0
383.2153659472517,4.659014570929944,14.89867791302693,125.37255908686022,0.0
216.33277763082702,6.914543883188094,18.305065303577642,72.15525866594206,0.0
442.5773459328154,10.110020566047805,12.983146366611166,149.50167239797196,0.0
48.362711048780874,8.122594231837319,7.315506035862107,17.2352323787883,0.0
820.4875844802748,12.651416935635739,5.726588311103167,276.8767879877839,0.0
826.3408109501868,11.426140597042739,37.80316791231328,36.15005705485176,1.0
588.0004634296284,0.8744580579353556,39.47242727195023,164.97825047003994,0.0
353.10288893838947,14.976318508856611,1.796379860349262,128.84583683986696,0.0
799.7833644457834,11.286036805792008,6.013834989270661,268.1352113561808,0.0
554.6870247883671,12.958549744411698,16.940963692040903,185.20777895719374,0.0
825.9323085500162,9.767965681430196,7.453339053776293,272.143390257423,0.0
631.4587925830206,12.844276920701434,14.555215745075332,210.76977944597758,0.0
784.4054732127973,1.685744623930641,5.1638539943853345,85.4354726210496,1.0
598.56299321776,5.216067533389734,18.260470268871607,39.53584159752097,1.0
414.1410682156662,13.14631415406739,10.867784646770371,143.8838476356721,0.0
957.9458599261376,3.0248281690033836,14.076202230346432,290.26239506608994,0.0
541.1138248788448,1.173631478700341,3.7725060585099035,177.83478251825875,0.0
605.0895185405384,11.821784099178284,17.12512202840567,199.4025503557075,0.0
220.48763941474925,12.532292334649442,39.33030443846279,69.95025179123061,0.0
625.6507894272764,2.4397832728485094,13.153321875247613,197.5949978423882,0.0
571.6076494829439,12.815189741740731,35.057170993697405,177.0739047412347,0.0
184.83839794702496,10.301516933957544,33.727965664947405,59.42726799998379,0.0
59.58709735314371,7.801240248248758,38.082336731888425,18.826236280228592,0.0
604.3593197147711,12.453752891720775,31.60438049068378,188.7113188438105,0.0
763.6922693503205,6.2887387397844865,26.383873082352597,229.85398967573522,0.0
523.4013709220083,2.909909343350958,34.263377769098305,153.68701960147126,0.0
226.7726253196457,4.272790149159205,3.0257872262939856,30.3443728346708,1.0
666.521976693035,7.577460274399722,18.51322628795231,211.45899615787297,0.0
80.10572660960224,7.969961890097636,39.570249544602355,25.11926116488072,0.0
441.8337048019546,12.083712396618505,30.78400605178929,140.87018729087737,0.0
163.3667583984202,11.870290854785017,38.483015121488926,15.543071129402492,1.0
184.45905105988336,8.720498358068623,31.185374245339162,59.34838084292591,0.0
202.29394915820365,11.711782250482145,34.99527869768577,65.12339412169602,0.0
386.7070570439779,2.8766018744050648,28.26118529212764,34.75049709033742,1.0
51.15020562039763,0.7509679063994151,30.42008017668959,15.986484643548673,0.0
397.7934409290982,13.104507339520502,20.927120393580026,133.30005372853591,0.0
511.70744711470087,1.1333174064415434,36.969508032565315,146.9651590046263,0.0
483.2942849663252,3.700326446159959,33.00155642493446,46.296212700508356,1.0
382.78410040304055,10.429784244365768,33.755398626625286,44.51326944069168,1.0
839.1466080707524,6.141719064409637,26.920364038522095,30.83002180035407,1.0
145.32669242050412,13.144709548732632,12.18319788348996,51.74542960710187,0.0
505.696743781374,4.469696919934043,1.4251918156055732,171.60253509949456,0.0
62.04141695655429,0.17807020004038943,37.426205176381785,18.739855784135724,0.0
71.15567887790975,4.509834608411162,23.444813952219874,23.333166891743083,0.0
573.8658496770963,8.671125737772474,11.92571884592561,190.14883825747376,0.0
566.018424887821,5.6390756310494,5.965404313901512,188.7423531916382,0.0
878.0335128444569,8.023091336381329,33.180926620030185,255.69763787161514,0.0
557.8736756600732,13.14897178252528,33.460807777903156,174.6110254979503,0.0
959.7910204048502,13.687275813455528,32.58031872522126,83.82777232691565,1.0
48.69484839992977,3.9896109698116815,25.80330767867145,15.81423329095013,0.0
98.00768478074107,6.932107099048511,14.640615503675036,33.59763833380605,0.0
44.065861570381394,8.237160228621768,12.16281139121028,15.44750016979994,0.0
185.27685033354,14.236686853323706,0.3421908047268074,68.88256155926811,0.0
541.2701109416781,14.97925978746577,33.34430234752961,21.774477219954093,1.0
645.572181427428,3.5311087326229,3.4973078997456986,212.72455719764054,0.0
45.585157948668794,10.904698070187232,25.230199921630707,15.448440530549485,0.0
945.9708898455993,5.670465933497927,20.162997873603533,284.5039379090678,0.0
842.1653766503811,0.12162295329319839,21.067574357054045,43.72268484283324,1.0
296.61248215709315,0.13878783653853533,37.06851381231093,87.03466121132568,0.0
77.18753022646796,6.908490113433836,1.2646004508496844,27.840122772806865,0.0
169.88707321905727,7.32502369506502,30.935688985150893,6.390919925829547,1.0
126.94441375497267,0.3385454486016398,2.082095934692285,43.809819506626276,0.0
123.28377929894685,10.303911251614537,1.526144237415088,45.01040825818826,0.0
518.561688665734,4.410050828924296,17.192707925655277,165.18671755171792,0.0
245.84744249340028,8.39839652303924,2.523006973718669,87.38768561118586,0.0
358.13971652914444,4.513786097481281,31.565758051716482,109.7733092074443,0.0
989.5053333843224,2.5070147230396076,21.182523745933487,45.982100753968176,1.0
684.3142489253447,6.107606078983129,1.1615513063909777,229.90368691992026,0.0
948.9806670470014,3.4841004718575115,1.6200274592767805,72.38797629077253,1.0
142.5565550331156,8.02201465378752,24.506741189579174,47.12341894879822,0.0
382.13947483256925,2.9824279542971994,32.2444727063362,37.01451768783237,1.0
554.7318032823542,7.626089649669406,17.511981250990942,179.13679801866584,0.0
76.75806188873801,2.3606777230330134,22.183226861424977,24.960989551718683,0.0
4.187443627957865,10.064620642286775,31.993178161996063,1.3827441593552094,0.0
670.4343337969175,11.30906526662136,24.420246961672767,212.33380143369632,0.0
641.8195168014354,1.6559135137490066,8.99040950635278,204.75695934419528,0.0
410.7888099996118,7.017036180560088,24.522081034779145,130.75824996323854,0.0
489.6440760320326,1.0630755098231037,25.13117836260854,19.627543381056004,1.0
415.4430005920896,8.972736683130035,29.364279235245068,131.1505219348801,0.0
24.005044844888857,3.9660644689446807,24.83496750227205,2.223539462534654,1.0
335.37160621746244,7.914366852580618,38.76968521832152,102.18508488089365,0.0
177.08225539728983,7.761915140764367,7.891532348682739,61.97910053261434,0.0
98.42418910136874,13.865315192907007,38.04362718268305,32.10066281431465,0.0
956.7204338893498,8.236248338530844,21.53357961400065,290.37665875906606,0.0
599.3597250421656,8.744977195774734,26.87824561979648,186.62311011015584,0.0
728.6562842366027,6.024796886465705,3.978463898087594,46.32333245405395,1.0
315.36374326611747,14.236194047742252,15.22303765512428,109.66396890817916,0.0
393.1471294940152,11.657788641594145,30.775165858526904,125.76536542979407,0.0
236.92399389672346,4.281079354542624,28.276440603959614,20.795389773375035,1.0
96.96567096542475,12.66314378664348,1.6055755266164073,35.92913781452779,0.0
179.0316374415838,6.48594540277635,21.863770539889785,59.007498212614685,0.0
797.5140452964858,12.43000715300391,3.5311277187363777,271.7299671849412,0.0
677.5458051837759,12.343321024402531,39.834257167126495,39.332426199272014,1.0
546.9288759854769,2.8330528014428156,35.89186354133179,158.88054531477795,0.0
475.0898728667681,10.517116970753653,0.8432264171414783,167.64500318062997,0.0
922.4342836561244,4.359644539597967,34.345983156105234,259.1912880489734,0.0
72.7349477786684,4.462390049890023,36.77718402233631,22.598746191157677,0.0
280.600813237916,4.445221153208711,14.141928902538204,93.06352819692496,0.0
349.937853570714,10.883523713399223,28.780066201910635,112.89704382733528,0.0
782.4258122127878,3.447390626888041,17.684149848311158,239.37388751173168,0.0
992.5146201619714,0.013587528691353379,26.209299383053764,278.2669802456555,0.0
240.67051475715306,10.728552802239497,13.61269617192766,83.25583046573281,0.0
874.3073341370806,2.567771157526879,12.902369465330734,29.513945462087893,1.0
830.6227604317913,1.5672359296175198,16.977355554303163,250.33488490257363,0.0
224.6573976417666,3.5627418089109018,5.822710346100046,77.00369339307935,0.0
399.33258019922255,5.69850783484056,33.2455585774153,121.81738154893318,0.0
409.6728692925191,7.138594912098011,13.947915814465466,136.06109895498687,0.0
978.2206685265583,0.6685506106894623,16.005982156233806,62.474428859091695,1.0
180.89190137889832,14.558599989410407,35.76218450808578,59.19337750627984,0.0
799.1579711047821,10.740945801293371,19.864952562526852,252.93973973235984,0.0
334.1927141731099,4.847910979865042,21.770156374034517,107.14525495993341,0.0
730.8703457761604,4.78045885928096,38.25992499108394,207.66976005116007,0.0
420.0110042956629,6.72813824052689,35.469055325799566,127.42680764132082,0.0
578.3597631165401,9.393672341445495,6.77866835553758,196.15079491867755,0.0
832.6117733261311,2.1955959988345164,18.928601196724202,249.79572367411959,0.0
804.1655649838841,2.833947206474285,38.85184909714182,222.61784018965037,0.0
866.4231835397002,12.891518742503264,14.894651929144107,281.0814666320804,0.0
59.61732534465902,3.8438238583360884,14.862924340648004,20.154608199230996,0.0
692.0505530397448,5.702924969627663,7.801209271566174,225.87791414406104,0.0
139.98737672176287,13.069077764251755,4.5729245647650085,51.216309483595644,0.0
415.818568018411,9.947217440997338,29.61219163023927,131.90913434668622,0.0
548.5884150546884,5.125678190125325,30.80121874806066,165.31708979574194,0.0
402.7394847468307,10.255493185869312,38.760518540119996,123.48471337604958,0.0
519.6116758030075,0.29524823072120565,30.93672843621452,38.68808680784649,1.0
996.5263087986192,11.034639900170479,9.734099761343948,321.3401233204416,0.0
135.21731371285472,7.305240607743592,1.604663131540618,48.51323378131223,0.0
675.4560453364255,12.197732209266919,39.41749537478641,201.98009445039042,0.0
396.00096638561524,14.319564780097025,13.61802782174423,137.3553316527703,0.0
133.0097989073288,13.886828242418526,12.47886169729683,47.561935314408466,0.0
158.73676337430953,13.638975651830112,36.2382083899753,51.70158527014265,0.0
949.2731062456169,7.6825493390083075,23.403995941799444,32.26863548780718,1.0
879.601496711762,5.402131712084071,8.594846953965384,279.3561501050442,0.0
907.0419604150218,6.9755298709600915,35.563849708649585,79.75176875652664,1.0
991.5327758273866,10.348440049700411,39.73443420218973,280.53840432364643,0.0
208.31539000851797,13.259966653067801,3.467142446033229,76.03967584934472,0.0
355.43933736406177,3.104794545001793,34.49006513209949,33.99852966128135,1.0
669.2190299248667,13.772897376925545,15.62062790737576,222.68366848857724,0.0
483.80253986064724,12.227703479548337,20.962897860268175,159.6870903128001,0.0
418.3895333783335,14.68284022767352,36.59263903059923,132.74927419906402,0.0
357.81124933559306,13.203776599225307,38.93516783100469,112.27196866486743,0.0
593.7806319434522,4.1990599453785995,10.486556416351975,192.28886684723878,0.0
575.593428640082,1.5893386701607155,8.51403083839655,23.004656315671262,1.0
161.45783406424007,1.683616079873829,3.220662343660474,55.68843999291278,0.0
471.73983751843906,4.368349778674141,22.47191410648552,23.754966778802505,1.0
553.4717762098498,9.21275585976809,0.5441758180267309,192.4635172013424,0.0
570.2869387313905,12.064804891457587,16.475931904397463,189.435756262284,0.0
210.1071929123518,13.488754604723471,2.935360666080342,76.91457694026118,0.0
742.2713922522868,9.356300765538492,16.20903131717336,50.25574744505581,1.0
25.199094821069636,0.08446969122080594,1.5972875706243705,8.798264170354306,0.0
354.83185554316265,2.7947516477780026,33.40869042435075,106.79631828227741,0.0
780.2126485356335,1.4958930578005192,8.389559757542635,245.12199222732576,0.0
563.8929210554023,5.44986713353515,13.132348414316478,182.70178615810187,0.0
261.16243251086024,7.520264904506188,34.80191986425567,81.44711221941782,0.0
694.9531193430477,0.6509576786784127,29.850642453288202,54.47292506121251,1.0
567.3909441560734,5.22716963693483,8.761534465682338,186.69067890971868,0.0
796.2436094563872,2.6876951193798386,2.875976746299842,257.10974466787326,0.0
735.0251861898233,9.706052493883108,28.62695107421358,224.7472959885517,0.0
610.1079220362346,6.9640855398651,15.628102027524374,196.4174912602301,0.0
488.17767531081404,7.429764704008631,30.64319996472885,150.50314137525237,0.0
133.18212566752342,6.415376820501916,17.811790895008418,44.80303143702475,0.0
261.33301788538375,14.340295657298505,13.840096518891055,91.93247545919616,0.0
419.0994729170853,3.2210268768234487,18.04821632849586,133.6882202308399,0.0
599.2992870063887,7.749963897658115,29.942359426827068,183.11027451656585,0.0
513.7078552153048,11.04026052548004,36.088811461614966,20.793919691834123,1.0
288.1845259595295,8.352666197018438,1.9906878635430214,15.15100216211421,1.0
6.464357789710551,13.935313285752017,20.964461649078206,0.3213672891342023,1.0
496.23922190081396,5.669525334619262,1.313417163355104,169.78761883118747,0.0
285.6259885622431,6.95513708659767,18.73638180097435,94.37175677348768,0.0
734.6083007105351,1.3278347282209264,35.41131316387602,26.31361991856639,1.0
23.94626527048349,9.134986665778927,14.463610656812387,8.383736325280532,0.0
584.8278113057909,4.3231795267215904,37.29801684322573,169.65951605384,0.0
941.4742375060654,2.404635592733533,25.224338866024375,271.3113492592351,0.0
174.4092671114995,8.16796939356762,37.36621375172025,54.61738375736835,0.0
471.64949075059536,7.984653950698659,30.286665016500788,146.4246521799533,0.0
91.42199181713818,1.1380746183607133,4.137406665950492,11.937734816518782,1.0
625.6819122613526,10.473231802417091,9.246054702507083,21.056476863046594,1.0
550.5316805962256,9.356582859762794,15.766818183340249,180.92821534881796,0.0
407.3655242128323,2.835259241197458,6.804275280483041,135.6899483943618,0.0
521.3770214737413,7.041522932310658,19.79646419106642,166.92373989585272,0.0
896.5746584690102,10.8048437471784,18.854726228059626,281.68832184693775,0.0
196.29430231106704,7.941536108119148,38.25036792109525,60.998371445976154,0.0
22.564511705347236,5.932336142753553,17.34911531583911,7.679081075447837,0.0
861.664884699101,4.835076871214154,31.42507217151991,248.13477738154597,0.0
577.1170823879065,9.155907999660805,37.676421794059195,172.6689454075102,0.0
890.6584554618424,14.086630474653608,35.07955323895942,267.1469629813228,0.0
596.9452234131726,10.07617260716225,8.346704980463674,40.4562344935816,1.0
810.1610899597025,1.1211885545447324,19.84119577014177,241.14101786782206,0.0
429.67336335514796,6.910274602232007,13.909591291837028,142.20641212054002,0.0
749.8599312882687,13.362361972659414,15.99434780548862,246.2452643933455,0.0
913.041466889856,1.4169363870163032,14.432273049830048,274.99568709998556,0.0
572.1229637222062,14.83313568206315,33.05436840700017,180.90557127635591,0.0
180.78515056237953,14.23604090468132,18.085562204897897,63.137682426967395,0.0
268.7976150301982,1.174117210948138,20.947773289787527,85.24091872837352,0.0
198.64457689740578,14.001199806743324,39.29789428188299,63.755582264038836,0.0
246.85702759573292,5.446988853891933,2.3991708876606577,22.189133106854147,1.0
306.4154493510364,12.670637506137938,19.518305591629954,104.05189631051005,0.0
555.1337867531885,6.275750065699073,30.962468277844643,168.26124135296715,0.0
587.9916294638327,6.612826690537738,6.046478327529061,196.61161584683938,0.0
426.49974724186114,9.513646364663138,24.461263784590955,137.57951781511943,0.0
615.4207798208354,11.61716128913975,9.57859118137867,208.26589695877422,0.0
81.57492561136593,0.5068372642237295,34.696164528982706,24.91539362074667,0.0
87.78823705815996,8.897339932907014,13.083986616003171,4.553659375829835,1.0
171.82946035765843,2.800994911460565,13.162512676036382,57.379293966117125,0.0
518.0774980403447,5.189242767948044,23.92775514071574,161.35090750683165,0.0
213.99467869831358,5.219529992328248,7.342516324796349,73.70098305335709,0.0
283.2844034925773,7.035905103317305,11.395545556122443,96.32930855371674,0.0
400.3128361729941,5.012046178142601,16.66527400477646,130.0694726040047,0.0
811.8661240103798,1.6104167767600164,14.145514525604415,248.27684632734022,0.0
13.862135912860118,2.1844310778817717,20.995088720223297,4.557705163613506,0.0
649.3788202366225,0.5015697834164651,23.985605762758652,20.62051866922016,1.0
668.8765310406853,7.053736279931314,22.66669815000658,207.91688598380742,0.0
798.6557803566366,14.316715422794829,26.16673247967729,251.83716745910678,0.0
932.7529390603132,1.7351283547217484,12.30998066431281,283.3301956431022,0.0
20.137848949289825,14.193967395046231,5.057049086201122,0.8703042489229944,1.0
153.78370551321618,11.000422720981403,30.432301657243084,50.48137306868838,0.0
886.171294055993,9.562482044012448,34.03121530522728,39.103623985641164,1.0
458.5185621870154,9.679166329853444,10.28024928889729,35.764483395935194,1.0
564.5906389334635,12.400914725944231,16.28367824632079,188.17036322176867,0.0
663.0272037231474,1.6037979656973205,19.942768678542212,201.62146970486504,0.0
679.0666044956374,7.571314853483126,21.333073710117457,212.65271719931124,0.0
931.7404033165082,10.456367073911379,26.379606843506075,281.88081859734484,0.0
996.9494174116696,8.802306676103456,1.6641293342128538,327.48540743753506,0.0
720.1574609309403,12.49168606534942,28.85908330936068,224.25009397563215,0.0
287.22120920515084,1.0840756351702723,2.478840279176411,11.431876593034904,1.0
879.7524022943436,10.36051559248749,18.731542706914716,276.35954557161654,0.0
49.220914540761605,8.010415955770766,33.10684542276776,2.8368212438409044,1.0
231.0808528744962,5.687412959699151,18.048612531135852,76.47484582745504,0.0
897.3857174637149,5.104124733510463,5.963589950729911,286.9004173218545,0.0
256.19151443935493,9.312489491612894,39.40135380023839,79.31906865502992,0.0
220.65105962174846,13.364930619663973,35.57141848297053,10.300997621519658,1.0
138.12529314024724,7.442638891516729,30.85254532900056,44.40653550805284,0.0
859.1117576469165,12.370847461153803,16.460464115968417,276.37001662673134,0.0
500.05825919108673,6.0323457276595125,7.353829075571912,167.5029976181648,0.0
674.8932030541548,1.5359169418976482,37.65644725674005,189.5321540174134,0.0
239.06638407502967,0.9225860468795782,21.294045060685562,13.52411661609006,1.0
758.0404210112165,0.7700155698551636,34.094218415499405,212.80398859504953,0.0
760.0055449620985,5.702252129365049,13.683800230377031,240.35087720675443,0.0
312.59802490830015,5.058566262537631,13.411532683178823,103.95194777668628,0.0
410.68263301028287,10.769055354338542,39.42161922696157,33.41795908626544,1.0
209.69027743020087,11.142322523772988,20.873321939793993,71.00601382814388,0.0
976.5610233229042,0.7628095325060974,5.627816954429852,301.5240023654391,0.0
645.6025770584116,3.3168489433352244,8.786987119788296,208.09699312014206,0.0
934.5438807155156,4.113927752383495,19.277771175708832,279.74328981917864,0.0
303.38554362913317,8.214179762142141,1.6988364195364536,107.38231492319568,0.0
781.8909129968897,2.167728358604254,18.50135941513202,83.17746739653985,1.0
765.858643884742,2.0091182910000054,16.757633683205103,233.58593984409853,0.0
691.6556518665416,14.15683333811937,31.17345061277948,72.81001060644843,1.0
965.6389752668005,12.063043609466714,14.19767857956967,308.9151297170737,0.0
393.55533610631556,2.7098235313675545,39.30195046158397,114.83308709680121,0.0
130.71732358975729,6.098517118582365,7.2307967720361255,45.67710179652899,0.0
671.7088592440608,5.334329988863483,23.639467398725394,205.67038455353511,0.0
729.3098004772062,11.86506111098111,3.587971880330185,92.09362822765135,1.0
575.0605734588147,7.653193747171831,29.35455935975928,176.56543109795422,0.0
206.81789313339627,1.9177460549020053,39.79014752247886,61.385386501085875,0.0
504.45594166935535,11.084880947343658,32.76554551006529,157.37611138149703,0.0
312.1897365691294,5.953319673373784,22.22814162881205,100.83424624541563,0.0
427.46652816668905,3.9438637144822057,19.389654295987683,136.0791585982506,0.0
645.2185758446639,5.632479330310803,33.401198450673874,190.5230013196157,0.0
745.2147426908346,7.4663484541034455,37.438963388428974,85.6430803336996,1.0
232.2246909013431,5.146732746255141,39.56826103192372,25.79739050787645,1.0
405.32536064695336,3.6285865888763675,15.861569102579365,130.96045538961621,0.0
269.16157099162916,5.977530432059705,39.63669899178049,81.39609540710758,0.0
198.6316138618691,0.28759366124847363,6.23705008695326,66.92719454252723,0.0
783.3872199958383,11.587467691444708,10.141991037276368,259.4454072239941,0.0
909.2526944369924,2.564173403513787,3.560644989355848,288.642525969488,0.0
370.23218568457673,0.6585692044595587,10.869540659379267,120.37526579460264,0.0
751.2789243737668,9.805480393576188,30.717502064720446,227.3813347462254,0.0
896.9952893644111,11.609041932355083,34.11697432713799,265.6675926184705,0.0
846.1242105302316,12.207436973892648,31.15570580410287,256.43300798418113,0.0
182.8133885392259,7.402637739908999,25.24263112670785,59.75849062340325,0.0
956.2918815133613,3.0805227703497797,20.558660500905823,281.98935139721164,0.0
376.67644042946245,11.058415158747401,28.348171568545858,121.47141788662091,0.0
339.2406611738363,10.495696157315058,15.633341970688871,115.04133136170604,0.0
62.43132727778033,3.6940610115475985,33.65233405998807,19.579728255044287,0.0
486.173654104883,13.551116337941895,27.087603759071417,157.849375412231,0.0
109.0136156409287,1.565571871242435,27.91218793977634,34.34933721213801,0.0
248.53982092742598,14.740323593869885,21.43743972516285,85.32808720212184,0.0
316.94262176728137,12.90371716466197,35.4091593684469,101.1936989945305,0.0
808.8263234916841,10.318479682186128,10.0805893471621,265.17322146659296,0.0
875.4886503958966,14.081248324197492,15.245906134442029,107.47436049964793,1.0
302.46631746146966,10.834667524855616,31.105702787107564,97.20437339215279,0.0
858.6981212445739,2.856854955450689,19.709955845173507,256.99324334041046,0.0
857.230937369791,6.632342071692176,35.56856053696763,72.29182734069981,1.0
764.6509503848736,1.0725453649745305,13.855972790514093,87.66274693863835,1.0
146.69511401518153,5.844861334321731,14.77320675278579,49.682603917682215,0.0
690.322846900729,11.12404529605813,35.549431575465015,208.02637187196194,0.0
945.0240645805687,5.796650263962261,18.574812807281642,286.403608541065,0.0
682.5404787671571,4.954412632022011,20.64498336809947,73.63374085076508,1.0
331.61684910783396,8.930335837654678,13.310548613427176,112.54235394962365,0.0
500.5793174308313,13.083067934983426,11.066797687163277,46.43608710422705,1.0
645.7250433510536,0.7137478881916864,26.23794843353568,190.48241780812424,0.0
510.5704087285036,5.782056520496031,4.793626461648155,172.2459324824176,0.0
119.95294173096983,2.3736111272289406,35.170905647316374,36.817442034222125,0.0
312.06404465202064,10.430313760978045,31.168125470604316,28.504538345762665,1.0
802.3960305536325,1.5858684064670232,7.629930548232111,252.32671039103383,0.0
861.4180460955174,9.972116378703667,27.760797832982615,260.6084101815375,0.0
137.30003271557024,4.29271306196861,24.105316851425393,44.500983936923255,0.0
952.3867523987246,2.9837522060583703,7.3814020294657645,32.57641243123894,1.0
328.82261784860935,14.04528836737478,10.928140242009299,115.86135493069717,0.0
662.3137387307199,0.277868651189338,16.359460149353374,202.77433935147204,0.0
751.8251459566811,6.566659078343534,27.969709409818954,225.49993203959775,0.0
811.9462346378834,0.3244048869269067,25.548936352680236,234.44256026398062,0.0
945.7497022259302,7.253895721564935,21.289393907067918,285.95713249806045,0.0
312.9195480288226,7.515710666916274,30.736421724561367,98.5920107330644,0.0
858.5064545515545,4.824937070921205,30.317509584246636,248.5297366908917,0.0
131.68690343620705,1.982426662875355,24.714366162490236,42.023278491285325,0.0
705.0409063535927,5.64581306601713,31.47960333539301,75.59154984320631,1.0
741.9777295139859,10.083944098988491,13.370534991168368,241.70291303557119,0.0
677.7232412013204,11.735937129666887,35.249981132904225,205.61340433898536,0.0
252.314736135153,7.961259035822135,24.59640343207763,11.750389396900665,1.0
873.0431470152033,8.847515916596334,32.89454055249722,256.1136343523095,0.0
168.85846337039501,3.00924556686979,21.85116419161136,54.59601007685546,0.0
53.63479152083084,4.309954998414741,8.737529799547215,3.7372345390080226,1.0
717.4649906119122,2.4284341507853764,21.696405147132346,216.20128722976776,0.0
475.4757152327337,3.7394302500691703,14.844466551063524,153.06539017494515,0.0
849.0980199586761,3.3733017033829764,27.899961441483782,246.37379295029106,0.0
383.39714105825897,7.791731795868564,19.031751669389433,125.70711695377958,0.0
168.2785885077128,8.440331336860941,33.44451219710751,53.669858046867084,0.0
836.4421924698697,14.174211312322567,27.122900492876667,261.28596597044697,0.0
548.9096316400717,2.933559706522846,27.381777321252958,29.547333532166643,1.0
189.19579239035488,9.62513565242244,8.686213339642599,66.6152309835173,0.0
720.3839985864457,12.258889034812842,39.36999065965161,45.63652440665841,1.0
511.11363848950054,8.403621956745788,33.66700837085955,51.30061011798884,1.0
604.3129822403198,3.8250547875161356,31.560195382427786,178.72038951441272,0.0
460.89833820658185,3.938253450300003,13.208609006401097,149.7716485464461,0.0
828.7089838180063,0.5887957960649987,21.425266113889275,49.76103784066469,1.0
829.5627156830499,4.581663398227225,5.484127522973146,267.0544074376376,0.0
709.3888218243862,11.169055185050702,21.539039066508238,226.03545828752232,0.0
105.40137739646227,0.7127663581066557,5.835569859331491,4.160019805369412,1.0
838.8538619040688,3.2894292375724596,22.121513759584047,249.8007633348909,0.0
671.0129805329099,10.59348747797673,25.948875206196224,210.26731054324102,0.0
697.0241660042996,11.73977344234315,15.607838689996093,228.48215418167234,0.0
362.98284040387165,6.829776150928926,19.94179513325173,46.6318548598035,1.0
879.2795561570067,10.471115077179732,35.02613550698344,258.07448710493276,0.0
725.3716002348575,5.81928252982338,4.342525788112375,239.19877101196593,0.0
112.59046652919447,2.3986986753619126,31.669315719986116,35.099549150387176,0.0
407.77803440616265,5.972242402843598,6.830182039847856,138.2634206676067,0.0
886.3803619601417,8.699517303047143,1.4683193121851357,294.9755234528047,0.0
47.196701697379,14.220799227793353,7.422984109801911,3.0479981207864837,1.0
961.4166196420495,1.0312642813301598,30.601727598819586,267.1694276243871,0.0
679.1625683195628,7.610911407674409,16.205042933474402,217.189840757239,0.0
631.3759776433766,4.933796673160866,34.90082067384728,184.7122001549876,0.0
270.5592564879914,7.624675414150418,20.988301647290633,89.11812694264725,0.0
248.79178873917706,0.35963171064797517,0.8900140770532383,85.08621210827336,0.0
942.0582194885955,4.69538032052372,28.66854438407707,271.44876064160155,0.0
298.27245423412273,12.298022212905074,4.409316348849308,106.9350342379211,0.0
775.5052967189994,8.309126007819563,31.575185338476977,230.91281409398997,0.0
393.12179820707917,6.758737392241761,6.724101992207201,44.55541399896094,1.0
139.25407078470397,4.282876075730094,13.817855432220538,46.95492845152866,0.0
10.715297695358949,4.470637841870339,30.450857185014414,3.441700686479467,0.0
544.2573370152508,5.746521503858767,38.16925429905687,61.92522277197432,1.0
975.7788185489327,12.533560649468406,14.857358025869294,311.8365763353309,0.0
369.1361938092045,14.508198102124027,33.17600880795743,119.31058346579812,0.0
357.1923339930448,6.579830720255618,7.631690619033549,121.85563801347945,0.0
344.0916178494421,5.900292581216427,32.287190808099645,106.25130723005476,0.0
520.5438373048585,12.698261637297943,26.299762370250043,167.9941148126828,0.0
440.6648834242936,6.403579809544554,7.7097402884947375,148.72654601872117,0.0
879.9146267270145,8.280272584434767,12.100158414056462,280.3594533201137,0.0
505.5207917234903,3.4641249689811664,5.27083554388144,168.08184759840378,0.0
507.75783818856877,11.152538036686128,15.318680442572532,169.747030623887,0.0
138.3715947205566,7.979824774061727,8.145945644931096,48.648821416138205,0.0
982.7395409103859,12.135518253605126,25.75991814521894,299.3329330128105,0.0
249.97289086882967,11.710990950430046,39.78020416882235,78.48335918418219,0.0
73.36406745960267,3.2250715240504286,0.4803665233705656,26.026643026965818,0.0
663.1462489752088,10.734533258366437,21.636792531491945,64.56352084386221,1.0
595.3663701568727,12.00081611927057,22.946663901960388,192.18888941437734,0.0
415.14565399274574,5.191608611735926,36.56835158723248,46.708408826583394,1.0
422.19223388067803,2.589136693534118,20.240213390677503,132.92785286115637,0.0
785.0639210464312,0.0394823336938227,21.7480567857967,230.8808921370359,0.0
195.71264009964906,6.763554796397223,18.866112053135545,65.23533574747853,0.0
820.2533189448898,5.286490973082624,10.756172182459256,259.9255093890578,0.0
648.7471138950182,8.323647507381134,2.241165329956547,220.70430168855697,0.0
418.96977377952436,2.8206163888317866,16.346307288393444,134.23953727733243,0.0
458.0286165838686,12.894983214997128,2.1036588496271413,163.27684375535205,0.0
256.6472071860958,3.866328234421645,22.019698778636712,82.48201936385416,0.0
752.1143326969748,3.39644407631475,12.291745729691726,236.09361366534876,0.0
512.8747423052678,7.210710847265339,21.34409606101711,163.51971651778342,0.0
320.8545427498436,7.482765356164114,5.371878575807467,111.39110063263601,0.0
596.0501157609502,3.2262784317763926,37.305198629574384,171.3974746966593,0.0
995.734452051323,4.077910900888736,35.78084974199739,274.6174862040227,0.0
435.26227965655386,2.545578587328674,7.59986036809138,143.83051302701972,0.0
920.6914007786196,10.776902674847502,13.737771331760396,42.719211962236066,1.0
345.0168399245661,11.551335468811228,24.539710874079184,30.899093781139424,1.0
54.732706924985884,6.934927461889239,3.8274482922362507,2.777408357064155,1.0
204.24210636842886,10.711305340275262,14.182712844646034,70.78396967996711,0.0
418.6951433276842,11.039030879061682,10.044491472760244,144.14003052934095,0.0
219.634928594569,2.074132915167129,36.620669148667865,16.499651454732454,1.0
0.2270382182555375,14.49267037251805,34.100425451568206,0.07632313456912448,0.0
915.0015377475272,12.315479206446465,23.19330965067455,284.4028135428254,0.0
843.879411230929,3.0672519179373525,20.813853474862967,81.62855297265034,1.0
742.2922314869471,2.792475536191054,37.229031781815884,62.79634904895905,1.0
167.81459564602864,1.8849171836937413,37.29711131915261,50.58513525123314,0.0
120.36357620998605,2.075678438128776,38.77320501406642,36.31773983564949,0.0
67.60474947238315,11.222426985430442,5.015155364327506,24.644070100008218,0.0
724.0291887729212,7.044813854274353,6.422312430526809,238.56961735363495,0.0
928.8079606878853,11.744012591098008,27.069467947195463,282.5743662216422,0.0
430.535820913037,11.193823415253082,21.657379064393794,141.74880436986376,0.0
119.14067199604817,9.069190702578323,0.7386361957294385,43.35438388048842,0.0
512.3928207321065,10.295499098680192,2.4790014395807747,178.78325864319467,0.0
348.83190745863016,0.27533586568712687,35.523215290352205,102.43929793960767,0.0
374.8249243499977,4.676664702075329,34.75483182157545,12.345015193211434,1.0
621.3306241557073,9.567332688891153,14.290836879841805,30.761073741050676,1.0
718.7181132622023,0.140174302293663,35.642024677221386,200.55725995957937,0.0
110.60359887316085,0.4946541552389011,23.74700297591607,35.20583271765873,0.0
35.590230806476384,12.778319737055748,32.23622588075607,11.883768114727161,0.0
994.3303026857149,10.260372925381077,17.09724284640857,309.86629585111393,0.0
232.72834891555183,3.9805459968051595,4.535933093796349,16.988495682971873,1.0
53.830524908459076,10.319442601780635,17.34908250584065,18.708228976030618,0.0
189.87532909591997,11.88685003708895,18.291991919875915,65.33947858157094,0.0
38.95784634846422,4.601914246651519,22.03776775362412,12.900164306240393,0.0
391.81089461717164,0.5405606624878118,4.22330851617712,130.31101536342985,0.0
802.4017844513243,13.991686870316018,39.65607452198446,238.54765929082583,0.0
341.2444497577206,5.1776975744344576,9.765472832276254,40.25536973549765,1.0
444.18340687836655,1.5972264492705956,7.942096141483717,145.62293098237282,0.0
675.5867735674387,7.377853070897211,21.072116754237463,37.95650911140753,1.0
508.8940700698802,11.527016934962008,21.488327175795547,166.45176013166144,0.0
861.4456860213243,3.3247097192633874,17.59282951332977,260.83292382099717,0.0
866.0356750457565,4.04235075200045,30.87568585301018,26.999096540399552,1.0
9.910695491153643,3.6407248019787475,20.666176029144108,3.291906045749156,0.0
778.0463064831991,14.875095792475172,24.387818205799366,248.5599625773927,0.0
460.73360024167386,2.961056005958138,28.949855416311422,139.5733663148686,0.0
988.840541303663,8.63280325449186,1.0010040625546646,92.86394678936928,1.0
483.23207587543516,13.878969624854465,22.82576730180179,159.88918493266522,0.0
986.8959453882975,2.2034485331666884,35.36777884913477,269.4848267038027,0.0
754.5693612057366,14.562812968015503,0.6955497170173564,264.1708350947317,0.0
248.60488461330633,14.21215851593437,16.207284152038444,86.76200914493263,0.0
538.3949792869577,13.268579805873939,37.0490980082332,166.56780987155756,0.0
992.1356394785828,3.2183478199500337,14.126176091301513,299.6246792342892,0.0
857.5306077519236,9.51082584016475,18.349152968009633,269.13143159405564,0.0
97.3668937912211,11.413372094418602,39.26165572177251,31.14960365111729,0.0
706.3719968099961,14.790418922946445,7.972954358022952,242.3333019116341,0.0
345.57958587081305,2.7063573312205564,2.6102075650002377,117.69918326862994,0.0
6.982261880348117,11.490388492789446,34.37690363445218,2.3026870607371714,0.0
403.4809690269996,5.082017548906695,34.73861364849474,121.76990241501994,0.0
234.7544217249713,2.634396983520035,18.883113387200527,76.03063931634611,0.0
818.8692705204716,6.320654118207824,20.56828697909145,250.87179380877703,0.0
337.3306088457655,11.907538682229246,33.43225478471344,107.6474909329153,0.0
827.5236939538171,6.972747055560783,29.542379924631806,244.7786273956699,0.0
0.5979388347953085,8.062846503045728,10.605960088680426,0.07649602233664624,1.0
307.81915002611913,14.927391153001818,0.6757342028607383,113.26987358818198,0.0
241.16521430776194,5.98663949336139,19.18800650134183,21.611612302658436,1.0
233.56736106861098,9.231011320638597,34.35649304382566,73.98905848907133,0.0
68.1866197654627,5.478663024230578,35.83338706760649,21.412912271165418,0.0
187.12427041050174,5.891784694930574,38.24904788304615,57.47856419233114,0.0
555.5495698856199,10.434611301681121,35.18252950451125,169.81356617943308,0.0
291.3610728377445,14.068304641423252,23.201742211923936,98.51636068461299,0.0
417.394782329148,8.135384257384821,17.784223969444035,137.2511630468372,0.0
376.8668803471885,11.525998934231698,30.99399386136396,120.59209452314803,0.0
875.9049249998945,1.3380983822544574,29.59286537462386,247.92973460996305,0.0
905.2989990105154,3.1673705614789043,21.525737203258174,267.7556917180657,0.0
492.95697165586006,7.531974613792986,3.4930949023387647,169.11415492835957,0.0
330.1559503156044,0.30017585443162187,37.04325387147675,96.56499759735058,0.0
106.80070400236363,3.792824681438382,18.224101500066485,35.44226500937356,0.0
953.402879382095,7.761019347374492,14.533351276650572,297.16404307521844,0.0
60.226944900297454,0.22441797384451068,25.182695806750868,19.14520125624962,0.0
297.65027756828044,3.9681942933906256,26.953518446679077,93.36951635378686,0.0
298.06620117000415,7.710462292138042,8.427516681212058,102.70500600052625,0.0
320.4012861402149,8.597238719718685,33.47755379239825,100.39839025461228,0.0
164.28684327240927,13.886275395829582,11.597483746495115,58.733902622097474,0.0
783.1614309236971,9.680184348759118,7.467357036572668,259.1906729148311,0.0
122.49786196598922,6.221037037949906,16.2559941141799,15.621241065392011,1.0
634.9066591531628,13.955267656996018,29.22240323589861,201.27113910990747,0.0
123.84602670581745,11.773244750816914,38.61832713759214,39.68243225074525,0.0
70.53563759295656,3.000133816691214,32.37125057485733,22.121138920193975,0.0
909.4295036858765,1.9626354202322966,37.61393510680767,248.00172588382242,0.0
190.1287663187057,10.137174536140995,5.624232163061071,67.86901339431157,0.0
821.2501545597042,8.398247483654757,2.8470719545470713,63.73042714936799,1.0
544.6308711071358,11.845104206891335,22.308190476266848,177.15442035647072,0.0
77.8565196087696,11.082075751180296,11.611899321761374,27.672127318842378,0.0
955.4481914380675,9.378173007862726,33.12219891877091,277.95943405496627,0.0
246.96116699189253,14.795732574433384,26.879514856093042,83.10705548838006,0.0
859.6453453526065,8.00384595165613,38.82912655943178,244.70296555947866,0.0
168.81000578456417,1.6965863475257974,10.191694229252168,56.67454491402344,0.0
853.9428821418529,12.424103472239825,19.431364574209297,271.71670506548196,0.0
13.228812905293985,3.7778004351856347,20.04961909701413,4.406277845886018,0.0
511.7804565694807,11.659532222158774,9.567071794295048,175.27870617594928,0.0
769.4425794215568,14.356606440000771,23.60373597952031,246.07182053178258,0.0
934.7955174927833,10.451932709465119,17.73143944316958,293.0353243949108,0.0
909.202136206487,8.940452414247016,17.868862239594947,283.1075093158661,0.0
819.624869547645,6.905792635125609,14.509465918899345,258.35675045468236,0.0
888.1913496613041,5.466147989931049,0.6771740970214024,290.9019172021919,0.0
199.2196858370765,5.295071264577544,20.88380947659156,65.3012694990829,0.0
284.18429571172874,9.54559058564386,13.409913428013244,30.584187306032657,1.0
288.96852492105853,11.269096754066188,0.052794759373187006,104.74320061058903,0.0
377.0539310016988,10.177756042266216,12.31774830647728,128.68688638166338,0.0
393.3206703851887,2.976151517903441,11.14513332359028,129.1448466153945,0.0
544.5553246546755,7.409807702152368,15.737926128945432,177.07379599041954,0.0
159.87976336644138,11.874601082745945,5.274079585735878,57.86192996400043,0.0
691.2466637859893,7.1355611728358435,20.307352985403377,216.47287464480019,0.0
167.56653930450648,8.049349196032408,27.697614100725197,54.554177275780354,0.0
310.3084821045475,11.567040722562332,25.207422762182897,102.41029265313132,0.0
503.34513060615404,9.918979593976372,32.15019790276762,156.3207434982106,0.0
796.4405615234773,6.140173813235889,18.080331519483245,246.94674330796988,0.0
739.4692332387273,13.431190667913285,20.76366921358913,238.71159113968898,0.0
645.5343564105223,2.438506029952179,32.41607763435933,72.12730276940552,1.0
155.77326058017016,14.932746728854871,17.108046832769542,54.95538576889868,0.0
547.0453456155777,1.7827886771435582,28.06397399598388,163.29004128970956,0.0
87.44650179988544,0.22424956656358352,17.384094748719676,28.579350735504992,0.0
377.36317679665075,13.350283517231471,16.709447780462504,128.965263878223,0.0
413.5165302899592,3.674302625489341,30.408224981166413,43.771713881738876,1.0
39.81143944575383,10.945494411700814,6.9934766186484465,14.433037807749495,0.0
273.9880994699718,12.16523062398104,13.543438877662943,95.21100101599532,0.0
955.6494672664894,12.884795865481752,8.96689106987607,313.9922485155159,0.0
953.6326078296895,14.873913534962501,14.364397718703884,310.4569958460953,0.0
352.3270542525393,4.410595650599986,9.214992894640961,118.08022564196567,0.0
43.100108948324056,10.653650128908886,23.176225243466185,1.5361428286785948,1.0
179.09493932818154,1.7309978742124232,31.92683210471381,55.08600803406738,0.0
392.2177934335401,6.102139370352741,31.464522448716075,120.95226260731815,0.0
947.7796979692298,12.719575399688855,14.580038581951698,304.58264921266937,0.0
141.1990635371849,5.514870690886625,39.55041623577047,8.082332993641652,1.0
763.5158436682123,8.86643070803421,23.754174588232033,236.15483588475732,0.0
108.68253937469208,7.556601655869511,15.976012071131791,37.157035419680504,0.0
981.2575773912769,9.689272966680676,33.42157116965702,284.70550989487515,0.0
381.61649910913496,14.593415840815423,29.194960505705634,45.03137926047986,1.0
775.234538899056,0.8360328975210318,29.971013472964177,32.4558335060521,1.0
342.5910828111318,8.609422762524446,7.845573989354864,35.69017872396608,1.0
627.6688771588088,12.94543168875427,18.732972294742204,206.36154599756188,0.0
192.01608474003672,7.220740676226413,34.47312523298411,60.36309887220598,0.0
146.02101929696255,1.1779077891235923,20.16152030515029,47.14253998443907,0.0
938.0641395681313,8.408090286251563,27.338109736842014,278.7261440830604,0.0
917.6472779044335,4.981108362357307,23.51734932137058,271.8290237831292,0.0
887.4689402128823,2.3241267800690384,33.694271508735284,247.83000452071082,0.0
625.4334501665935,12.735517699252096,11.382433590464105,211.31271965167346,0.0
808.2682112162782,7.823992694866824,23.019011115454596,247.7505599723666,0.0
69.03693691137491,13.999146185686,4.929386720392159,25.53798680180345,0.0
334.78904189067913,12.090247569046037,27.608431067978714,109.4822385373107,0.0
313.7031247571562,10.39457690660501,29.278713534108483,101.14875232438045,0.0
635.6453219526132,0.07538255047967901,1.7134928475599365,206.92968372859465,0.0
355.9577734706405,6.417351849573749,27.031638545119403,112.50118035679357,0.0
148.5067816436808,2.9622942247804844,16.587606166631453,49.119035125265555,0.0
596.4670754135437,13.661968665733017,4.963875044387294,208.1508355691147,0.0
814.3839206690815,2.618759770145404,16.796301907938705,63.6322639788897,1.0
382.1234944599732,4.290900774889282,7.769317187823268,128.24838705956762,0.0
132.2687150984817,7.752551516017487,16.62238128493266,45.041350770522754,0.0
196.68819731282306,3.9504542849711886,15.373561118341108,65.37008694698604,0.0
237.48330516938398,3.1479701591868174,29.5356654774423,73.88559026376,0.0
299.89759299453624,8.986489876541286,30.96862232665435,95.39687144451356,0.0
642.7950705063091,1.3339428413253578,24.281146175381867,192.0658637639063,0.0
600.945484537719,0.8725163808138708,0.9074736872979017,197.97389304373633,0.0
696.0798615670392,5.583679427791071,37.24089116283976,200.6957344767933,0.0
362.5019845315132,10.809966817617935,27.44933120385791,117.34186199447777,0.0
823.9976518799783,8.32210137410922,1.3678179968475535,275.6981753942281,0.0
204.08766115576026,6.343147027001683,32.75331596856471,64.1687590723777,0.0
469.0407475181539,8.486273463368736,8.010646188719846,159.48738749364864,0.0
800.9387215414303,5.481772269799104,23.168847582844272,241.97386457817652,0.0
180.15864773261924,14.042195031481693,18.665374798007484,62.72245708154566,0.0
109.86311374078295,0.8235733636616149,16.793551294203066,36.02046442384994,0.0
883.6839676879897,10.100872185447528,35.5885488049759,257.95341910324873,0.0
342.9296627591959,13.369239972416258,17.494451662504588,19.49924622234427,1.0
683.870124909032,12.058270631028801,3.0137647029260295,235.95820395238061,0.0
25.34860426393848,2.760615522321701,37.8655490885981,7.803798306503563,0.0
690.0468884094496,4.438895234704326,36.8214092495851,197.96994938110657,0.0
316.1013115469705,10.755719080606571,27.37730758326395,102.88141059697493,0.0
55.74085358744174,1.264058387711483,18.715701125281,18.301419312447077,0.0
609.812761548117,12.177925497488761,3.7143789177408504,211.7333340190548,0.0
240.80381607317324,10.783604169071856,31.629924743099046,26.94208035577188,1.0
386.80724205188,10.944099738530138,3.0191165769611583,137.04379607998519,0.0
80.58081228651359,1.503620554013871,2.7440393958058262,28.06470769214475,0.0
147.16325109494534,10.766408172243462,21.495353697574725,49.96286295963892,0.0
297.9772354958438,10.19727187829955,6.405129607385609,104.86947364811029,0.0
89.75950056015714,12.463837362327759,0.30921069361395936,33.39843423161683,0.0
910.8262646863152,0.6239393438470425,16.92453723983145,270.113568937836,0.0
6.047043183978418,0.3466600270168829,5.4886892644026375,0.23716624033090386,1.0
483.86021886431143,5.595106498178411,6.42061661122765,162.5499290484701,0.0
123.24745813255144,2.2318242577372933,3.0764255494133863,42.84261283765171,0.0
307.67908947794854,8.375767163553329,8.203750148944398,26.424963508329615,1.0
926.0595598182655,13.760233522601233,28.619367190975574,283.5836733636504,0.0
161.69455327398686,5.872195955010236,32.357092288711655,51.03863790495719,0.0
965.8323197183327,12.674255659089063,18.101345761172027,305.2772731872154,0.0
205.79437698942172,0.0036131177679971094,20.262152635256708,8.2482766780638,1.0
741.5661084668296,2.527719651887763,1.3062013837681041,242.27346328686394,0.0
546.6772648973117,0.4563530948112843,2.7726504548526743,179.4931695532361,0.0
884.4787275967592,4.922207707726029,10.302709025980676,277.99094598056837,0.0
553.993255503131,13.622843935447543,21.7559368285259,19.311004990517212,1.0
534.5592191563087,1.4542818539848161,29.582045949399717,158.4434211572821,0.0
195.4580003683999,9.096146651157005,24.200122453521324,64.69324750575767,0.0
166.2293620516587,6.772439086791663,15.685114199471531,56.27577517603096,0.0
916.4891511155142,14.077023185487187,4.732962920125527,309.568505611158,0.0
327.8381988500341,1.8377871380564077,31.23092939548758,99.32316382897712,0.0
372.08225496289595,3.180417757533434,14.551442063962284,120.99839503532516,0.0
759.8236584283884,0.4431295291723991,29.442160579311583,32.27844933201923,1.0
338.82348242280733,6.509028744470607,20.519153676573673,110.19284950215751,0.0
952.0624466390027,4.167493493469815,29.54648214247301,89.78095881674386,1.0
737.9277689988003,13.048589008354814,36.29158245810287,223.04873279157266,0.0
597.42924257342,9.074112197966326,36.84118064215208,178.82509059951283,0.0
880.8951605447525,9.211361069635526,21.404271200024137,271.7226583052694,0.0
49.60590834948275,7.978660453219536,20.46033459062555,16.82756093196953,0.0
257.06269218920875,1.377755058438015,10.62713862011349,85.13179749550116,0.0
465.03633422090996,6.675280255880328,37.431993261171655,139.06734464993565,0.0
226.97853947152103,14.992577845627748,18.316766687984835,79.13023720453202,0.0
743.905187302152,12.528439362690222,5.103649571495086,253.6389169061008,0.0
919.2080310537252,13.40188581250674,17.308196585061996,294.4035260291847,0.0
423.7701199309234,12.348395388697492,5.082130009520158,28.37924647915929,1.0
342.13260011189493,1.5456254014647404,20.101267370283004,108.14814455571867,0.0
961.5507321375662,3.4117238109719943,22.451020594248487,281.6282624337968,0.0
444.85243282754084,0.046824770346144406,13.510230459743413,141.33605721500965,0.0
489.04840044928324,4.552651873171672,2.8660245692593866,165.44170998708958,0.0
351.6498723419054,1.6291110351973885,37.74014142532956,103.14494083767804,0.0
909.5484730121384,7.091900179523745,30.934124539337184,264.7642010437322,0.0
568.9554832818508,10.156912328608529,33.555243220204844,174.50016571479685,0.0
762.1745871816447,13.117579425571156,14.674735771449177,250.85801763999194,0.0
811.8067183508864,11.238257476363472,30.43324120077802,81.7981870459598,1.0
341.8490419172582,14.078783936677578,19.41491580676777,35.329894713687665,1.0
433.69433132038006,0.8084743559068319,8.043339536241838,51.64236012989134,1.0
848.4717744062647,0.1826975312481216,4.976935076288531,265.9101939395746,0.0
363.25535167581023,9.92007170754319,13.802034772882275,123.30010099853887,0.0
793.9351334518512,4.340286153333693,5.502084459005587,72.80169611620501,1.0
940.9923225744371,3.802515241586597,39.93075904816274,40.98851277845538,1.0
623.210373068007,4.963306315406914,1.9675596092808822,31.013091132014193,1.0
741.6272874518888,4.046940868385462,17.64574397476306,39.29954199435274,1.0
805.0973120411348,7.6715460945238085,18.083740895615364,52.2552930277773,1.0
845.0396488966425,6.602226708361988,12.025277143267022,267.73762846039045,0.0
395.05333785679596,7.686428270649845,22.854062628277813,127.33939674873756,0.0
51.26345917599817,10.090704172506543,5.999080966061787,18.543367636362433,0.0
401.8762712367395,5.806957634567224,31.356495223489347,123.60950375840623,0.0
673.7562297840898,3.769615307132352,13.297908729905533,213.13880745109674,0.0
450.3503857807928,2.493008052131182,23.65370359194567,139.25571604454572,0.0
748.9631508603985,5.242111792989383,28.625569442678373,86.52066042228468,1.0
356.9824294686639,11.127097128692581,35.561684707606446,112.1413697297713,0.0
634.7441411040295,11.350573651672043,33.431497458088,64.54785368965953,1.0
186.41980485397457,10.003580800263155,24.332361124142384,62.059699691685346,0.0
749.369436644957,3.5104226296031187,15.535727215355477,232.36334654885403,0.0
545.6959688130258,8.821293687820466,20.128186802998556,175.8331071002186,0.0
204.06438854660058,8.56034492365272,30.749391735152102,19.2648265023256,1.0
291.9111734978073,7.263992971645882,35.10182170237892,90.43616744884253,0.0
748.6087085818324,8.249684795757963,4.151277127066875,249.870005140157,0.0
482.60123566152066,7.376859489355021,15.39425049972214,158.25799573901406,0.0
216.03144039307222,8.481845491111622,31.044663936540022,69.18457995797836,0.0
967.2711903702976,10.732589319316931,17.26607050375844,303.1067965196923,0.0
715.125019816888,1.644422916051596,13.289110562651354,57.53424874752626,1.0
957.1348325397961,11.244386282235356,16.452907872930783,302.23975138400556,0.0
427.10504536034324,2.038292251913913,24.11378987145403,131.8247064590546,0.0
475.1003406917205,0.9994199761556205,39.99220576535206,135.15892512137958,0.0
897.9552161850191,14.641195293322014,19.71969716418127,287.6944370428561,0.0
525.0493402453847,14.354876533056622,8.339778998170422,183.09759551412952,0.0
707.2789119056672,0.9065481741084608,6.51386301116379,225.08678740951848,0.0
252.17287749552997,6.648801622124433,1.6939898990565716,88.99532717448719,0.0
446.72646870264055,2.793674074496621,22.35268939673286,31.314284303045305,1.0
123.4498658103551,7.2801734570162715,21.78288365955337,41.152675336412834,0.0
205.98003587696167,12.45265864499381,8.209357071212366,73.63611079475481,0.0
0.943415267631087,14.259176621143354,27.81317625810268,0.32429006066774624,0.0
39.26505164866023,9.513789801773061,29.64428166518723,12.989429499127132,0.0
977.2838231769293,5.308585008177255,10.36392821528445,304.32516253653563,0.0
242.3536951367623,9.049883484668976,13.76399056118946,82.9943831532603,0.0
663.3107095040019,4.680019591626755,39.618866893890264,188.91245332212523,0.0
839.0996987996116,13.647354612480905,14.970578714029369,274.23385172664786,0.0
550.6604592365643,13.056006946587555,30.43206687024407,174.54236454691272,0.0
153.1445000839562,8.373476254194914,18.109017065197598,13.435042630632116,1.0
728.1164373361664,4.871983730705408,31.733793114439038,213.17449554862796,0.0
600.251410099583,4.400845133744675,30.760929551305914,178.89051395095564,0.0
731.2505893473751,0.5012699205758919,26.710241007941423,212.5696521555186,0.0
769.7466228570871,12.237312765379428,34.19113385182317,232.59642986317036,0.0
975.4103676847451,6.755748195585119,37.568739795107405,101.82376824713515,1.0
573.56328002671,4.8769939260039665,23.199332818083356,177.6003436098917,0.0
341.6411126906018,7.066655324966308,9.498756288909828,116.2572426343872,0.0
648.4645569002371,12.28106985681978,15.945158465763,214.1676190286474,0.0
68.44070924262613,1.8692131156128178,30.33222854053173,21.49965733643136,0.0
897.3973183215863,12.86483982362741,26.03533940495478,277.2196729657015,0.0
119.38101133819679,13.46263252662531,7.1119335426099495,43.47387846723575,0.0
327.84283788581826,14.200618725508322,2.049581645856988,119.35202390887743,0.0
815.7453806261209,5.962319886339417,27.318463741682596,242.4031432273444,0.0
597.3123783307118,3.257106060565078,10.043160961173815,192.6103065770539,0.0
