T_bat,SOC,V_bat,I_chg,t_rest,etat_processus
43.804540225011,41.7022004702574,3.46300730437265,1.72660660645327,59.0654333786508,1
21.0763744689805,72.0324493442158,3.80990424601569,1.95295742694799,25.1336301526487,1
25.7407663260716,0.0114374817344887,3,1.95245340346425,89.8794509882291,1
49.3236669317905,30.233257263184,3.30747568092265,1.36888374874474,88.5062902703391,3
48.8239191806193,14.6755890817113,3.10963143328725,1.4817237658398,100.268692748731,3
36.6977497730631,9.23385947687978,3.02156367609967,2.058718236596,77.4778963382756,1
39.3827216448782,18.6260211377671,3.17915246184722,1.95356511675237,73.1062647913543,1
28.1627904287982,34.5560727043048,3.33775716688468,2.05504487903659,55.9603599454678,1
48.5627325713852,39.676747423067,3.4295398622658,1.50438871183955,69.8550200547827,1
40.0932441898172,53.8816734003357,3.58506614798137,2.04139382753069,39.6926617964677,1
40.0042398541628,41.9194514403295,3.47469986656266,2.07026040609961,49.3076166996514,1
20.3331000010977,68.5219500396759,3.76455119637863,2.03376420978931,27.1914114190071,1
45.5890954954908,20.4452249731517,3.17177303077114,1.70344754552629,81.6668827155284,1
43.3497865604061,87.8117436390945,3.95218543644788,0.745743243812982,27.5702767446757,2
40.5477199071442,2.73875931979262,3,1.89754823157637,89.8926303266282,1
42.2234543905875,67.0467510178402,3.7811332559636,1.85288113877464,31.1715991919937,1
24.6971727379513,41.7304802367127,3.43632822362512,1.9735542151331,51.8321351558245,1
41.5632515854595,55.8689828445752,3.63670900401065,1.89887145598748,40.7599129412643,1
22.9045523207963,14.0386938595234,3.09669176532219,1.96106129537837,76.9396494320905,1
41.208483441159,19.8101489084879,3.15968531708762,1.91582275007094,73.4256086717447,1
20.0789538837651,80.0744568675537,3.85815226215316,1.96254515240973,17.8212039593045,2
43.2861736238114,96.8261575719397,4.05061456314014,0.300926360025431,16.2795304692827,2
34.7467155434462,31.3424178159243,3.29560058128201,2.0184137409123,59.7480308155507,1
26.1316059889359,69.2322615669314,3.76499660040919,1.91784905830747,28.1433827181628,1
41.8773984333619,87.6389152296038,3.97261173885673,0.836525447703988,25.0979288235191,2
29.4696239534948,89.4606663503847,3.99560808531026,0.609481009770676,28.7662575392493,2
46.5145276999254,8.50442113697779,3,1.65502643761142,96.5920752432193,1
25.4070057569667,3.90547832328824,3,2.06193000190365,81.9014545284029,1
48.1565196285808,16.9830419564569,3.15391243601359,1.58831938711382,91.2096418157056,1
49.1225044415948,87.8142503429413,3.94771787795302,0.680270438744783,30.0359267183364,2
29.1345573215699,9.83468338330501,3.04397939282339,1.94478078917812,81.3611053357496,1
45.874591991129,42.1107625005052,3.49741055052393,1.61000328700615,62.7713380538051,1
45.2653735660103,95.7889530150502,4.02058440137243,0.346223285433642,19.1303359786488,2
32.7383813028381,53.3165284973017,3.57012340707593,2.04464611065191,40.116680463367,1
30.9105322355835,69.1877113950473,3.76603864589043,2.01242716565373,26.8916742431168,1
28.4731241970513,31.5515631006063,3.34172368781474,1.93775290750397,61.9831498944304,1
49.7971035339664,68.6500927681584,3.73830694873606,1.41335429449416,38.5619758862437,3
27.672530808557,83.4625671897373,3.92728444772411,1.40796058015154,20.4171357331066,2
47.6202679327737,1.82882773441918,3,1.56158513175649,109.648635120782,1
32.8500564127917,75.0144314944967,3.86262179713541,1.93178299256948,22.6937174647941,1
48.0628103702423,98.8861088906495,4.10596737645295,0.187926545174565,8.42698739377692,0
45.1653450259455,74.8165654379839,3.81111027962631,1.71458736344169,25.6888285333836,1
24.6733197684654,28.0443992064405,3.25643353487772,2.1035889834439,60.1415044486743,1
37.2285006305265,78.9279328451488,3.87307773023913,2.02918633071529,18.2425789927559,1
40.2050904405706,10.3226006577642,3.01666199452962,2.00121454551619,78.6945076851547,1
32.1746121799714,44.7893526175905,3.45181066576948,2.04379257306915,47.4637108596978,1
20.1463113344668,90.8595503093096,4.01344402969197,0.646614584650444,23.6182385579807,2
29.7599398930688,29.3614148373679,3.28254301994508,1.92959377132701,64.2300734294105,1
45.1683484391975,28.7775338586349,3.28903568086807,1.68449927267908,73.9120742647765,1
21.8847194065181,13.0028572118278,3.08832188743419,1.97322865240774,77.3984971161587,1
23.1625923931795,1.93669578702971,3,2.01233100162851,85.5895331273026,1
41.0536203953575,67.8835532939891,3.75602359344346,2.0142658214976,28.0049223645429,1
35.4247480326856,21.1628116000059,3.20836887166198,2.01496757364848,68.7211464871876,1
34.9450047498354,26.5546659372226,3.29364378401667,2.0624277810643,62.5827791596229,1
31.2082915677922,49.1573159280338,3.53886715140522,2.03783216071619,43.8334235153011,1
38.1054085001396,5.33625451170804,3,2.01356185352274,82.5731206399469,1
45.5440630063111,57.4117605492013,3.65182804149543,1.66103377368184,44.8026404800191,1
28.3076916940698,14.672857490581,3.11138456739129,2.05301426401726,73.0327221954084,1
45.3428408853091,58.9305536903284,3.66701460723625,1.70449491469873,42.1346352947981,1
32.4985744571635,69.9758360020931,3.75776483629043,1.98222447996424,26.5932704428319,1
35.0295203718182,10.2334428827826,3.03503063241181,2.07651235591145,75.9834770589593,1
41.8887013570454,41.4055987819568,3.41357864510249,1.96763563630447,52.2740183087061,1
27.7616512251982,69.4400157727745,3.80095820481478,1.94690060657074,27.5466747959332,1
47.6491075596842,41.4179269526903,3.44922740259413,1.614795160817,63.3397633336516,1
41.0620839268654,4.99534589460872,3,1.96937939274901,84.6836300319515,1
38.5679126929247,53.5896405915512,3.57722157819718,1.95314267679108,41.7037926968997,1
28.1902651193575,66.3794645219789,3.74797919896684,1.86535959733878,31.59561470573,1
40.8754536907834,51.4889112058309,3.53128372065149,1.96673392380238,43.2977096278869,1
27.7164424536037,94.4594755990813,4.02651924404252,0.446285701890934,20.0951667228271,2
44.4935801098243,58.6555040501993,3.59411849932093,1.801876001128,40.1863260090369,1
20.3441736506872,90.3401915287884,3.97844332054416,0.718143817092797,22.6359372571509,2
24.9961293083462,13.7474704146238,3.09115885292885,1.90395350968414,79.4566260068157,1
36.7348696628618,13.9276347250759,3.09164281667881,1.93866119821738,77.9068137064986,1
41.3684299880751,80.7391288709524,3.87322477541573,1.79936068115544,18.7467855165088,2
34.7744196173933,39.7676836985534,3.43195337198379,2.00337514808259,52.7999812619935,1
46.3342850443985,16.5354197116933,3.10626912940073,1.60330252636255,90.8703894921692,1
49.2760981268874,92.7508580396034,4.01598857224638,0.380918705792705,30.2805502599623,2
33.9283120263273,34.7765859745507,3.34759903121284,1.95135221621403,58.6614111672452,1
43.0396093844842,75.0812103136156,3.83329882415883,1.85299733121905,23.5700916126661,1
34.8431640150058,72.5997985350452,3.77010957898149,1.96807603033794,24.4392985672892,1
39.9529633500746,88.330609120581,3.95352604379734,0.773313820782243,25.5126332787626,2
26.746249399021,62.3672207055609,3.68596458518769,1.93239468736741,34.1702906901687,1
23.2862515164881,75.0942434027337,3.8265611199951,2.05421296906904,21.305049695095,1
49.3702681272257,34.8898341977843,3.35874606140455,1.40473185273109,80.5635060674324,3
44.4498397911795,26.9927891765026,3.27744833666764,1.71483775473601,74.4617906828226,1
28.5615059734859,89.5886218196067,3.96031475855001,0.772827313217053,22.7757154188736,2
37.5748515328376,42.8091189871295,3.48417364501744,2.02878045252033,49.5211438506444,1
31.4021361583637,96.4840047148386,4.09181934500535,0.469608838369048,12.179915055247,2
25.290141223096,66.3441497818448,3.7567479750415,1.99886079860897,29.5679093639788,1
32.5650542915748,62.1695720209122,3.7265818914786,2.04406804550115,32.5179358467607,1
28.9156338259018,11.4745972953375,3.03569796854022,1.9460685339431,79.8297864821383,1
20.4987231959872,94.9489258707071,4.01376577031121,0.422732430291802,19.2327262741738,2
31.6210492099643,44.9912133479941,3.50630011298485,1.96814244387384,49.0628480037065,1
47.6273901141426,57.8389614387132,3.63505073608788,1.52953196865087,48.0457951573694,1
44.8460077612235,40.8136802761281,3.44061973531122,1.66287639892051,62.196767711967,1
37.2222426558965,23.7026980243028,3.20764535360003,1.99970896568968,67.0022651289155,1
29.5594059434115,90.3379520562254,4.03393011173482,0.68950492136384,23.518012925079,2
26.9379288465631,57.3679486672286,3.64810816731072,1.97550653800884,37.8856799319073,1
48.680587508928,0.287032703115897,3,1.49811741581191,115.936517024622,3
36.9383029720614,61.7144913620724,3.69070401426679,1.99559347123287,33.688959471862,1
26.5281591067737,32.6644901772096,3.33731040237626,1.98860230278988,59.4544200774971,1
27.4844615329587,52.7058102257609,3.6119107094268,1.97829114108282,41.9710661203121,1
48.7878860759276,88.5942099310774,3.99910276520145,0.72241918464866,26.5793788296429,2
27.1644239988918,35.72697600025,3.39988993866786,2.01252261922995,56.0922057876602,1
23.2014226506661,90.8535150919799,4.00246447500159,0.62326215955574,24.4535840916708,2
25.5188581925801,62.3360115791803,3.64958833570424,1.98598144774505,33.2985250099219,1
42.9867442075376,1.58212428465563,3,1.78839474747059,96.3624251708508,1
41.2629276779378,92.9437233743761,3.99208167514883,0.555725158772963,20.9687475287511,2
33.1382577433137,69.0896917516924,3.72619557540451,2.00149364675064,27.1209978812655,1
43.8141352134928,99.732285045148,4.12365263906617,0.185459459353736,2.04658126734912,0
35.5253807642786,17.2340508345329,3.15824140033733,2.01532944300327,72.1331451515094,1
32.4079448338732,13.7135749628878,3.09296167401892,2.03245452758771,74.5829323085953,1
23.5232580868277,93.2595463037164,4.03500951826744,0.431841100878436,25.1801198179056,2
46.5173319780905,69.68181614899,3.76315849102264,1.69316423077551,31.3067064871675,1
28.2677964323095,6.60001727220625,3.00427549735399,2.0090318701594,81.6500081161995,1
38.4878216998958,75.5463052602466,3.83781645993328,1.97381366189157,21.7493593211619,1
49.5373933688212,75.3876188461246,3.8346370035162,1.52534042756158,28.1223571120749,1
25.6825406613126,92.3024535546483,4.05151360951517,0.596335872191739,21.4371261100648,2
48.9556397537913,71.1524758628472,3.77404072062167,1.39847609757207,35.8483951056649,3
39.5814610527709,12.4270961972165,3.05427036700609,1.8976990029503,80.9320262557184,1
23.8619481378964,1.98801338397956,3,2.05167386493149,83.9433647877558,1
43.1578143821914,2.62109868777193,3,1.79008100633127,95.257774934314,1
48.5532733477128,2.83064880207946,3,1.53023512536659,110.682789762493,1
36.8834164906827,24.6211067603046,3.23911761712767,1.95511738692985,67.667862597911,1
40.6566559927444,86.0027948682888,3.91127612565365,1.04236917029969,23.0645187745164,2
20.7904363660995,53.8831064341653,3.57680955836519,1.9861286875517,40.7687436093818,1
49.6722705652384,55.2821978685766,3.59091709256302,1.47380177654044,52.823172328429,3
29.5537135944105,84.2030892359606,3.93828747235027,1.28284439863965,21.3336526036289,2
20.7171133809866,12.4173315119911,3.05477684890686,2.01376852966422,76.388800881689,1
44.2569245142317,27.9183679011139,3.29136570678514,1.795451069092,70.3063548803997,1
49.197576553012,58.5759271458288,3.63650690066082,1.51562945616622,47.6251458120191,1
42.1276552975004,96.9595748319675,4.03183419533847,0.412553510318987,11.8316371627673,2
20.082074181362,56.103021925571,3.62256223929972,2.05971708794625,37.4526807340271,1
21.9008153412211,1.8647289372943,3,1.99412136065699,86.4153622738409,1
37.5280821568274,80.0632672680616,3.87135595296016,1.99813117910359,17.5213967169795,2
30.0714532326681,23.297427384102,3.22301748084767,2.0167749764545,66.8019655170506,1
46.4550044225539,80.7105195618779,3.85625924404324,1.5005754188878,22.3923740604146,2
46.2100810807082,38.7860644064172,3.39266707652576,1.77021487150053,60.5341082493275,1
49.6255672611332,86.3541854559429,3.97009262004506,0.786970063734999,29.3468873542409,2
41.4749590721778,74.7121642737185,3.80761320306987,1.8471220376193,23.9932399733374,1
46.3065109942595,55.6240233990419,3.5834251682235,1.66884019719933,46.471311301583,1
29.5895033558616,13.6455225660685,3.10520222116656,1.91064718121397,79.2789548626664,1
23.3353085575942,5.99176895122117,3,1.95218255509575,84.5151784272288,1
45.9609231734714,12.1343455740737,3.0740540968491,1.59417198678716,96.1932080327682,1
29.1041779388458,4.45518785447617,3,1.94952319556945,86.0108361048366,1
32.5799689450066,10.7494129106093,3.05803183197237,1.98441273846387,78.9667965224237,1
39.3809077121472,22.5709338607855,3.20501071466444,2.06290229931935,65.9625005356299,1
38.1529740246654,71.2988980382677,3.78449939901189,1.92554805886883,26.1507095710439,1
32.6276925354464,55.9716982054142,3.59064344729699,2.00413321050007,38.5812092541755,1
31.5845153561178,1.25559801591159,3,1.99421037462184,86.9479608253329,1
23.6804312557702,7.19742796894868,3,2.01225149495186,81.0010951936741,1
36.0158565291025,96.7276330000272,4.06418363972915,0.303250989351903,16.6744348282157,2
26.9856229173199,56.8100461919942,3.6334605118895,1.96403315389593,38.6001177309454,1
42.6442355330138,20.329323466099,3.19486585884851,1.73453647248955,80.3610461157786,1
40.246117524935,25.2325744570323,3.21140123269581,1.98168581587106,66.2412292914698,1
22.1578089442764,74.3825854075093,3.80361565949211,2.08127957695155,21.6355220427899,1
49.677940542074,19.5429481109319,3.17404624777583,1.469981490939,95.2792479800893,3
43.4137080672302,58.1358927273258,3.59985327746423,1.80913782630434,40.5324403735078,1
26.8347766067179,97.0019989088312,4.08021230521803,0.354823507997835,13.3302583903616,2
20.9222845504909,84.6828801490035,3.94013595388153,1.253435948644,21.1524131741774,2
34.351154932151,23.9847759147586,3.21067355433402,1.91127940898939,69.7643603080191,1
30.5822731250322,49.376971426873,3.58012145306523,2.0175311169075,44.0725900986307,1
36.3953449809268,61.995571838138,3.68113778043343,1.99465712423437,33.4569399830142,1
39.7899186627476,82.8980899550179,3.97548495210461,1.49650259328251,19.9051965477981,2
43.9165942207621,15.6791394646084,3.13228994313238,1.76873193657015,83.4524021445039,1
20.4063304051738,1.85762021774095,3,2.01700718821948,85.4647650065687,1
41.4288654163663,7.00221437192223,3.01321387511984,1.90948231864727,85.4286933531004,1
28.859418983057,48.6345110937032,3.52176151872356,2.03135893300295,44.4218815723137,1
49.5920772691225,60.632946165333,3.67008533575753,1.41285732454142,48.4399235069724,3
45.3872519176334,56.8851437086481,3.63334302792305,1.60793083805149,46.8093961118678,1
36.8120354325435,31.7362409322161,3.34912228796483,2.05347206394524,58.4152118909291,1
37.9329705613052,98.8616154412449,4.09824530069118,0.299941778278295,5.85552321257744,0
25.7622701901367,57.9745219245797,3.58835309783724,1.99499666063833,36.9907012523649,1
26.787547657612,38.014117262355,3.39149146124953,1.90766703206164,56.9936496352295,1
24.6203953501385,55.0948219117897,3.61621649404466,1.99379516978305,39.548640565267,1
31.3344064239333,74.5334430906502,3.84744861935589,1.92876096922973,23.1659119770659,1
23.3586633302474,66.9232893453185,3.74222786153639,1.93941444262363,29.9274389000154,1
35.3381868090279,26.4919557662809,3.2499356682241,2.08550252661858,61.9594114132026,1
39.1543386620464,6.63348344284416,3,1.94467015178551,84.2543964737447,1
23.6663713471095,37.0084197914106,3.37581181838839,1.96592322046486,56.2446244105047,1
30.325890767908,62.9717507021564,3.70555440772678,2.03707134716156,31.9351079333077,1
22.1104363905562,21.017400991484,3.19213485276799,1.97119577180191,70.3388955185597,1
35.7728356181621,75.2755553738814,3.84139568972892,2.02694100101149,21.4276670860364,1
39.5086930760902,6.65364813541149,3,2.02184810959395,81.098335625187,1
38.4641642412531,26.0315098578541,3.27846173708497,2.03812759822634,63.7620432625643,1
44.4160868842846,80.4754563743345,3.88311326745159,1.58193234159779,21.5353159137645,2
27.0669870950726,19.3434282623328,3.20633902163207,2.04312379235049,69.3613199842175,1
38.5454552552134,63.946088087994,3.67005185980115,1.90975461774978,33.1148812477996,1
29.0848555769792,52.4670309123734,3.55138992788797,2.04843911610112,40.7728504969428,1
22.6630311823743,92.4807970399351,4.02172016537062,0.522040334229343,23.6601591150924,2
29.1578441469744,26.3296770487111,3.26877604517647,1.98340947728255,65.2139093447796,1
22.1406942483385,6.59610906840238,3,1.93712983874118,84.6079608886461,1
48.7572263305901,73.5065963288669,3.80953971552493,1.378238627477,33.3894670614539,3
41.8149630478079,77.2178029543247,3.86552540346663,1.92421985486818,20.7717264017455,1
23.0438257347201,90.7815852503524,3.96844095105149,0.700019573152571,22.1236180272195,2
43.5880796704578,93.1972069196837,4.05316343271906,0.603377361248179,18.7411261406074,2
30.564660802896,1.3951572975597,3,1.98720591819752,87.1236016344537,1
47.3430542097138,23.436208612142,3.20460280312191,1.56925644184523,85.1099436362884,1
34.8649230424134,61.6778357001658,3.68698901662041,1.99913973532663,33.6628559538943,1
46.1807816895462,94.9016320687616,4.08054946503361,0.316156676910789,25.0632116110912,2
26.6158938423117,95.017611924708,4.09756683118351,0.436779625972235,18.4237343903074,2
31.015769777098,55.6653188195156,3.65189069797471,2.03785458665337,38.2222146288394,1
31.0051082647515,91.5606349766275,4.00207841101547,0.655884862315528,21.5203043060588,2
22.9139804480986,64.1566208946337,3.67459634114779,1.95590903446319,32.1640120669407,1
29.9304330219738,39.0007714141246,3.44804560287402,2.05668034339895,52.1192556804442,1
39.791294115164,48.599066709691,3.51572832051326,2.04164213082043,44.2339913502627,1
33.9963047412122,60.4310482919973,3.69176794911189,2.05971679648799,33.7600350876337,1
46.3769470923329,54.9547921508563,3.62798320072872,1.65907008531961,47.4418075799951,1
28.0901079917104,92.6181426706454,4.00438270798331,0.530215113535038,22.9007188590511,2
30.6445804616495,91.8733435633606,4.03364762860586,0.655993808023137,20.7197023822502,2
29.6106287045184,39.4875612923555,3.43146649050637,1.93457937911919,54.8843703707647,1
36.5521391186512,96.3262528440712,4.07838950637134,0.345451596842097,16.7220082899611,2
25.6465824681886,17.3955666680464,3.15966300249865,1.9954561194141,72.6918453963738,1
25.1973281452452,12.6329519439637,3.05793880617803,1.97420146476567,77.6902345138213,1
48.1844577262536,13.5079158046731,3.08319144426014,1.46527478939277,102.74423665029,3
31.2994314123899,50.5662165676897,3.57297806987127,2.01638176557247,43.0611669443895,1
37.6129440464915,2.1524805274198,3,2.07555341073839,82.8610253503161,1
21.6545625505647,94.7970211217681,4.06875912126987,0.428421446542726,19.5755479786608,2
24.225739906981,82.7115471170733,3.90670915145927,1.45863226059858,20.6274358583059,2
22.8907565558373,1.50189807421224,3,1.96444213968348,88.0127455506246,1
44.3634670387444,17.6196255575055,3.12632765461908,1.74505181483745,82.6074616736998,1
23.0944034775039,33.2063574366837,3.33705669914069,1.97248567189061,59.4459373853462,1
35.4894813703865,13.0996844810917,3.0557166793856,2.0791109931177,73.4675498081877,1
24.6673369397622,80.9490692126582,3.91219893689289,1.75874287084618,18.9588448252861,2
28.3645026628655,34.4736652683293,3.33823294517781,1.99825782111212,57.5842558984917,1
46.4780600750921,94.0107482333367,4.06829801422236,0.366614193912337,25.8768264200387,2
38.9478129539273,58.201417994708,3.65102463756633,2.00258655131642,36.6549452257067,1
48.9098813063921,87.8831984411844,3.97475823795956,0.651309990519988,31.0992900439031,2
37.9914309684798,84.4734445392222,3.88822704906373,1.27393141043403,21.1097037272028,2
20.2855914864967,90.5392318708649,3.97404084111463,0.699937293192372,22.7077420832768,2
32.4692301656127,45.9880265816807,3.47389379286844,1.98747528946414,47.7166779178679,1
20.6732526307604,54.6346816020373,3.60416967973284,2.00903215020544,39.6582312268341,1
29.4195298414084,79.8603591152039,3.86145778551002,2.05642525511762,17.2098931612025,1
34.4487479216223,28.5718851734148,3.3161190041701,2.04808837760458,61.2798812768051,1
37.2637802337142,49.0253522619928,3.53868359202206,1.98726125560964,45.0380949796033,1
27.1595060878679,59.9110307645878,3.63573562435166,1.98270794285754,35.499514269768,1
36.7485973534296,1.55332755508357,3,2.05803071225135,84.0613988074195,1
31.847604023217,59.3481408196637,3.62568058583793,2.12507579186042,33.6417456340763,1
35.1974656252078,43.3676348989458,3.46316225453379,1.96453475917525,50.6013890887794,1
25.8790104362756,80.7360528884841,3.90002287699256,1.75756221146764,19.183353458454,2
24.7025483001029,31.5244803095373,3.33137612928656,2.01428966399529,59.7086434101886,1
42.6355102280716,89.2888708525151,3.97710066206347,0.770672279365351,23.4929739315462,2
29.8991968641656,57.7857215284535,3.61737331701907,2.01847537938434,36.7351248200014,1
39.3258707761465,18.4010201627465,3.12205400643328,2.04037192737671,70.2641294515372,1
36.9636678977163,78.7929233825504,3.83736358355319,2.04618624885478,18.2105659419645,1
46.9859274765821,61.2031177044934,3.64244221292999,1.61718739904995,41.8875455582902,1
46.4205085372105,5.3909272073753,3,1.62998687695963,101.367655522952,1
33.2933420098035,42.0193680001132,3.44672474236416,1.91081077845983,53.225501790526,1
26.1420525947677,67.906883656543,3.75591514120184,2.06613142400903,27.2986870110276,1
38.9657712587548,91.8601777977526,4.00391555861532,0.602566216385102,22.4524034437585,2
39.1050792603965,0.0402024891357433,3,1.99494312272128,87.9866210069058,1
40.7725251013581,97.675914903106,4.08635940492436,0.355839055834003,10.3079117553446,2
47.224196082044,37.6580314745774,3.40717727506477,1.54138583977726,70.5143533019414,1
43.477429341338,97.3783538358323,4.04693716058441,0.368340284465041,11.2802024350497,2
38.7587280756754,60.4716100974053,3.66355351712248,2.00867129485511,34.5616621762233,1
38.0289678619427,82.8845807980693,3.92542835965732,1.48184379016835,20.1115510349065,2
26.3827710820443,57.4711504708102,3.63938793759637,1.98826566754012,37.5573853652395,1
39.540960859936,62.807619830735,3.68787840313964,1.96232339286044,33.2681538872912,1
44.4350051232981,28.5576281695694,3.32193828439343,1.72180259649133,72.5793435168411,1
47.6696744255869,58.6833340656083,3.61076464368285,1.46988834412678,48.9312250924805,3
47.499503362428,75.002176370266,3.83536758452007,1.4758025621132,29.4901081246074,3
36.8329641761791,85.8313836429042,3.93457855625109,1.09017232668791,22.3681182623135,2
27.7950192722146,75.508218846768,3.83781169845844,1.95446439793139,21.9935091495332,1
30.0139237047115,69.8057248447303,3.74472512820232,1.95335107356571,27.129391346645,1
49.9328709670646,86.44794300546,3.9350179347274,0.736746336436433,31.0058038537088,2
35.7679336465346,32.2680996836746,3.3292405578923,2.03070303870207,58.5943396542725,1
44.4772001851347,67.0788790787587,3.73695439033795,1.67361144295629,34.3801486700487,1
37.9104856335372,45.0873936413349,3.4918919878231,1.98148158919496,48.6554699640506,1
35.2079116198498,38.2102752031517,3.39444920330522,1.98858050485823,54.5583087689056,1
30.4561884591709,41.0811349922186,3.43291681111294,1.94698170773876,53.1071249190834,1
36.1331158469391,40.1479583469541,3.45160877409778,1.97288696796936,53.2573874276473,1
20.2020412098261,31.7383945958277,3.32295210889836,1.97343153160222,60.7240165078464,1
46.3005741978972,62.1919367920301,3.66617636275943,1.62742518445487,40.570819136987,1
36.8445944459804,43.0247270821264,3.43576026146798,1.98846982750695,50.310036414715,1
20.7284427597404,97.3802077927252,4.05753630515183,0.344005387823827,11.9684301758917,2
44.545242359935,67.7800891434311,3.74275199278131,1.70122794138213,33.1172420056591,1
24.0606317258622,19.8569888427111,3.16928736098675,2.00933375095514,70.0505296998177,1
20.9191609427261,42.6701009348033,3.47193588869842,1.98629695608781,50.6771951943654,1
33.8700621240535,34.3346239774423,3.30873975623236,1.99090565096217,57.9143268013787,1
48.8197008586099,79.7638803958567,3.85046998245966,1.43090202990919,24.596505745685,3
22.8084274539197,87.9998288563432,3.98323433073203,0.901806934282443,22.6940015675201,2
21.9679554840513,90.3841955826372,3.98847489103074,0.696276340781402,23.1930814437048,2
46.3980672866577,66.2719812375262,3.75083414202014,1.62426186090739,36.2610145939477,1
44.6411612462987,27.0208262029758,3.25161486888596,1.72197469684335,74.1334021691489,1
44.5990826673525,25.236670150459,3.2835705877401,1.75944454348279,74.3730965471581,1
34.0345414344612,85.4897942697402,3.91423030988101,1.13497827578389,22.0412229052805,2
32.8247628368159,52.7714646308747,3.59970451703514,1.92742270627629,42.9909919586751,1
32.0320491630349,80.2161084004598,3.89057685268143,2.00710185653153,17.3112501775755,2
37.4664512641792,57.2488517191606,3.62597275857976,1.97824361837516,37.9402485028685,1
41.8691200812833,73.3142525287511,3.78484397155241,1.95025656503149,24.0140921359715,1
43.5287600704888,51.9011627464056,3.56881809221464,1.88383621542128,44.7700308671742,1
39.6439756268125,77.0883910501888,3.82802496572886,2.03551240653531,19.7749464258399,1
36.8739849402804,56.8857990704716,3.65405092728896,2.01607807616838,37.5617758923582,1
32.3717782466089,46.5709878591981,3.50415752956992,2.07564388371951,45.2438071071241,1
29.5974518613156,34.2688907953282,3.34625818084309,1.9997878674185,57.7210932160586,1
28.5874337847856,6.82093484167041,3,1.99221372119635,82.1277007123132,1
28.8853015520923,37.79241793281,3.36898591212715,2.0440632294964,53.4719516315038,1
40.4825859849333,7.96260776982524,3,1.98092496876807,81.572341943684,1
42.8732354647874,98.2817113730445,4.04466323918955,0.227706982692264,11.1373487930884,0
37.9285936096993,18.1612851330764,3.15341596465624,2.06458933970177,69.6634963558638,1
26.6859167676068,81.185869772054,3.91474582520724,1.74694119618512,18.8461561692718,2
25.8318506151417,87.4961644955898,3.92914364866561,0.913857443532925,23.3508638221867,2
42.9705835631226,68.8413252385943,3.71410723853188,1.87345574594504,29.1587756509438,1
49.3608145692514,56.9494412745376,3.60331978921398,1.51516944645687,49.5096590859549,1
20.4772988477769,16.0971436815609,3.15095221665671,2.03038956014395,72.5946449004196,1
27.4669442594774,46.6880022763306,3.51750765295582,2.05728123251142,45.5381058883343,1
43.7693861531224,34.5172051155215,3.3539021662172,1.86462013750694,61.5626193849296,1
41.5749589326006,22.5039957814085,3.1997452906997,1.87906482166453,72.3111043376453,1
27.379398732183,59.2511868765797,3.63666014551211,1.99371314369841,35.8895101537697,1
36.6467714322754,31.2269837701917,3.3567624814259,1.9680474745353,61.3421789009996,1
37.5675738229706,91.6305553468351,4.01040146694276,0.713782598801331,19.7241995292111,2
41.6415282994169,90.9635524951557,3.99882466017339,0.538049519804326,27.6602649282532,2
33.910211336381,25.7118293782196,3.2517697198807,1.9075807994792,68.3081419447818,1
32.1454541456817,11.0891300744029,3.07322200777668,2.07690511346886,75.2452776819269,1
29.2402841246267,19.2962732019113,3.21484009082174,2.0056027976591,70.6686663405925,1
27.1492672522047,49.9584170678886,3.55919763781606,1.97610192115593,44.457215274941,1
22.7751007445181,72.8585667974596,3.83837477009773,1.96135347733281,24.2894052761711,1
39.3765016225293,20.8194438408791,3.17695717983847,1.95054353137694,71.2431391024617,1
40.0871134562071,24.8033558377231,3.28364214913707,2.11246803943491,62.5923514353853,1
40.6203042175054,85.1671874936367,3.93327835703377,1.21845277520418,21.0485270191918,2
20.0943716139312,41.5848718267527,3.42230768709641,1.96746004308717,52.1186186919203,1
33.1475909756296,61.6685067155236,3.68170555632508,1.95728530283238,34.373134608568,1
23.6766009473409,23.366613923925,3.23306428633055,1.94817524463277,69.0330316659919,1
35.7982800711892,10.1967259425797,3.03464832520626,2.00069065215537,78.8250988190049,1
49.3921886270562,51.585701696853,3.55362848775187,1.54427942538476,54.6615201564389,1
34.9783103289001,47.7140987049782,3.52869165524014,2.00323237777509,45.8372970102015,1
31.2394993782056,15.2671644093163,3.10149527100559,2.0232625035603,73.5647819807274,1
44.4151997718379,62.1806231740415,3.68701863133632,1.76435687689997,37.5201147874715,1
49.046043147341,54.4010118813938,3.60060544570434,1.41375370461178,56.0737631986112,3
28.6137013258639,65.4137346970744,3.71284833934502,1.94914877467112,31.1408927309613,1
44.090001192395,14.454554012466,3.1110606970641,1.75467598190554,85.3237945877537,1
49.8842431208981,75.1527817135244,3.81042099895731,1.40012383763883,30.8421886150632,3
23.3547271925482,22.2049139799923,3.21174948188261,1.98165577346433,68.9246459291853,1
35.9314206376167,51.9351824366033,3.57284957966439,2.04457252572753,41.3051687403678,1
44.40579738455,78.5296028221619,3.85242369003363,1.70201222260776,22.0584733493385,1
31.2888255097069,2.23304279918062,3,2.06764065681277,83.1021648528132,1
33.3732357882418,32.4362459726187,3.35301273132552,1.91742194795717,61.8142729248104,1
42.527076789937,87.2922376400111,3.96581589674393,0.97530768198471,22.309373712779,2
22.9503913684526,84.470960760207,3.93769815058849,1.22288390991814,21.9597957157185,2
30.8157891498938,53.8440592594544,3.57202298834707,1.95472455434389,41.442448117354,1
36.9111876585937,86.6608274166513,3.94280769273196,1.02162907672508,22.4056169914726,2
27.1575678782775,94.9805991353627,4.05852636884781,0.49016491720519,16.7262279881001,2
45.198613151661,82.6406997629341,3.91919211298375,1.25802829595115,23.8884285022268,2
42.9755297686982,85.4115443836539,3.9367955219529,1.08892293235896,23.0561870020778,2
48.9662773877702,9.87434018203484,3.00414949009184,1.44461023062296,108.54079836234,3
35.6896422504119,65.1304332340991,3.69450397753185,1.92206385770873,31.8271743246419,1
23.1957397397178,70.3516988152653,3.74184229515765,2.0242028435827,25.7288925707688,1
48.0985106918446,61.024081264663,3.69415140603284,1.49477491696993,45.4154537032609,3
45.0270796848905,79.9615261736028,3.86225426671691,1.66354730037392,21.0494643945015,1
36.3325448300971,3.45712198716343,3,2.08527252076665,81.3840756779432,1
45.0890683215621,77.023873455498,3.84928898537696,1.71259369632068,23.4637329444865,1
46.4507275806183,73.1728600739527,3.81314126735242,1.65593017197291,28.3064645084734,1
43.2824341210069,25.9698393298353,3.26384856465088,1.76766086312659,73.3108644794627,1
37.1376193112725,25.7069298822147,3.23838325881865,1.93655523477229,67.3162889565175,1
38.4589616439825,63.2303317430128,3.70459361643309,2.03900493318499,31.6827412952384,1
45.3317204793008,34.5297461591082,3.37162918806026,1.69235199187042,67.636423330912,1
38.666499089418,79.6588678007288,3.87876076770884,1.91122428664994,18.6689702997868,1
26.1943987756289,44.6146232003457,3.48731052698562,2.01564046493183,48.2628414440302,1
40.7446527066191,78.2749414784172,3.85438758366266,1.92172722529799,19.8329184874643,1
35.9604125023214,99.0471783623841,4.06536557712628,0.275898326925979,5.26261967616121,0
27.8974117670057,30.02483395339,3.28593710572394,2.0932134746433,58.7693668288741,1
20.0235962458891,14.3005828258099,3.08714452399953,2.05960141339145,73.122320612002,1
27.0649328389974,90.1308436349274,3.97898974622708,0.685914683111488,24.1393219415347,2
40.207000939281,54.1559378887373,3.60032958081014,1.98144925881766,40.6209071883491,1
46.3496059904283,97.4740370855082,4.07776147702437,0.265178061559135,14.4259191886429,3
44.921077077217,63.6604400001897,3.67885289232895,1.71071980137202,37.1502654475105,1
23.2432215676553,99.3913024610479,4.09718278851759,0.294234838831494,3.18287240720033,0
22.1337493856851,54.6070804142952,3.61701616383695,2.01647974104016,39.5393449214951,1
42.8477693563702,52.6425933905521,3.60627664333891,1.82852484408931,45.3778038471092,1
28.5450011635492,13.542790307217,3.09894388036121,2.00944389476715,75.5655339008908,1
28.1540915748986,35.5705170983881,3.39579597687978,1.96191489754128,57.6431286256837,1
20.060009018253,2.62185672963733,3,1.9490437989092,87.6822498748135,1
22.9561703192166,16.0395179519649,3.10426367048682,2.06815912118243,71.3491569991671,1
24.0679114217706,74.5637192707496,3.83500010105779,2.01813272639349,22.1384753156019,1
24.7808061868759,3.03996899287888,3,1.9621363278973,86.7376893866835,1
33.359408078461,36.6543097243744,3.38345118351513,1.94703386232797,57.0957982471108,1
44.4240744417146,86.2346252838044,3.95052777687747,0.953825242733908,24.6832550471338,2
44.3689434610534,69.2677717507354,3.74986645562841,1.78673538106387,30.1175724162482,1
47.2996886504734,69.0942142066169,3.76209806137734,1.5902673088561,33.9154564184331,1
33.30776115861,18.8636800955311,3.16276637670858,1.98903695829482,71.6246830318256,1
41.2613152383504,44.1904280748423,3.45302873901701,1.93034575868835,50.7271162243002,1
34.6500235436135,58.1577407344291,3.6418780450184,2.05776615011508,35.7326483651497,1
21.4952767440356,98.9751707663705,4.09694684378067,0.451809804033063,3.67607927487107,0
22.4129430190864,20.3906225233122,3.21794608395977,2.03092336100797,68.8621609729187,1
27.3782700564842,24.7732901762355,3.2666456245721,1.97731100846576,66.7919609361027,1
49.4486518586905,26.2173083772912,3.28185900788996,1.51471426725297,84.8773783817005,1
40.7575168783035,75.0172413297993,3.81998643892655,1.87208235546175,23.3959619256575,1
28.0402274557196,45.6975327435693,3.45398703291377,2.11060191589043,45.2394494065292,1
41.1878973365395,5.6929438411095,3,1.92933604262651,85.7624463104038,1
39.8403840314471,50.851624061024,3.57363499499281,2.03949960210785,42.3388818073538,1
21.2987048262172,21.1960164643676,3.18900871926568,2.0303444403076,68.1844638877035,1
30.8446275392521,79.860424476021,3.84641812993385,1.97232641170515,17.9255117934184,1
43.2118395020688,29.7331381507272,3.31460949291129,1.83558040121965,67.077676055012,1
22.3556874450231,2.76060119545036,3,1.98274104881151,86.1058608279326,1
46.5315235032761,59.3432449464621,3.64508774643341,1.58604180450603,44.7312280742508,1
47.9260488876367,84.3840428931189,3.93765622705274,1.03083326866045,26.0065299685149,2
45.5925653716967,38.1016124062214,3.40266374929405,1.75048400834397,61.8817479924631,1
23.5213281230284,74.9858310726143,3.81245121565782,2.06634393551792,21.2751355361695,1
36.9552044510574,51.1141478297128,3.52142533908508,1.98431198908775,43.2551812989001,1
41.2267984349667,54.0951804962189,3.52721404415833,1.89427661970057,42.4984152304064,1
46.6394026982053,95.9434321061752,4.01396173569322,0.298786032717849,20.9349616209872,3
22.8732808789944,80.3960891498647,3.88115743758969,1.91565718888283,17.9517770086343,2
44.4731175364798,3.2323066623574,3,1.7983173793025,94.2380621197684,1
28.3404899500635,70.9387251231295,3.75651562391954,1.99974374524031,25.5204070751946,1
37.7686215729774,46.5001481563506,3.48208713494442,1.96046847710817,47.8991510760145,1
41.5938712812176,94.75489413951,4.01063417281399,0.382005589738308,21.8543249743624,2
43.3105744808125,22.1432734323488,3.25356972197978,1.84417540466822,73.9858132865574,1
28.8399454699661,26.7072019684366,3.26342312972908,2.02847280055128,63.473063694566,1
38.2212961684662,8.1473964877262,3,2.03241903004558,79.3954933837087,1
28.6241862260699,42.8618828663787,3.47723773600451,2.00655513419912,50.0101403216553,1
49.9495025085341,10.9018764019068,3.03626302047998,1.42029955781133,109.077515275392,3
44.4351682382705,63.3786760611918,3.68723395840582,1.6229896143913,39.4015494912912,1
32.419337488081,80.2963237373738,3.89242125094002,1.92174010544416,17.987470648287,2
46.3742655699271,69.6800496120179,3.75051871694562,1.53357436060358,34.4637498914583,1
41.9750334532536,76.6211381075771,3.79583497752772,1.86401838422071,21.9861793143094,1
47.8624079218327,34.245411984352,3.37848534510309,1.55959047097071,73.5331505515107,1
25.1483208274077,84.5851483027678,3.91997728938103,1.24573892172052,21.4138300470091,2
28.8450501476262,42.8768774999443,3.4562668394041,2.0567048366674,48.8068469348341,1
22.8121002822393,82.4009870412319,3.92752241515346,1.55327280110071,19.7584736072578,2
29.5394309503614,62.6496158624294,3.6767960504793,1.96927176111814,33.2945236704539,1
31.4356584123961,14.3423048670245,3.06702278838068,1.94831821921279,77.1568060366753,1
38.9813761885626,7.8386899854948,3.02123901076751,1.92748452163637,83.889586093364,1
34.1455981504575,1.83326429130073,3,2.06604094449706,83.505059169664,1
41.5300694233114,6.67249976393565,3,1.97774182871725,82.8456059079207,1
28.0767060050514,45.8583813708432,3.48352451061197,2.02200122509967,47.0341968681965,1
25.1917015754655,11.334192276759,3.02105510335234,1.98909905285528,78.2691030523276,1
31.373678083261,2.778334884867,3,1.94179192260185,87.8600797711042,1
33.1424431228356,75.4861481390467,3.84587378718781,1.96231581339461,21.9274395480105,1
32.663797034475,39.4850480460639,3.39667738991844,2.01060014583455,52.8617421178378,1
47.4070905998458,74.6938495607525,3.82666415330308,1.50313434132251,29.3284808523765,1
28.0870105504086,45.2404826746452,3.47311593797886,2.05779338593712,46.7631845907021,1
30.5613020808547,45.0086747000761,3.53037375141735,1.96718361126106,49.07058781723,1
26.4562898048998,47.8072506717831,3.55532293532569,2.04828837116623,44.7731351332681,1
31.1576903421282,47.4003926562194,3.51436303472434,1.98043001591765,46.6301682286817,1
31.6956617249333,80.316334211417,3.88720560682382,2.05519129206361,16.8301087663719,2
37.2628117133562,40.2392519857736,3.43446075839217,1.96268021293989,53.4458210171813,1
28.3509493586733,90.4686160343623,3.96708458487132,0.710730163983209,22.5526631523534,2
27.7847692552354,3.70610479540359,3,1.93796792415212,87.1890382447694,1
41.5718418516957,77.3874342720419,3.86330113095823,1.93555987633872,20.4993154804167,1
47.3053612271763,12.5641381137739,3.07409322925646,1.4897479417219,102.214490521873,3
23.6629045869032,61.8513566912086,3.72060567102967,2.01243705697854,33.2943775052327,1
25.4686691224995,1.03642613352319,3,2.01155018897233,86.4080020523087,1
23.9932893462771,53.8627282576347,3.61622751999396,2.07977108219535,38.9934344730858,1
40.5082304841349,0.301795661959636,3,2.00363487243218,87.384943749001,1
26.4202931812298,95.1193785490205,4.05176853286661,0.409335589442562,19.1257085531399,2
38.1371480991912,90.5402033702778,4.02397354060375,0.619212773334928,25.4442751423365,2
26.0503620440895,79.5966941942269,3.84472093250001,2.04955614303917,17.4922450024269,1
44.5327158107937,91.5274319914787,4.00961841011922,0.519595287958079,26.7744883740342,2
29.4832139677459,14.5558231158397,3.11499332650915,1.94956662978946,76.9164258395743,1
40.0885029405763,15.7730069870533,3.11264965795761,1.94420518109392,76.0245680136783,1
24.4620068840768,18.7631672902434,3.16707524409115,1.91927132124659,74.254013299192,1
29.1783634125848,62.2495902299921,3.65523501131258,1.99379146961796,33.2473926993717,1
28.9172433590503,90.5809496008302,4.0207637040149,0.693325510601401,22.8087028854808,2
39.0523979763515,98.9955178359074,4.06832029870051,0.292397994649842,5.28060305147461,0
40.4264158137001,71.1122458765816,3.77984895417626,2.0461061562832,24.8069293944328,1
45.3574593951147,73.1800409142295,3.79843796447813,1.72281200730664,27.2312722135329,1
25.5004072030677,90.9293204544255,3.98558993284208,0.678517337095288,22.4115780787501,2
42.8128929291932,40.0873732371121,3.42736947661418,1.76773335080599,59.3281341982201,1
41.3581820683808,24.9850680225037,3.22141758386998,1.91287212356239,68.7904606411319,1
36.7263174223242,17.3430170787123,3.14506417349147,1.95753212605706,74.1121735125296,1
39.5048895894705,11.9457050333729,3.05580859621303,1.99775675598277,77.4006631778204,1
22.6998530909809,81.2610588032829,3.90111856646053,1.71523222605138,19.1080208350496,2
24.4062744716771,14.6792373417243,3.08855158826063,1.91301030743412,78.2356425757334,1
32.4671516214991,26.4297482726901,3.23197725578368,2.02233707004434,63.9019853591311,1
41.3411206490307,81.9089178633531,3.88560617986277,1.61659569142114,19.5392007873227,2
25.0346349087078,31.058725179421,3.3565093079153,2.01057232466986,60.2232172058918,1
31.6693741767292,98.2417449292943,4.06022964007281,0.293240144763062,9.22053895955261,0
34.9383786166228,26.6638702151635,3.25902415515894,1.97701176239226,65.1229736609493,1
48.0513718073963,53.3653344971211,3.57114799250923,1.54473904426908,52.6370745150065,1
21.6558874596352,31.446701118585,3.28381062946317,2.03000834490316,59.3247321766356,1
44.8702247284579,91.0772831173837,3.99233921126363,0.505124898400576,28.9320303142299,2
49.5247953769635,36.6556643851234,3.37612485677388,1.45852119275673,75.5838265012463,3
28.0181784055967,43.3592327273165,3.48713212076196,2.05290377475456,48.4821903478347,1
46.7017191132227,51.2292692278361,3.52014385871752,1.58196855563081,53.792283611716,1
28.7090041632623,93.8886477369713,4.05020025250303,0.495988088975142,20.1477546773963,2
43.9702249458989,3.09490062711507,3,1.68182976686108,100.719586999214,1
33.7957210399771,71.6878663631689,3.76324848251717,2.01025310261379,24.7357183841354,1
37.9282594663061,89.1018954292339,3.9486676936988,0.893785804555255,20.7850002963575,2
27.1000213029531,2.72872235174688,3,2.04158489909282,83.7108261026345,1
40.6284488648244,52.2051247252511,3.57396362466755,2.04130798554174,41.1373054993918,1
24.4605459833969,32.5989811770025,3.34890192848016,2.02396858070097,58.4974309689833,1
36.7905949700532,85.9489320865586,3.94270078772914,1.09069689480027,22.1723425035035,2
34.8298679163204,55.8516550922518,3.61315285924945,2.04586909505158,37.916023010011,1
45.1161798784826,69.0227868162748,3.76079191443403,1.72751696448855,31.3690304197739,1
34.444055461212,45.2853499951537,3.51555995810116,1.96045951192068,48.9869949754099,1
43.5419287996019,62.8309037521357,3.67622697799559,1.7218384138644,37.75986157803,1
32.0088292020733,29.0096851687426,3.27061739950067,2.00134058959596,62.2922236045804,1
29.2371780029272,0.934857796651578,3,1.96530833565356,88.4813766763881,1
43.6168140913282,57.6755934987091,3.66134386439442,1.75835652966192,42.1288227474515,1
32.5539279173427,31.1444214132463,3.29831218152125,2.06638601479246,58.5621151292244,1
34.9029818364001,51.726759850113,3.57133722155319,1.92601128123068,43.9733482774853,1
37.3196759397299,91.6405853053898,4.00690054373061,0.664709028361084,21.0532480396993,2
44.5899721366799,42.6474788501396,3.47921113686446,1.67863047137979,59.7204201701633,1
37.4395992388016,24.7396036602385,3.22089889665804,2.0367256007916,64.9192751362135,1
32.1842870804243,37.1293761279054,3.40675826041863,1.96497635317763,56.163003000658,1
24.8176048552773,93.1861116636541,4.04218656741132,0.575309242854718,19.6142934805016,2
41.0633391474233,93.6868381309094,4.07180081212605,0.522036233053891,19.8653349346362,2
46.496984649555,84.4329948565713,3.93090200508157,1.07097085864247,24.9967330034837,2
23.2513666371246,92.020651430566,4.02284164989901,0.567234866273429,23.269630751252,2
33.9864192743924,22.7900289951317,3.21329548285362,2.00086757963305,67.7654418983157,1
48.036065155371,8.74822095535909,3.04721593774621,1.51014101431023,105.280997534042,1
36.9052750242551,22.7309736284689,3.22755030382584,1.95456593801888,69.3837228453625,1
36.3576054232109,31.437661611405,3.29026795280985,1.99595207950535,60.320185568231,1
21.9042664963443,17.4765876356312,3.11137525157285,2.13289222928647,68.0483169361131,1
36.0590053888651,60.709416197246,3.64861804389489,2.01217275816092,34.2954054480038,1
39.6362391145981,41.3586415001161,3.40784101680566,2.0422064273163,50.451257544021,1
24.3977553689943,81.6351511827214,3.87538094918543,1.70637740162921,18.8209708462646,2
48.6909418294054,18.5130398269031,3.15564738815859,1.44057372297103,98.4027331564771,3
25.8845237583003,70.187652975631,3.78162576870384,2.04843862157589,25.5724537721121,1
40.2177798067383,24.0355624849139,3.21871471556632,1.91825952487893,69.470507216555,1
28.230234602246,57.421908884086,3.62968993867002,2.04042312592573,36.6627038603514,1
23.2529250149562,34.8987597220789,3.39255157888142,1.99236274401749,57.3758177108886,1
27.8270241108465,5.69643994828327,3,2.04626556552737,80.975622022578,1
30.0245550055422,22.8813670960376,3.22931217921566,2.08493622832695,65.0199932837873,1
33.9419563169307,66.4102555354794,3.75111762299506,2.0353689063609,28.9932106744827,1
27.0306933020446,49.7250093360531,3.53026284810769,2.04602023792419,43.1746705292916,1
41.8251165997582,51.9015984073679,3.57911792367744,1.88919579256414,44.6458904246382,1
44.2157330607203,17.4720150108922,3.21057313386105,1.70480541756953,84.6534729680407,1
43.7292678814085,57.0715851546256,3.61040658359233,1.75898984849945,42.7150803448511,1
41.472456451737,99.675342520821,4.09336152054523,0.196347557179232,2.37219101830595,0
28.0892973848307,81.6835108791622,3.87093238379317,1.75172412161167,18.2989615457977,2
26.3137337312203,59.4372623830978,3.65020396416665,2.01393409484406,35.3756100511245,1
23.2738498472424,97.5989068330905,4.07554257425034,0.364558848414398,10.4254624330605,2
31.9004330420826,90.1562584669321,3.96744502606757,0.792884949710238,21.0215341555374,2
22.617999205281,59.5607933602646,3.67037466751393,1.97904882124676,35.8742338722028,1
39.6616896944743,3.24263253144571,3,1.97724784196015,85.9111835457665,1
48.4948674308725,9.35770958174808,3.0365538392288,1.50740962989047,104.761213505742,1
42.6689984173746,6.53717150422264,3,1.83623287062189,89.1899902247665,1
23.5067518129518,45.1733148691475,3.4986897567078,2.01364688780682,47.8221510756701,1
20.6144374615521,37.5434833167858,3.44410163339043,1.94291848631366,56.4106012372511,1
30.0466648935904,97.5350034270287,4.09063387402083,0.352742148472832,11.0169592335274,2
49.7862847027711,16.7983293199615,3.15593857715324,1.39896465986277,103.358633493693,3
29.38495243931,97.2787591932655,4.07634561201218,0.313344355008713,13.4809675301123,2
42.1252339638238,76.7474868863013,3.84243715390764,1.82361956654418,22.3388591537058,1
41.4958812977418,82.4237839624498,3.89532913313339,1.55986433080425,19.652083881991,2
37.1767279308584,63.2615816777997,3.6512689279826,1.96153944909143,32.8748973875852,1
31.0293817300891,66.8732770206732,3.73893578219481,1.97382375269423,29.4630899965513,1
26.2479708209026,47.6882333521193,3.51465410960627,2.05105535179331,44.8161348466218,1
49.3999764933091,1.31363569230722,3,1.41019054915248,121.652243165763,3
21.9768131001538,35.3006085541825,3.3921623287621,2.00206758208607,56.7519830336597,1
27.086832558113,49.2071801493558,3.54247085371757,1.9957045926946,44.6922180541872,1
29.2669841153035,73.0091211090104,3.82722454400605,1.95563842510485,24.2234998071705,1
47.2851006044692,46.8628342746109,3.49106312872529,1.48722660928719,62.2204284832484,3
41.4010778905729,45.7404916089432,3.48723714045881,1.85301755803371,51.3222354105954,1
27.9611555071404,13.7662740945603,3.09672021605772,2.03587267004818,74.4152358188797,1
24.9350390881599,1.0888733803479,3,1.96853760771486,88.2024824481366,1
46.4149224057959,75.8278260476996,3.83066744499053,1.62100602017513,26.0381546139377,1
43.8134939729552,31.9952838077678,3.33289289661194,1.85551457629165,64.2390725681243,1
21.1516229592921,98.4383450193511,4.03576499785766,0.282776524452244,8.44704706798351,0
46.3790253078975,22.0234226159156,3.17734156591157,1.62905646072092,83.5932814499207,1
37.6381923563138,33.870802548168,3.38069140561904,2.03505069064197,57.088566694102,1
33.7261159095912,52.3896135666132,3.5368654393161,1.9197095017971,43.5082917059126,1
40.2155563064977,75.4891457060533,3.84186064151661,1.98022204496693,21.7313854110094,1
21.1832839560616,46.3857783900296,3.50060302005862,2.03952058929838,46.1855218810509,1
29.9096361040898,12.4822543111676,3.11791321471222,2.00905720687131,76.5068312401405,1
22.6414525342806,31.250137849205,3.34119495884079,2.03240417617238,59.426384794758,1
40.5091239434315,50.4519169700995,3.54358634173403,1.99684640677732,43.5726633705954,1
31.9403514564889,67.3849008016868,3.73114535915581,2.00614994427376,28.5519928740895,1
34.3686227532182,77.0149956312092,3.83587210925872,1.95107521998793,20.6753886363517,1
28.6941001757712,13.0335780954354,3.07305013786689,1.98618657739654,76.8787895794732,1
43.6488356033698,2.29151313223818,3,1.75326397187906,97.5316310338654,1
21.3953804680325,51.9082322211989,3.56085361900842,1.96873336015546,42.8809389642105,1
28.4337693909157,80.9988710662416,3.89268702081812,1.90213280168642,17.5203408555086,2
37.7178758527663,1.26037670298763,3,2.00682715527042,86.4104314644051,1
43.7040050730362,67.2469844653734,3.70150495336991,1.75284006091532,32.7014188559774,1
38.0479800773586,68.6808226656992,3.7763323983715,2.02134225369119,27.2164192572621,1
41.9146600596091,44.9246753586638,3.50523470357348,1.91098226422968,50.5540443494771,1
20.7058374463348,91.4788686741934,3.98384153700117,0.614397604689852,23.0856286629928,2
27.6477076792563,64.4361084756993,3.68862401279554,1.99293115321381,31.3348810815464,1
21.2627527952712,0.523983765146585,3,1.9645458996599,88.8819804269362,1
35.0003719540637,48.4428445514376,3.50238590843029,2.05548622002297,44.0766977835646,1
49.6742088842232,85.93178060976,3.94423069853348,0.857104431384486,27.9160745183249,2
20.4059152431566,83.0399570037339,3.86736260914842,1.49673623544368,19.7370933024802,2
33.2263711501177,64.9154197112478,3.74602722160226,2.06762400840927,29.8222178578307,1
20.1435925431765,67.3698423898632,3.70807839031483,2.02818642497561,28.2622785869345,1
38.3866585798804,57.8499579789201,3.62439804414812,2.0185618151679,36.6776932077255,1
25.5007617838421,27.4119775166852,3.26324877009205,2.04659425378483,62.3193735431155,1
41.3822535137158,56.0529990536059,3.64047017939842,1.92472868786572,40.0584658487974,1
24.7894553591884,67.172978481742,3.73629250408978,1.97879850976755,29.1249419044744,1
44.8572696569108,35.2429630216409,3.34360446588442,1.70736531522663,66.328079626412,1
26.1853449120269,85.5828367253928,3.90870132269447,1.13328630479216,21.9312044677565,2
30.5664882149585,19.5037486008707,3.17203169534596,2.01491482028364,70.1691184038913,1
26.9173541576981,74.7320810331923,3.81424919266078,1.99477686832083,22.2431380386281,1
44.2305347735494,28.9602746186877,3.27694879463046,1.72392433512402,72.0839683826888,1
34.7080986676912,77.3799287244182,3.81789159140878,2.02271793234691,19.6438346292228,1
46.2150051765987,42.7737329336076,3.4924683911511,1.66169882124713,60.178390871623,1
23.9025791809431,80.769840911221,3.86305191922457,1.76446123061798,19.0768949899322,2
34.9687433109511,35.353486266799,3.34749388418355,1.98158545597795,57.2772975792679,1
43.2984090194625,21.3693237629581,3.18845276796428,1.82852170967038,75.3439348068594,1
49.4363050637341,76.7284508421767,3.83978783045463,1.35063922542602,29.9069080200442,3
40.2013319058362,30.8641947630651,3.32061818158578,2.08771373975317,58.2138043613134,1
25.4900353936086,73.3245067726427,3.8139184497839,2.01539302887514,23.2478211836483,1
42.7931886664401,74.4473153077732,3.84566011522916,1.86757058575352,23.9859918522552,1
22.2390564536858,22.1396700908201,3.20635500410742,2.0052072467622,68.1919519587698,1
42.8831739116234,21.4112136820648,3.23469872465617,1.88883751744767,72.9611502249577,1
44.8344569276592,19.8947923427067,3.1552134150309,1.64245377196292,85.195457726385,1
36.7762914833548,14.2518337765845,3.09169409939076,2.05197058274224,73.4295239283446,1
34.7816248942468,37.7082599207334,3.39786022916787,2.06811225535324,52.9363502143473,1
48.0958226803083,2.66278846916215,3,1.44001550684258,117.587353924109,3
20.0029085206302,11.0920369034241,3.07801702829448,1.97304230981717,79.1057768773505,1
20.2870068313553,67.456402376341,3.75333707355375,2.16360294020972,26.4629553288524,1
27.5585426943632,79.9776536897386,3.85565504526032,2.01943662461787,17.4154757530327,1
35.1702938977585,8.05295271283859,3.00699723601175,1.98967182430365,81.1428010843824,1
36.2124995148827,23.1702310485792,3.22363464854518,2.00187331884696,67.3986950569984,1
31.1387727207412,20.7625661803814,3.2024468220717,1.9932881042899,69.8028734057945,1
28.7813412558556,91.7333563081631,3.99531508751339,0.582652346409539,23.519961207374,2
26.0710203942183,71.1314518136487,3.77205144437894,2.00137960937899,25.3309463045522,1
44.0084568318837,55.3884611051414,3.57540223714264,1.70927319736267,45.6442865901239,1
29.4776871374583,30.451798792062,3.31340746473792,1.94218897689566,62.8387987415538,1
34.7740395664136,83.4854047631798,3.93410069639893,1.37980741182082,20.7904023860254,2
44.3387267511201,43.530595762952,3.4535506470374,1.79808815272506,55.0000428696043,1
38.3707682738034,92.3456215118775,4.02852546920845,0.574790103261632,22.0520158797249,2
32.2582548853137,70.6051804335933,3.78261442581161,2.06463433343005,25.0211936801897,1
25.3071266708128,47.8031307965283,3.50272394328827,2.02160224627736,45.3534768728329,1
31.929562695413,12.6210103749359,3.07301970316401,1.95793905175784,78.3301570769407,1
34.5563796119036,97.6043550467748,4.05430361196131,0.389286691259715,9.81627944028925,2
49.7175377769232,15.9833650344093,3.11537495462468,1.34961173958055,108.051353572803,3
28.5258522776176,20.2602125219663,3.20877225087561,2.03871961425627,68.7175131026708,1
24.969190294377,43.1181755160371,3.43717463656321,1.99191767704422,50.1427090926331,1
26.6172654054633,40.4201905775147,3.39544991493761,2.00857308262071,52.0961135001069,1
26.3440203307056,14.6751480764294,3.1289528802032,2.03498194056855,73.6623807017467,1
22.2814307172428,72.9318919361123,3.7828332832126,2.10339518047417,22.6259420271709,1
30.9472309527036,18.8745066877186,3.17406579834407,2.04923763590481,69.5613900325138,1
28.5420207437193,64.3895644311663,3.69467579695924,2.03866573945734,30.6888664916552,1
46.6276637643014,75.4305950576299,3.79746483957583,1.56992080560068,27.3006734300614,1
43.4077882986926,21.0732392083321,3.18184139881872,1.82902165923752,75.6075209280193,1
23.2719487054204,60.095424810764,3.6687518147576,1.96060873521235,35.7246211471565,1
45.5151048610223,74.8928375245836,3.8599277470771,1.6706924875143,26.2643632047437,1
23.2879582072747,63.8218710620333,3.68732678551292,2.11667981685725,30.0554939320923,1
41.6062324032573,59.7127302946649,3.64193244996858,1.84756643925198,38.215834750002,1
37.184728937633,29.5482285655497,3.29818116856587,1.98696805882052,62.2558552319372,1
22.6042515280244,73.1606471241509,3.83322094587329,2.00139088402153,23.5502826656909,1
47.159841082321,94.530843999995,4.05566644651632,0.401763840308296,21.7912101891354,2
46.2369954465613,42.5561390261547,3.44748091074594,1.58494136913547,63.2432157537229,1
45.3155519408578,78.2181816831405,3.86086848185368,1.64072154274598,23.1896690135436,1
31.0870206535195,5.61410396619153,3,1.95886943601193,84.5722523401699,1
26.6885423712636,83.5271602489966,3.91685077503242,1.31170368715573,21.7750101079187,2
49.9133496457639,19.2250016822148,3.17206609561212,1.40850312371321,99.6878200725769,3
44.5201509643851,39.5096868889973,3.39999327856503,1.78529251257065,59.3270897440189,1
21.2638448188432,30.0081045925356,3.31958523448296,1.99108626041449,61.7246875729062,1
31.1983363359448,8.01036438060493,3,1.94857834434993,82.8495638327201,1
44.3656092724695,90.4631002936243,3.99040520863007,0.667227729944013,23.9344057051674,2
35.8515409016864,37.0154177553738,3.39048799455236,2.03450049202554,54.388208817433,1
27.4139247680039,53.0697438476139,3.58336591550121,2.01777104519494,40.8529083868331,1
43.7866379134248,49.4116265896325,3.57943575064237,1.71001821957664,51.7375735806674,1
27.852531318334,13.2161141942938,3.07431303346035,1.97973148171855,76.9614088647868,1
20.0119514016426,20.6454058889433,3.19098282094152,2.05200916028858,67.9532097663611,1
26.939567568672,7.61888090323212,3.00793445274735,2.04482148849952,79.3795630258165,1
49.8011086688744,50.7921699945287,3.55812128285488,1.45919182743568,58.6897519584023,3
39.6860250302632,26.1549551832987,3.27933778476572,2.02182151662635,64.1566272014128,1
26.6200436626152,35.7061608882792,3.36218926439313,2.03017017195762,55.6343475938734,1
40.5841910593623,10.8065328697237,3.06178119712975,1.98241337974517,78.9938909251954,1
40.6081069466546,78.7551839652507,3.85134359225719,1.98769787129934,18.7666039215934,1
39.2222830981057,10.6583876788801,3.0422553617292,2.016225661575,77.8302705114178,1
22.1164555016563,98.5708823713188,4.06036092213254,0.21963164477588,9.54046671251969,0
27.2889235096789,17.7161164438417,3.15558069449134,2.016942838269,71.6570326275317,1
46.1251157848082,57.2405112434649,3.64198083648515,1.61938817629903,46.1049627968471,1
42.0422245790457,4.48453345890881,3,1.81654224546821,92.1103394211347,1
25.0344801795225,78.7116289655834,3.84387264758831,2.00478445177729,18.648704407319,1
28.9576838382964,18.9605947818297,3.15025657153599,1.99169729921509,71.4459138721421,1
36.8816608620694,52.7903978408127,3.53735198432306,2.1099584773513,39.3420914233234,1
44.7933729806849,74.0077543159072,3.81267051282593,1.73470157699717,26.2150506473393,1
26.0154891909352,14.9931484917256,3.12476819491399,1.94763884420161,76.5965946041902,1
23.0499588096047,55.1087174186972,3.57153470563707,1.92407856385075,40.9326711337787,1
31.4560666877195,21.6617208328779,3.15828283288535,1.89958918558255,72.3274952198124,1
47.3706040775828,75.9196049317145,3.84520658203493,1.55358511472291,27.029878691786,1
27.8154055777227,72.2915193556214,3.79242470428383,1.97785020806781,24.595142659676,1
23.2491305813924,17.6549034277083,3.15675761930416,2.01667504087428,71.7196322105006,1
21.6782889582735,86.1966557667073,3.95609743652768,0.968733136545182,24.3891346306716,2
30.5501166761017,1.97750995163443,3,1.9654626882784,87.5434127921134,1
21.1288083580557,86.0236997423115,3.91838977270651,1.09743781428102,21.9247964035443,2
37.4910176369133,55.8903811160938,3.65827372778481,1.97365322913115,39.2346439835051,1
40.1767043096089,40.3220472105849,3.42557649051284,2.01175071429126,52.1015049376974,1
33.8145076995421,75.8746931022337,3.84307567002838,1.98147390590635,21.3763771662157,1
42.2335056117359,71.692900169247,3.79383210700795,1.86373807584178,26.6247405214756,1
35.0307489324225,98.7326174808426,4.08448351342652,0.252902626648458,7.53142539477167,0
41.0705786250849,27.8085048612983,3.26294413551811,1.87267817131444,67.5852533140409,1
26.919227177689,0.379367240934259,3,1.93883098597616,90.162080252539,1
42.338372283844,93.3902608314888,4.05349228593033,0.52778726912619,20.5915414531603,2
35.049116060162,85.7897104537894,3.9415967136282,1.16074850528895,21.1262050470793,2
41.1610648972708,72.8850877519256,3.79985180809967,1.87134025533359,25.4024980276385,1
33.4009337094917,51.6688782921538,3.56923156342623,1.92969929356633,43.9440572398265,1
35.1782182872614,70.6956245248761,3.77432040544624,2.0458843965913,25.1673593930138,1
21.2460554893572,78.0529556876743,3.858041545727,2.05613879435972,18.7569213709849,1
34.6792787181279,37.4875943536859,3.39748509892372,1.97715353995778,55.507551818551,1
24.2686250659197,77.0322525329958,3.82958752786208,2.02972269369181,19.8785855277752,1
24.2748754095364,75.0624319175175,3.84166809416313,1.95324170058318,22.4074920841558,1
33.0005120767864,61.321121154426,3.6378481844713,2.05928111646456,33.0074457020357,1
37.2864436947772,40.1865923967837,3.42129441751734,2.08215314126673,50.4954975334582,1
30.2914608557466,69.7308019264341,3.78721086052931,1.9724128809701,26.9403725841995,1
24.8147477079262,0.311285782519211,3,2.02922798010638,86.3011114261193,1
42.2423125093985,77.4896646724598,3.88118385531934,1.88036317247697,20.9901453608755,1
48.8927471834881,89.6416602456847,3.98437073653596,0.613189974054313,28.1141336377329,2
42.0092685785152,23.9315707437505,3.25775147160394,1.87311052176309,71.1988058469562,1
22.3119269449228,12.076718430923,3.08471388662483,1.94365384388852,79.382841364104,1
45.2272447437571,22.0283987793728,3.17424751798504,1.62042171209435,84.0200299008097,1
22.0254215124011,30.2096731290098,3.31150687314694,2.00465753208305,61.1404024301918,1
33.0893614579775,88.3028508563834,3.98700749977713,0.827736372501561,23.9876905163485,2
47.8658839796384,54.3166430238095,3.57908874145346,1.55046122130718,51.378965927073,1
27.8954031090963,28.6711649606431,3.30720333590014,1.86975557941352,66.8792967436333,1
23.8385951567839,13.8354689792947,3.08764735574916,1.92320820051071,78.6010091571318,1
42.8671631618241,29.0144463104542,3.2815209144951,1.80313623303866,68.950136726681,1
47.8582436419739,61.3871089741253,3.65391536808047,1.51592055318029,44.3848851114558,1
29.7730526211295,32.4138529897447,3.3289904064887,1.96859007051655,60.2673452105747,1
26.9737429353601,45.7360181690998,3.50551920032723,2.02763248933551,47.0127261664356,1
25.4745642923514,44.4117107016614,3.5131113628376,2.0491640259801,47.6660801626933,1
48.8970656799222,82.8135360731512,3.92538953405088,1.17667104992816,25.2191776027807,2
37.2990390395082,42.6348154236231,3.43437301074269,2.0627242512965,48.8740223311742,1
45.8026331573085,34.5698821175502,3.37391363117212,1.65634443415102,69.0213592468552,1
29.250349581556,67.4971604809105,3.70167499269587,2.08443831776954,27.4100734827035,1
21.6930929107532,22.1482055733529,3.2048348047965,2.08813885481873,65.5398173285829,1
33.6141255534591,46.7245823926554,3.49721795491867,1.99371899209097,46.922180624797,1
26.2133028772212,31.4765687324016,3.34327457304575,1.99720010367784,60.2492038077225,1
35.5695099298714,62.6855602162835,3.70268196634985,2.13032875146369,30.8054423286397,1
36.1396290685321,87.7360474694813,3.9583103146327,0.91266683372048,22.9312092010261,2
28.8286465172994,44.7689000145629,3.46217797536839,2.07304816006983,46.8270017814938,1
29.2236164655143,78.4457418791923,3.85283661152123,1.96374742789434,19.2664005823324,1
20.725210166445,45.696570056155,3.48753258572187,1.94113213358885,49.0907520651287,1
32.6120604179114,65.6229331717131,3.70392133012875,1.95742667875607,30.8248968421901,1
29.7106824097629,13.1840975027502,3.11162583377531,1.94991057552854,78.1378059635243,1
38.584703757835,43.2981506967648,3.43145146240878,2.01164143195568,49.5058583727656,1
45.7928920007599,90.9311988654937,3.97496225222577,0.613338921368166,24.6085997915557,2
34.7792132237875,60.5479001030935,3.65440430209016,1.93501535904961,35.7749271262224,1
22.4812489409567,76.6774587237102,3.84892828788585,2.00883120214628,20.3904886683075,1
48.0044137500288,50.4700608095894,3.52760631863632,1.63641288358638,52.8659923144927,1
44.2498090056427,49.8055624828007,3.52630695279531,1.76424468388019,49.8003319694034,1
30.9655646940732,84.289984019285,3.95120135585654,1.34006131303972,20.3430082543984,2
29.9218673307543,6.78069343409538,3,1.98313970679129,82.5298680942307,1
48.138022362339,57.3272271549685,3.62356003167575,1.42830826629893,51.9587104206347,3
31.2468302168335,94.2762575432949,4.01669268321116,0.555257363518712,17.0220753072269,2
39.0740665586951,51.7860048172322,3.56226832883728,1.96205630324993,43.1325858967287,1
49.5603301429572,19.4465809527885,3.15402125159311,1.47919519981793,94.8186041273503,3
21.1021929359146,84.7939392443476,3.9366704678139,1.24156754675317,21.1920076723676,2
29.4389293444633,25.1639142355853,3.22366532866335,2.03108466293633,64.7282432930349,1
26.9370716582442,70.0726036482538,3.77229016453105,1.9666454480691,26.7123373048654,1
47.6709625745379,54.02609403969,3.58647143232847,1.60482273497064,50.0071874647203,1
36.5341019165424,94.883628828022,4.03378318670408,0.492329241265956,16.981323168308,2
21.6114061522975,62.4336702402676,3.69148741113437,2.08119602559109,31.7283782230984,1
42.6574474842019,83.7977962047729,3.90900158116294,1.31453264904969,21.372861141666,2
40.5225146400385,0.79328761945231,3,1.90874858963743,91.1664126931369,1
39.8652231030551,98.9340056166638,4.09261529607399,0.318532015692092,5.20657584226903,0
48.6718632478065,7.77145703323865,3,1.49599639715003,107.381477502926,3
46.2380479614588,32.212951361477,3.35785751652494,1.64853041494044,71.8366221034789,1
42.5975445549723,94.6152395456765,4.07726701323359,0.465161767036306,18.8146121043551,2
26.6799786311492,0.893910237124507,3,2.09153517786577,83.3005048980601,1
24.1404488612966,82.2730005421936,3.8695582829702,1.53069240998293,20.1864694374007,2
26.6266500902422,86.1211638366794,3.94719258190956,1.08610256691027,21.989128289638,2
26.1652958328096,43.9830814208573,3.49624562256745,1.99994710228798,49.1868562510314,1
37.0389363744367,25.5745193805931,3.2656388356144,2.07851402304635,62.9386810067613,1
39.8913146950316,80.2689519633299,3.84420359865289,2.06212000655394,16.815278656421,2
35.8225256120496,47.7862004432221,3.50806203217028,2.04222770199086,44.9209419762338,1
21.6904817520342,13.4338608655696,3.09660006876831,1.95664581707288,77.6514964007302,1
30.8948778485939,92.7848992825011,4.03269617883895,0.550753748937966,21.6181443968635,2
49.0318222732418,89.5969967006648,3.9831014983627,0.609146518665099,28.4085638148039,2
40.8653472621533,49.1545150016935,3.51642287625085,1.93364762636395,46.1381708023983,1
31.0921933862455,85.6702496517792,3.94598580054238,1.12483124062302,21.9551112831482,2
40.14878445807,41.8578025764099,3.45154239568392,1.98741883497891,51.3669322996837,1
27.9532908192039,68.3464900166301,3.76115687910333,1.97746037505953,28.1023090122749,1
22.3243269200889,39.7990639407922,3.41525683342717,2.02027666382686,52.3416443801622,1
35.8420141776682,50.574201745081,3.57178423020472,1.99645515188254,43.4734358957311,1
28.6930737755568,18.9551702833927,3.15139917791445,1.94930953079959,72.9655369729323,1
34.4495568696249,96.4988924110914,4.07642165652584,0.432550385431526,13.0597629808126,2
47.0598378364797,29.4215688244255,3.26803854079806,1.55317022463343,79.2437223221774,1
39.5522110024617,10.3459556116401,3.05577009476573,1.97142951955913,79.8332458973114,1
41.6995740687784,14.4315400229048,3.11664634569806,1.84160458077303,81.4246431438792,1
23.0775957568141,1.4092294192443,3,1.98121262906649,87.3681979453423,1
34.3897425737812,71.5945699462394,3.80992018831022,2.01757987617996,24.7292860052574,1
32.1302567116837,56.4498320240874,3.60035251936729,2.01469035601965,37.9670986150993,1
39.4057172825505,79.4578351184752,3.86395080181185,1.90898896630289,18.8749898150409,1
28.6320540366487,50.7079923284136,3.53327219844742,1.95799702265175,44.1861281704914,1
31.491941366527,79.1821039504154,3.88714025844921,2.01250905857878,18.1682658475563,1
49.4305037585296,69.5764214271839,3.77997144705817,1.49859267710217,35.3627149610084,3
23.444317033558,77.7848476859175,3.88264027683008,1.9888532775317,19.6126296119544,1
25.9972358918413,40.6482868977086,3.4255007859825,1.96228257911785,53.0904976730246,1
27.1713849303731,64.7770633187481,3.68564397709055,1.96682916075381,31.4361212441795,1
40.8996260132069,17.9794297692974,3.16853267770745,1.97403374392465,72.94197878786,1
41.410642739615,32.1819963387904,3.33328540189465,1.92710923849115,61.7428739968551,1
43.5426480972701,17.2604620119793,3.1534118596764,1.76995487236963,81.8323413615883,1
31.4313312448355,40.8637225013262,3.44442016736684,1.97381261679893,52.5964205450886,1
45.5720986297266,24.1418747965599,3.21865975932159,1.69078002054699,78.4387594954628,1
40.9203961876697,40.6921994129358,3.45394914927879,1.97656549479193,52.6773209802806,1
41.3977969273021,97.5222342437312,4.11164904118198,0.197219129542233,18.0405875934528,3
44.6596593294521,32.0319325822031,3.35348331089127,1.72488715709141,68.9297462451208,1
38.8677331502244,98.2490944974895,4.0738037951791,0.421646381649554,6.68218823919775,0
32.666828685449,63.6306125855984,3.73670834232145,2.00695496315273,31.8261209013463,1
20.9239643349402,37.5091018393911,3.38499608422243,1.9359886505451,56.6385999528359,1
37.8636698986701,85.7484499083597,3.97119209996888,1.16931807583281,21.0386368195447,2
36.9129070850548,61.9586739368574,3.65382786193067,2.06884567779438,32.316835355813,1
38.0242406464736,25.2033080130839,3.24621530168017,2.10478037904818,62.4815628012726,1
29.6856040602972,79.2855677976888,3.8811671930738,2.08490392270111,17.4649442383269,1
36.6464593053408,43.2938508734163,3.48428632909241,1.96643766149179,50.6195011019268,1
25.1496891285226,35.7511167330441,3.40574909090702,2.08943009625748,54.0555122987305,1
39.4957827862848,33.0276936525081,3.32731961745672,2.00399758149014,58.6905031008013,1
22.1502042107275,69.7368875613139,3.75850984248599,2.12146017890963,25.0861622601747,1
46.2523140139923,26.8650123906227,3.27694120652377,1.62930163852053,78.3915019655773,1
26.484138504398,80.827801370538,3.87935396621415,1.89037117327332,17.7852351180907,2
28.8153371173476,29.5288794399848,3.30406673688202,1.99114374797164,62.1455579177513,1
46.542107559183,54.4121383585357,3.59525218782894,1.61483604835511,49.2890282113431,1
46.5077627007706,48.7921491805202,3.54760463817502,1.66296564712415,53.8096789213562,1
45.0880164845424,85.535641259537,3.95287963893813,0.960528436049251,25.7645849478743,2
29.8080685071874,88.8386434395386,3.99331533556287,0.837909960348203,22.6266656598287,2
47.070339176137,18.4384442367767,3.08634338505474,1.63160785065232,87.3038267018389,1
43.1540688732466,58.5348458938251,3.63413484747591,1.80718169349349,40.1884627942443,1
39.7424894295726,89.8205046017137,4.01745840200075,0.773367203583959,22.2538517895277,2
46.994092214674,44.611721903443,3.49214525022088,1.63709963788157,59.0948503189715,1
43.4939441678851,92.1868305483815,3.98771597653914,0.596202567352313,21.7636167410112,2
32.7424852754926,27.8990890456971,3.21551488295083,2.02044664993316,62.6829190319563,1
29.7276567238127,60.8831174193796,3.63371894904391,2.02202810420248,33.9813868848162,1
31.8163441331045,68.2453709766815,3.78637582838012,2.04536223197454,27.2784969442304,1
21.8423646217449,22.8205733350484,3.25968785453389,1.91241452137862,70.791856910699,1
30.9029267907859,1.37675125577168,3,1.98333164033564,87.3058994499821,1
30.5913105753482,41.6723962370696,3.4790493215738,2.00696841086398,51.0409815818107,1
45.9687346267228,93.8481891856734,4.00718201963161,0.476974477048879,21.012895212306,2
46.6610014859079,34.3028109830407,3.38602308555788,1.53063560607899,74.8148022072439,1
48.8915626058722,77.97442954826,3.86307926856835,1.48866020093254,25.7665901731283,3
29.845977428439,17.4736312827407,3.13573341109269,2.03557504692428,71.2261416390355,1
40.7996046737289,34.1952836302452,3.360765387974,1.9696108807904,58.6491638523963,1
38.9919880368714,14.4597720838097,3.12973618796403,1.97488949482887,76.0399076800758,1
27.2733123676984,71.6770814146376,3.75020206523244,2.04557855012243,24.3280088215609,1
46.0996287902803,69.9307623696814,3.74425282382667,1.67901665859678,31.3037051814754,1
26.4230574730889,68.8497317948919,3.72872433812792,2.04258101657081,26.7948922049763,1
42.4314200795234,25.33960344863,3.25295493439449,1.83935497394391,71.1294148774689,1
24.3399180654269,69.2360121623409,3.73149678358529,2.06956602375368,26.125715116776,1
23.2045896871883,22.729754091595,3.19459331543696,1.99848510141514,67.8972195302006,1
41.6096663037063,42.464911593134,3.45945360828253,1.90429946642104,52.9924716819459,1
35.7895434813413,37.1922121667687,3.41330239061587,1.91136187140677,57.6405709461095,1
33.2874749400877,35.5307911620122,3.3904677704841,1.98065647003648,57.1463354933164,1
43.3454170326371,5.76548072412564,3,1.77751415582611,92.8157706225249,1
30.7623005839477,63.164662686594,3.66771007865185,2.01325195890503,32.1354873203747,1
45.6004879554172,70.7316602681699,3.77937689574242,1.7507193689428,29.2566473299081,1
48.8651749147049,61.3588694502836,3.65938591035436,1.4700213947773,45.7585894701698,3
49.3737648072347,64.8312756163125,3.72125056708018,1.53225647443806,40.0084973032705,1
28.3288400684077,16.9940714217258,3.12178333921506,1.9837097277322,73.4670584516023,1
32.4502110915438,14.9446798938862,3.10661572089546,1.99401176528266,74.9015141651267,1
41.7502965295207,51.4175043525883,3.56854102782444,1.9888130435533,42.891864186298,1
46.8459780203886,87.5332726354539,3.98816259315339,0.798280655773025,26.4536378419872,2
41.3393333031399,18.3953441547222,3.149407893125,1.88761226024571,75.808965258546,1
42.7439684833715,46.283911870826,3.53949187535206,1.85552729430338,50.741313924795,1
46.5021095590332,42.8932334029903,3.45869211430098,1.6259602818783,61.3333030538259,1
31.0084471445035,49.7289185919516,3.49987078892214,2.12721322025698,41.5613618788363,1
36.2763482494147,16.1510770486012,3.12470552754766,1.93825210780276,75.9099214431667,1
36.0430992674824,34.2440641134811,3.40207229606024,2.06043636930139,56.0835125462298,1
39.4274774061289,26.188040410352,3.21789686325184,2.03086052410841,63.8493189341914,1
46.8555163917238,84.4526943229479,3.90985440088984,1.05351435879684,25.3600236332276,2
38.024824283784,80.0332245776402,3.88837306980715,1.98632045575395,17.6495775302423,2
49.0981561314801,42.6639158268144,3.45547741565391,1.39240717637,71.5504978084359,3
41.9640666429574,60.7015460789039,3.66267023157038,1.84349668248172,37.3579830967862,1
32.4587447466375,14.546561026622,3.13439743327555,1.97415563719622,75.9902980410838,1
37.4341538049227,50.9613294217559,3.53637457922794,2.03003273445529,42.436643221365,1
47.6696234725113,29.6947085786905,3.29237764140175,1.5461492213743,79.2842692047284,1
38.5550115178092,85.9650953569201,3.93687593593942,1.1135075336252,21.7126469983663,2
41.2978581025509,67.159838090639,3.72021566390871,1.90411613059663,30.2501425126672,1
39.8387609628344,63.3474012622421,3.69563951981843,2.0583623630669,31.2919064026523,1
30.0843931669869,12.4751300069179,3.05512804903768,2.03386837619803,75.6020715065432,1
26.1000456536809,47.0587879498886,3.55931550438462,2.07992687227841,44.7405884823939,1
32.2343888780126,98.6572779586882,4.07253226605636,0.247886690127944,8.11348661910089,0
24.523094183952,94.8299174072665,4.07296602720178,0.495767721987495,17.0514823284722,2
44.7900064316305,64.5085640260444,3.7088765284337,1.65527006685383,37.4630306336082,1
41.3138184050244,15.1724871031974,3.1435278264261,1.95068556911787,76.3186007692193,1
32.0316856823155,63.9126848719905,3.64641746772369,1.9482318254274,32.5073229261191,1
25.1414808826496,56.5662112543927,3.61418025328008,2.06158573051752,37.0246959960901,1
46.2739801965815,46.8665837661252,3.50903439666081,1.60412149847594,57.8193012478799,1
39.1719171811408,42.803746946827,3.44505203615656,2.03707328879291,49.3290082569435,1
49.8980845994464,59.926975565803,3.65262156077048,1.41717060497141,49.163637641827,3
23.0329366879324,84.9969888515965,3.88489605856126,1.22150965231248,21.2388635965223,2
27.3454507739679,75.1121040371937,3.83647526370803,2.10434617296922,20.7943427547246,1
22.5096480248919,57.9360540297233,3.68619049536542,2.08099574402906,35.5303866554627,1
42.3422532727908,92.4704181536028,3.9820058317545,0.446204668066744,27.3138247093071,2
24.7872592837113,6.47399834415489,3,1.99083678013318,82.4891067327467,1
46.4497860180505,99.1346508731809,4.11026420543722,0.196626485675624,6.31573865234832,0
34.7443857961669,5.29945426679895,3,1.99053659406496,83.5373317075319,1
35.7850778800554,19.9495546138561,3.18097003984495,1.96772453203472,71.4125240623182,1
21.2756086637301,42.2752661644561,3.44278183213594,2.0024101253983,50.6256130868653,1
38.4216090719488,10.7508876185168,3.05700096687598,2.09626204494692,74.8503206609344,1
26.828443672852,62.3670410997702,3.66560685519065,1.97140778775655,33.5109651950009,1
26.4051226804105,4.79925640488673,3,1.97342734185874,84.6886542087493,1
46.8595570677257,28.4623881006942,3.31762891785068,1.5499147999853,80.4840991657388,1
46.6404004699097,6.10366811196711,3,1.6558660452129,99.0777663186126,1
20.1579555297896,70.3519331105081,3.77849007769932,1.87396899752309,27.7377236690348,1
44.9691187875831,66.8456167589482,3.75122340734993,1.77318319164618,32.7327994835282,1
47.0689652005867,37.8580593250602,3.41904236723047,1.60426947496772,67.6162468736084,1
35.3584297427742,18.8194260029821,3.2073478831235,2.03075308188199,70.2269935183591,1
39.6852145415416,74.7004829029945,3.86507664141714,1.91278442692321,23.2012900397805,1
43.0335705180034,34.0379290765467,3.34316022280775,1.84114852907861,62.7828675731056,1
40.563199242577,79.5301167405643,3.87125376457995,1.92498327021947,18.6562541681124,1
33.7734925892804,48.790093917962,3.52030557225449,2.01457514867091,44.6473605027207,1
37.2035669594813,52.5669444350979,3.55582648642594,1.82551632206289,45.5231975389658,1
37.2217829519132,2.84908494915672,3,2.00261648516429,85.1945058199809,1
45.2639156007276,64.4232019879032,3.68380694324159,1.71824117967208,36.2157816241166,1
27.2132512285743,35.0656502432167,3.40490344718321,1.96678678133999,57.9544801878121,1
42.7167939879711,22.9205027292066,3.18804974551071,1.84049864699892,73.3896822976712,1
44.37011329155,43.3883376211701,3.4423469655662,1.72443082603381,57.4274244940064,1
43.9109708343492,38.2467457270918,3.40023527534889,1.77338378453306,60.9613064644535,1
44.2312345697595,46.978904008636,3.52084087411791,1.65908023921163,55.8417156753733,1
44.8784006715966,97.9483354179806,4.08092189268377,0.258824236159459,11.9582461971282,3
32.5254725390672,36.437807036823,3.42489365906449,2.0023703860505,55.7462474177912,1
38.5366020680163,77.4410133336039,3.86137040299574,1.97799944519947,20.0227747081652,1
42.6573654844058,55.2767596549892,3.63379771374973,1.83106446385557,42.7958925214168,1
43.0929670802505,88.9131089107483,3.97678226368896,0.817098276977495,23.0151581320361,2
48.7581386877661,35.4952851149572,3.37945684501505,1.46865709194293,76.4547094989895,3
49.2522582677602,24.5518680186507,3.25317018344889,1.4228705135111,92.2054154256143,3
36.9420377572712,91.1019239656968,3.98469648449278,0.600175756132702,24.6341650094943,2
33.9721720622572,4.35342637577654,3,1.89395748171219,88.5635792671581,1
45.0657598005926,95.0753428061002,4.02201780468044,0.410177307851466,19.262972766751,2
26.5988277186997,55.6406915670925,3.61427166350233,1.99845184768593,38.9790735229797,1
42.9919426838268,37.6363216687088,3.41779835234765,1.75876473678846,62.0614824654515,1
25.7603479738032,99.5052322339111,4.08580851042883,0.235556215214534,3.11876237150335,0
37.748826978592,5.83626461476316,3,2.08316193798729,79.4570354341454,1
38.204943698767,51.6706359767612,3.58148798963345,2.01518180668403,42.1235820305381,1
33.2553140840653,3.10970754555479,3,2.00858716956969,84.7195246312826,1
45.9365195842399,57.1175739186233,3.62252012591844,1.61118333940309,46.4658927859304,1
36.3044655842531,18.0468508995116,3.16090813173228,2.02003816030879,71.2622941979361,1
34.7818913277373,63.095920033953,3.69435656751913,2.03490761349571,31.8610491462053,1
32.5437690701017,98.0923675750581,4.05849271051276,0.353913977561819,8.50116251391622,0
21.8667555015906,87.4902551212381,3.97078193162502,0.9561425914737,22.3800691597698,2
30.8644837978068,45.1836249420871,3.5177002551318,2.06489338919465,46.6545858095554,1
22.7844607458242,70.8460870051717,3.7640868561567,2.10105596857513,24.3959451345434,1
36.9691549902816,77.7468750003189,3.84423874509389,2.04215470308704,19.1456324622279,1
39.2150489467277,49.4843084182564,3.54507426263334,1.88934112614466,46.8861530451326,1
43.0334678785448,52.8533490177565,3.57815483927052,1.83829236132374,44.9421781850277,1
38.9760576903243,15.0784398372193,3.10296723820488,1.97145006465671,75.6183944217116,1
25.6118226552639,36.9399925611906,3.43410061826173,1.95009916533547,56.7511928193914,1
42.5073185233735,14.2221253072787,3.10710465181757,1.82260339014821,82.4521493762107,1
36.4657820129236,72.6893753344563,3.77815037753073,2.05449108490311,23.3591506994871,1
23.0651107800317,47.7012994402263,3.53633619433292,2.05934689049313,44.6288192008025,1
20.7448108756372,44.8878836706766,3.45886888570187,1.97897369059843,48.8926050901742,1
28.9623857715003,88.5997971165351,3.95679569011499,0.888873520473996,21.8563680226884,2
40.7004508779478,52.7618772311561,3.56970517067118,1.99729486360155,41.5321810725099,1
47.9836505133241,40.909083191686,3.41398497281415,1.47746512135853,69.6340942700973,3
48.9949160204066,26.8892022212646,3.2535840278874,1.40524194970485,90.4313100844947,3
42.9364426800394,7.201203516977,3,1.84596081514866,88.1019440564463,1
28.7974755712068,41.8136133725316,3.49462972756525,2.13974669235993,47.8299596455004,1
38.662073758189,2.57534824065834,3,1.97163420286905,86.7438693498272,1
26.9328838261048,29.1153940552428,3.26910360614142,1.9958047005758,62.3677766820321,1
42.5207111495502,50.3509509848396,3.56402108593655,1.80321028193102,48.2235011852882,1
24.9760108843858,96.5933065019722,4.04951101000863,0.418059353620507,13.1010057784717,2
42.6941115657231,10.9382914193585,3.03316188033217,1.77994310438194,87.6044042359994,1
46.0576699679144,67.3041054216622,3.72654970832657,1.6777737733795,34.0626829436665,1
35.5851906075937,49.99323710992,3.54757622031766,2.05535924431134,42.7538309413731,1
21.9690451477551,77.7098229275783,3.85243256318481,1.99310195265298,19.6379425306016,1
33.4667606223739,14.3606997874209,3.10551038031802,2.04493586723439,73.5825582031505,1
45.1348583413945,8.32026364358756,3,1.66114046254817,96.440665774331,1
25.3925796029016,39.9218605352454,3.41852454758675,2.01686404564722,52.321124490167,1
21.1567718378838,79.69622519799,3.88882304328276,1.95882074641667,18.1931587020943,1
41.9808072343755,19.167573890989,3.18331095392228,1.87481384065221,75.5908773738444,1
36.8912217072019,76.7777192147274,3.83304634366764,2.05050825449349,19.8999957862914,1
21.261818793477,29.0297997061868,3.33282533464613,2.04299710408943,61.035134869162,1
49.546557921749,21.6891487611795,3.20050839074603,1.40101671080655,97.1453541369102,3
37.0799716245118,1.67155890770064,3,1.95460739312785,88.2921985486515,1
37.5547001888796,39.8659059922379,3.41119845777434,1.99460696237328,52.9399396587844,1
43.6971992559933,38.1081491293452,3.39794942376457,1.79805171754382,60.2825832792405,1
47.0790401205893,65.9344936195365,3.72960795954091,1.55231806001446,38.2682521123684,1
21.8225220898908,7.09184004703872,3,1.93727137975277,84.1529192334746,1
30.4553962816645,15.2603987042272,3.10681383485533,2.02434884116438,73.532126952558,1
26.0027558920518,1.65758829009341,3,2.05454472672592,84.1114654537275,1
33.9545459496488,11.3796356447407,3.06598021874894,2.02816455883978,76.7584333785981,1
22.7440382589684,65.178927601009,3.70679514136237,1.99556448118853,30.6408968744736,1
22.0425732271917,40.2656852174919,3.4405063446333,2.04222746991142,51.3910500434576,1
29.0266829939085,32.1026314167316,3.35279785096383,1.98829185673934,59.959648588005,1
47.1303577331555,55.7911994243772,3.65062540220051,1.52610071200447,50.489058491013,1
49.2662593366249,99.346046309985,4.07384730941481,0.181877308096132,5.07646328867584,0
42.9116009535018,83.448651401803,3.92249587378552,1.3064169383162,21.964063287014,2
20.0222273888165,69.9623182399584,3.77641696598646,1.89314119485286,27.8249605902514,1
42.056466627087,91.8258589132058,3.99324565414653,0.563099930488529,23.9984596711757,2
20.6597752995507,3.97287066830848,3,2.04251802454044,82.6032706862854,1
25.0569704676518,7.03334416155252,3.01583029940218,2.03118922596941,80.4059421513,1
20.3154202485359,47.4006289988055,3.49591011291227,2.0580810087983,44.9123479633838,1
24.4738099630179,34.9167412957077,3.37849741809195,2.01546116867954,56.7185030850134,1
40.6251657548307,93.7252062128449,4.03363462197151,0.457342594645537,22.2623310876753,2
41.0605062602407,48.9564961145169,3.52130421969982,1.90351066756734,47.0324060775585,1
31.1323221986557,53.9649110093351,3.57705662479975,2.08147109515078,38.8760421718668,1
41.9357247260109,89.5260365731221,4.0068009809405,0.748619927771929,23.6071421620778,2
45.4191261627392,44.6635045823691,3.48240604137856,1.65520593537995,58.4127052839174,1
23.9107254332465,87.7034389270352,3.96364408887307,0.878386656170323,23.8411547432624,2
22.6222194848523,25.3581749371628,3.2676483505446,1.92935202717362,67.8784184261337,1
31.1576436954171,27.3809704158109,3.27454260684619,2.07835184467797,61.4157163809154,1
32.1165091265352,32.836139008759,3.3418489997917,2.03188490836835,58.0699486788554,1
28.2921265958111,54.7564270480953,3.58423577638698,1.9346501543998,41.0341495869619,1
42.6250455783334,22.0128674026981,3.20076663333436,1.88995873953133,72.3607341819326,1
29.6535860165718,67.1429171081273,3.7189879067422,2.03266616930771,28.3976136343685,1
44.004329357525,14.2793282803,3.06800564706114,1.77202990035772,84.6842354591256,1
47.3392506282094,9.41002744996394,3.01384394156502,1.63974209531189,96.5010879722255,1
35.3944702262365,87.0191746205378,3.9137962369305,1.01043298823042,22.0339106217572,2
32.8826608904196,23.6868703556999,3.22030944523525,1.94108308762857,68.9894029100231,1
22.7478440651464,38.6004011022596,3.42937252165579,2.10939268190612,51.1807226828128,1
28.210319114149,57.1542092725332,3.64398032458675,2.08648106256667,36.0978735832037,1
46.5994344363756,52.580196995147,3.56309483182626,1.66179019516186,49.8633802495081,1
27.3783302382066,7.60238794421069,3,2.02871673868675,80.0088336256399,1
38.6356816061262,87.4125935598028,3.9681125817529,1.0309651329647,20.9602797550129,2
34.850221875284,95.1135618418692,4.06779456384403,0.506167756876859,15.8146325022989,2
22.8311760780264,81.2507304174672,3.8581344756618,1.70987723344316,19.1767269939225,2
46.9810559417863,28.3801834946874,3.2850862453986,1.51018633930317,82.6283799966744,1
22.0331249737434,52.784679611796,3.52997433545145,2.05390202416887,40.3952159950704,1
40.4210697639974,33.9416724017609,3.35600962470603,1.94274442683131,59.6689610949772,1
49.1599441995315,55.4667310787667,3.64120400745706,1.43960930147955,53.8126903333654,3
41.2812137246223,97.4403468913003,4.0316185146042,0.402698184644751,10.1775879646505,2
29.7772616137513,31.1702917718981,3.32100323175587,2.02538976049071,59.696485532091,1
22.20320499104,66.879660592287,3.71019166178405,2.03424746958763,28.603422484029,1
37.3921114114203,32.5967207308986,3.32698952424009,2.01654586832626,58.7095135626712,1
42.0055105475928,77.447726601508,3.84647140392678,1.78810193432602,22.084788312989,1
30.7653810096062,32.5809966613205,3.33147872902471,1.95820933468989,60.4290618081221,1
39.6125441753091,88.9827341447375,4.00203060558339,0.822078021353276,22.7400279033509,2
36.9977422459538,75.1707720919267,3.82867961490844,2.0639504885351,21.1417488143265,1
21.0231925219499,76.2632095445111,3.83543009076125,1.99987379533852,20.8433430960681,1
47.620833591463,46.9479028559926,3.52863902029865,1.55011411819529,59.6793527244903,1
31.4001741035744,21.0764502468705,3.14730836100416,2.00821838212915,69.0220196210058,1
31.3820583199066,4.14750795764989,3,1.99369110743657,84.4229761769832,1
45.3906762739301,32.1828799970245,3.3261486260113,1.68082084981183,70.5277013612513,1
34.5283370599044,3.71126644939944,3,1.98397372860951,85.2123692421375,1
33.5320638278991,69.38554113739,3.74822418919255,1.96001450186789,27.4157355091162,1
39.1957014603304,67.0350031936168,3.75134098951968,2.01191966762317,28.7775489914643,1
26.3531387236651,43.0471782744975,3.46576905063902,2.05771861486537,48.6379341069931,1
35.8490207809176,76.7788977658173,3.83881113257229,1.92793736939977,21.1321069454352,1
40.057055732472,53.6008494739564,3.56822573705073,2.0504167756169,39.7628089417392,1
36.1633009994871,3.98599266354526,3,1.99353418247175,84.5717261242865,1
41.262834125242,13.4793117960679,3.08277767963996,1.9450658414515,78.0612025584941,1
37.9560947588941,19.3416399014918,3.18769411400321,2.027723317176,69.8769884214648,1
45.2421660109927,33.566380116465,3.35970193407932,1.59689880936474,72.6095101352882,1
46.3751228840433,5.23129464374767,3,1.67494396558317,98.892296239654,1
22.9351760909813,60.5116780500366,3.64388923480116,1.92619467439592,35.9675999691992,1
27.7578198356623,51.2061027523919,3.5722335849454,1.93242613825133,44.3038019682122,1
21.6396846625797,61.7461012017156,3.67389329190162,1.99533712813019,33.6653634698647,1
26.8667560330649,43.2355594764344,3.47444897717029,2.04408501225193,48.7926671288957,1
41.6275012133633,84.7700468237438,3.93660338425329,1.22322567013995,21.5310736817362,2
22.3563571847787,45.4059056059151,3.52149385722283,2.03991286927622,47.0207975432896,1
24.6535853915011,1.54035197919209,3,2.0302187537995,85.1965045088409,1
43.1230498227729,87.3068148447099,3.99301374631893,0.789651948805402,27.2109572448778,2
33.3297553211834,65.6201547744099,3.70356453996239,2.05767387993947,29.3611464254799,1
28.7036221307696,82.3003040648471,3.91765887644451,1.63926980594032,18.8598958977668,2
39.319540888189,95.1775693033852,4.00803494979456,0.359165068656739,21.2148492597469,2
46.6081521364513,5.09123835168872,3,1.65495390355442,100.19964211983,1
21.1281632112732,23.5071864091015,3.22144905551879,2.00360483822822,67.0465232164185,1
40.7928303350414,6.33434434563398,3,1.9966525386057,82.3775296478598,1
40.0565217206867,42.1657886032451,3.47219268757485,2.0028046616154,50.7118784659417,1
46.0403629579274,86.3829145501452,3.96503920385642,0.917042750522556,25.3460912627636,2
25.891161200705,8.16239827150681,3.01124845684906,1.99104646897965,80.9916313144637,1
41.3837788860191,47.3111952885878,3.51369019528269,1.86475477479147,49.5310677529818,1
23.1170332476586,12.5543109808724,3.07263378468231,2.05828383657609,74.6589417912794,1
21.6987907038202,77.2885602167118,3.85293471819837,2.05124771126238,19.4553890009278,1
40.4238810277361,84.1422156795843,3.93113370172181,1.34986722722375,20.3905136298943,2
20.6790414240093,4.32909381861586,3,2.01580988147114,83.3608323162131,1
21.3289726640637,48.6440743170395,3.49821860207524,2.01754417774914,44.7103705082451,1
21.1085906832001,23.9411044137756,3.23371346848478,1.99450831253105,66.9628052945982,1
33.9623152620001,95.2473781693259,4.07979891987469,0.428927838864352,17.8622301754238,2
42.7360833273401,94.3892627783796,4.03615212182422,0.432083928719879,20.9493127591587,2
49.7659767106981,61.3934002384701,3.68937747118327,1.42885674630189,46.9902711973481,3
26.7982308966219,97.3487397325196,4.0750595250505,0.323095914166369,12.7909963638375,2
43.7714067581158,34.4861343716251,3.37470363370625,1.84638800813705,62.1839821940873,1
43.8573759253907,89.7850717667682,3.98303882228928,0.694448940586868,24.6986325285418,2
46.167281280265,43.459497340851,3.49552682118763,1.6096028206521,61.3236513700784,1
29.4276797088616,23.5814637147514,3.21441250068757,1.99328426200949,67.3197400239207,1
23.9877516541163,94.0827963201399,4.04848358956976,0.48829168018178,19.786608294134,2
43.9010473995243,68.4218050983227,3.7246508080624,1.66415963528043,33.1595434014056,1
37.0239001300372,6.49115853391293,3,1.97779800162292,83.004280753925,1
32.4396178040261,87.0424856823066,3.95532366612396,0.879435323435589,25.094296702254,2
21.7592503155791,70.1380294633346,3.77670776746662,1.9843188247627,26.4223809521439,1
20.196706261578,60.4926872974282,3.65127941833275,2.08728122400339,33.2727214678028,1
29.4807038991375,73.237489917933,3.79678476418938,2.06666991870314,22.7586350247918,1
28.1437635599864,25.3439042499781,3.22247975214884,2.00235988309562,65.4763199460659,1
34.2717088193111,60.0488955274544,3.6740961556275,1.9730889324054,35.5456386017991,1
47.7083559410659,81.4619181261655,3.9134745947661,1.38709802988928,23.2193953918877,2
32.5005345818199,5.41136603239999,3,2.07344776820145,80.1807059685247,1
28.6365161263824,13.0510671339266,3.07730197442771,1.998833905063,76.3888564964564,1
45.3573959973967,84.2445809956414,3.90022063683274,1.06942752688647,25.3341583324506,2
29.2084960211155,61.8345869327885,3.63286636911282,2.0093646233111,33.3587081876383,1
47.4675206734995,53.1287810481058,3.60408024221957,1.45527276049356,56.0484427325626,3
45.9023552985267,24.8290728997099,3.25452893415613,1.66968538238303,78.6816415180676,1
39.1645756450432,29.5078575249496,3.31332530630373,2.00375370053091,61.782411601883,1
42.4302558072124,87.2686164919462,3.981959108054,0.940476640737635,23.1368306651132,2
24.719683865904,42.1665934849709,3.4519231131647,1.94138438635333,52.2752575747985,1
38.0862281033437,6.44302555796068,3,1.9818245808158,82.8824277379573,1
29.8111185159874,89.6985069507582,3.99386846189453,0.675449616773497,25.5602691901685,2
34.6603416068578,20.3380832824051,3.17617052784364,2.07936601610623,67.3399730281586,1
26.7615637429372,82.6227535492391,3.88322781158445,1.58842412836333,19.0909319936682,2
47.0587303300467,88.1770623082807,3.96136564202195,0.780466084309414,25.6257157843977,2
32.3460133155388,48.6750744818338,3.53086195523717,1.99147205633544,45.2540438386089,1
34.3020215959054,59.8464693104636,3.6391104428732,1.98679803073461,35.4852833469687,1
41.6420825880279,52.7267456485417,3.59643705755435,1.92069014171801,43.1787098495574,1
23.6659043876811,62.4821294185499,3.68921893994229,2.06801831157074,31.8846001838992,1
35.091951456533,85.5041721347351,3.94768259174293,1.21827470567909,20.5732165442073,2
44.3944298985929,28.2139448404861,3.32529537337068,1.70944231715117,73.4408272595974,1
40.3202557976167,88.3755508180601,4.00524510812688,0.857345841126145,23.060676072006,2
29.649521780739,56.7690330119149,3.67476341385698,2.06671948200128,36.7624247049407,1
41.3199618999859,11.5103040966903,3.06004317859192,1.9297013769046,80.4573126453067,1
48.0331879603844,22.7001165214658,3.18317756341158,1.50466955158839,89.497983747867,1
46.8432871505402,59.5982385613014,3.68463703814393,1.6062847625311,43.907407853299,1
42.2670436452538,23.944623690468,3.24997249574496,1.78723730666671,74.5138784523891,1
27.9830350655049,13.1415660537461,3.05872938932228,2.03913260410048,74.8373658983579,1
31.1746222081083,16.1847714123835,3.11160315795887,2.04021682435068,72.177876333273,1
36.7525376337059,84.4872518235739,3.97651485410373,1.2314712627938,21.7897564528219,2
31.4314669056924,60.2183653892711,3.66514057443678,1.97931628104746,35.2862404781728,1
33.6724058618746,96.3567087188342,4.06130737333332,0.363566441102611,15.857003021363,2
43.8057783235308,34.5679213296025,3.3171845462531,1.73551669790362,65.9628340328594,1
23.1182039633035,59.562509813495,3.66086013248346,1.93573039056802,36.6552693565253,1
49.1898973468152,59.898528897342,3.65612491439885,1.49520762170279,46.7138829571914,3
41.1385719863312,61.5704287203949,3.69381956881838,1.90899498041695,35.3105694474859,1
45.9418360512898,5.91772071857224,3,1.63007807970068,100.79775740943,1
43.4504016182862,75.0317184574686,3.8291512042512,1.81830537802651,24.0554393864828,1
32.9655114052664,94.8209498187625,4.03662019052183,0.539661343747943,15.8095666691903,2
48.2753343014964,53.4679057179589,3.58549830910875,1.50311837678801,53.9287738523144,1
27.592586513256,19.2556020955068,3.1621010360117,1.97995398975261,71.5976406173619,1
21.3874526956866,75.2925914979942,3.81759097759516,1.97690928657969,21.9414532253967,1
22.9063469079441,0.73189693278638,3,1.95885882377916,88.9473084946995,1
26.0220986576623,32.8256103650781,3.36652554441832,1.97305788192872,59.7678901938209,1
36.1724160904232,91.7606347644393,3.99736480866238,0.633005391754788,21.7141147098496,2
26.7080765769781,58.8367332893877,3.64180295608363,2.01357134888861,35.9056545919807,1
45.0596245955421,85.5190283904135,3.94896683526212,1.03161486699957,24.0989188411978,2
20.2801606172842,60.4672052349188,3.63923795254754,2.02886624561199,34.2297301364851,1
42.3770278638402,82.2578152523871,3.92067200593458,1.40446656854926,21.9571444516304,2
49.0702346672611,87.9483523429317,3.93237736732644,0.614738252248764,32.6338460429156,2
28.0154963325498,32.0986374524453,3.3242137769879,1.9917713842956,59.8609881231951,1
38.7144651928524,12.2954771552178,3.05873249938386,1.91936623055211,80.1619011596182,1
41.4433890483682,72.1303344186571,3.78940174692233,1.86114271107524,26.2489021650264,1
29.808722537889,44.0347086831238,3.4846805227719,1.89646188974211,51.7541724814988,1
32.9937971573851,12.6735709142009,3.08446652402647,2.03935204896716,75.2326887334002,1
42.0322653834436,58.9823648109889,3.65019773236313,1.86148709539263,38.6252899735399,1
23.9345056156417,3.60683145698599,3,1.96651883818047,86.0431849642344,1
24.3105791899646,20.0182116410987,3.15735257938744,1.92300456086395,72.9685181178603,1
31.2621896824566,78.8301189667969,3.88372834189977,1.93432742668492,19.2033760897144,1
26.8522715543493,1.20967600153579,3,1.96952753258918,88.0515765829913,1
29.2095918134,30.3345671708569,3.30695900164854,1.996194101565,61.2834232082621,1
24.5019705465771,2.13759610880707,3,1.94582100426268,88.2605838038182,1
22.8990817951696,99.7484992728329,4.07437788814756,0.288466310917316,1.33750773503507,0
47.4795209334902,58.2029976343462,3.6229663070266,1.58634303725226,45.9772813801382,1
30.3768022541509,29.3376278486057,3.2783907842187,2.02041553451289,61.4332088183614,1
36.9789877020527,92.8949461893116,3.99859820676609,0.425136950443041,26.9166539190732,2
36.415962952172,50.7119423548205,3.56681558638078,2.08105563086104,41.6312471981208,1
33.5107264445693,45.4692227552407,3.51809226418164,1.9385540313882,49.3601870963722,1
42.4346174102732,58.7871506296186,3.63141572851128,1.78989748820702,40.319164161139,1
29.9472937203942,26.413764421057,3.25922790423555,2.01783463509396,64.0550369909434,1
46.7743237057203,30.5288299347433,3.28813848498338,1.6142290819539,75.1387579230667,1
22.0409966692126,37.1654576724182,3.38523058428211,1.97684215772163,55.8021628663898,1
37.2466877817524,24.4447999371611,3.23416934992521,2.0558073922447,64.5830006172315,1
30.1715773085522,58.454726611663,3.60928100182514,2.09743026977035,34.8237114618879,1
30.9170103466338,69.5846133932326,3.7454534789628,1.99939403958637,26.7140895477723,1
29.1529368274282,7.19472201640011,3,2.01078202972491,81.0612175188558,1
38.107588985316,97.1083319625464,4.05388767333002,0.348249243164485,13.0697108827066,2
27.0322378860155,75.3070655869455,3.81858118345177,1.97804011206369,21.9163722054144,1
28.8291859907126,80.6163162953408,3.86445933604155,1.8559593982087,18.3060723650137,2
28.5648377163486,75.1640404081291,3.79891799793838,2.01094754045653,21.6913465228062,1
20.203863360235,8.00609772712173,3,2.00854998196551,80.4396422442344,1
31.1485552836174,48.1696283021177,3.53108661203772,2.06288536743941,44.1551020674875,1
21.4669205351738,44.5672956401656,3.46525114278633,1.90447970508443,51.0513706477149,1
46.2312863756122,67.247265052493,3.74340479245819,1.61239441299689,35.4638601072001,1
41.6546789421028,44.8737258824322,3.46828540811268,1.90080761012712,50.8647254073179,1
37.8592131358202,70.431339838391,3.756093580687,2.08468891669086,24.9327140243938,1
42.3163500496581,68.1645337602623,3.75525249096545,1.83963716676013,30.3253133667866,1
47.0328225137454,69.7148528752756,3.76556200088503,1.61637065361752,32.7137691162294,1
40.8227169011136,61.8600742561536,3.66428075020456,1.96239871481221,34.1144455289169,1
37.7226895138558,15.0980733279646,3.0812088868107,1.98701135434225,75.0233756350416,1
23.7277773087635,76.0802456305756,3.85642428246991,2.01761542243637,20.8237747686315,1
32.1374795456656,78.1045822193957,3.85486239684621,1.99475952709139,19.2745168724803,1
37.3685374478272,90.4102985913805,4.02283837070603,0.760708372264897,21.2918271551721,2
38.085330974574,23.3768692604106,3.27498125666205,2.05259747798179,65.5958340935742,1
48.8233351035157,17.6678893072341,3.1170808606447,1.40641578702126,101.755144765411,3
26.1650096322658,39.1099123106762,3.41934207644974,1.94180370650917,55.026585944491,1
39.89453982689,32.056465399516,3.32980388885118,2.02635522561938,58.9005006329729,1
27.6928742198435,81.5476929005626,3.88062916564547,1.66581030345467,19.3577068001706,2
32.5328372753134,61.3525899668432,3.6876407645471,2.06636844912308,32.8701451245443,1
49.158513863286,76.0001752349749,3.81988975093653,1.51323994506014,27.6347113017147,1
29.9323229177316,42.7665099696964,3.47573855336117,2.01144229242254,49.9748561641667,1
30.8606949612662,9.94405629155892,3.03899708218723,2.04320658738404,77.4413283677734,1
33.1870534539483,11.5035012050246,3.03195650599554,2.02342363581442,76.8264116794378,1
21.2200336966747,37.3407131737195,3.39412905729552,2.00195293852006,54.9655472940088,1
31.9571071551328,19.3847767509507,3.13481777749741,2.02059066761311,70.0801969785569,1
38.5695529871231,82.0746498622938,3.90532450806105,1.58792813477565,19.6990512360242,2
37.342399605507,59.9636008423717,3.63391153128037,2.02358557687445,34.7540604484511,1
46.2023818336633,68.8845259018665,3.75670740325878,1.58727431196793,34.2079839445605,1
39.2355967344553,49.1109961304296,3.564041592039,1.95571208578702,45.6696689491622,1
36.7086783403799,8.81736812421811,3.01644381818772,1.93319284720322,82.7598473884516,1
39.2194147121631,23.507763668617,3.23038109179699,1.91736801259587,69.9848856517789,1
21.4285035023192,46.1602080891622,3.52973526877551,2.03099419837857,46.5698681500494,1
49.8836404567552,19.8591503053926,3.1608056703056,1.42949319719856,97.5019890077491,3
24.551162528584,2.54762357788203,3,1.91263054350157,89.3771260926432,1
32.5534066020628,72.9397698256153,3.8052290232365,1.97140694432946,24.0962931539003,1
28.8575441043107,72.4916747219119,3.7825545266133,2.01507472922034,23.977333507564,1
37.316506822869,33.0391746361703,3.34220881776158,2.07205237846577,56.798544125492,1
36.7868307034284,84.3494126063655,3.92261897836783,1.3150721696307,20.6370461102898,2
30.5634297277932,42.8442475951073,3.49253698758681,2.01656451928368,49.7832772065919,1
49.2088839194318,86.4686144763534,3.94524380313807,0.705916387174496,32.221148206093,2
42.538149172384,65.706542462289,3.71916281984089,1.95797932471158,30.7414637233609,1
46.6952408880268,58.103565741809,3.68064102289129,1.61711558596266,45.2359646204118,1
33.6623058608389,20.0727488035091,3.19671173469989,1.93826584726125,72.3590622209084,1
37.9821826590337,52.9546610478395,3.58997119061866,2.08561782945063,39.6520430510137,1
32.4035982726733,89.4432418427572,3.96843336780852,0.720518389332692,24.6615329966282,2
29.1276549632,30.4993975835216,3.29402812067352,2.0300772669533,60.1425179425652,1
35.7641171225328,87.0945609161053,3.95045888994638,0.911218761607719,24.1670172065271,2
25.7290192678398,90.8745272858388,3.96580611457171,0.627553567440078,24.2428815592397,2
26.4230517180635,32.9844562681882,3.39880838194097,1.949410515117,60.3317716923193,1
35.3236225493872,68.3074366336564,3.72952119221217,2.01752979861323,27.5916768395221,1
20.4155622348956,89.9220949565969,3.96946322349389,0.759094399654902,22.4204111236746,2
33.3646132602494,7.56968817583034,3.00319852159106,2.02325016527232,80.2481842617638,1
49.9010201406074,87.8587863204771,3.96379252119381,0.665126603612073,30.559882002371,2
44.6804894344972,19.0839363268481,3.17644870002876,1.76810515283092,80.1102809619607,1
22.5038163946067,84.9768910017931,3.94833751117432,1.19600419296271,21.7026526471582,2
39.676709510485,66.7118788699204,3.74013045940247,2.07458477684479,28.2025074674254,1
26.7617879009233,34.4339195450054,3.36350500621419,1.92685047259462,59.7004914914431,1
23.5386755678732,15.1375569992799,3.13598696888588,2.00189064230739,74.4447068726445,1
30.4603178837784,63.5370961488453,3.722826564697,2.00618605477314,31.9198872007328,1
40.3150045379747,84.7788043714742,3.96565504684628,1.27529207887929,20.6732935086394,2
36.5229368156862,82.1849374764011,3.94373572645021,1.54271719598177,20.1335884508434,2
21.3188799059473,62.8239597130658,3.71239157603139,2.05940467830976,31.7231080430244,1
45.7026280804124,95.6301509755232,4.05137788031228,0.450234977352282,15.7240668889071,2
34.3278507083002,58.992312707577,3.6579899875983,2.04467929323776,35.2387295585793,1
45.703286746052,19.7832784647919,3.18375646066598,1.68562862207821,83.1918170319665,1
25.6296203466493,42.9330722616492,3.47528886567653,2.00436016762867,50.0011982064473,1
22.5119979845123,33.6745998701167,3.34543529567088,2.06592822099124,56.4223866619926,1
35.479089861245,99.1945011907281,4.12250380229612,0.301947827168074,4.1196386076764,0
33.6363398898987,38.0236496117265,3.43271336676238,1.99798933564079,54.4716853537654,1
20.4168319696954,99.2700873664818,4.10224941802646,0.277371199412988,4.01331193058109,0
21.180637690723,51.8804250733414,3.53106378306089,1.94043147553873,43.5158084729053,1
22.8089850719407,17.2279701477125,3.14206173373049,2.10297414002933,69.2017850860427,1
21.2203243976681,7.45740712514799,3,1.92583048614216,84.3071651860058,1
25.2721720203249,37.0305693773888,3.37139893707586,2.02517932963025,54.6193639760742,1
37.26608453333,12.341885981473,3.0738079513997,1.98487799460424,77.5400813472535,1
34.3025785989953,63.4518716291842,3.69420747620963,1.9394635469858,33.0675227335231,1
49.3930919858483,41.3919845729409,3.43254232436639,1.48568234381882,68.6954748117834,3
22.1221140204902,99.091563252545,4.08667324362959,0.254110563280086,5.3769462256823,0
46.0224689630228,92.9955623653318,3.99727670281535,0.470819330115584,24.2079873256715,2
37.3555934642041,14.923603230975,3.11020979604976,2.06171670205379,72.5180200712095,1
46.2942663713771,39.48822625368,3.45171133728889,1.65218093628643,63.989197870471,1
21.671408310594,46.1579710962386,3.53335218540445,1.97729085110778,47.8054996271564,1
22.9746056426481,56.0948755121945,3.58557373269021,2.03589365003046,37.8874656801874,1
45.8928415324086,78.0363523289269,3.83567179869589,1.66820494422983,23.0092259603249,1
37.1115207934214,48.7193909073424,3.48341695842584,2.00021328517334,45.0221920979209,1
36.7548140326957,41.9993552010241,3.43741923693597,1.9264939403565,52.8213917110851,1
20.3903800382488,26.1999704719336,3.28846924518462,1.98800643102547,65.1813709359484,1
39.2675841234932,91.0806139086758,3.99781562112689,0.625180552584967,23.7786691321549,2
45.4299344431275,2.22715115328042,3,1.70356060453139,100.362158838032,1
49.883785732971,82.1121898218965,3.89439863812484,1.13702097492758,27.1250963552272,2
32.9886437215209,18.8468399666418,3.1757141936009,2.02675181829409,70.3385386608382,1
29.342271381751,68.5756899172547,3.75618977783031,1.95799444243057,28.1692802299164,1
32.1431097494673,35.5209389339644,3.35999178714658,2.0022744465072,56.5530161506383,1
26.8407528893302,97.4212627895091,4.06871433308204,0.419288568084836,9.89098668613733,2
26.7829575420064,12.277212944942,3.06015887704427,2.07626761166638,74.2620617615274,1
33.009308259956,18.756989261724,3.17776434253337,2.05966456620175,69.317853497527,1
40.5361852465058,88.9442475464479,3.96247198038,0.74242091479938,25.1133634218022,2
39.822118657775,58.3406314608228,3.60905803166102,1.98222064906229,36.8989771878953,1
43.174705047861,30.924638465878,3.33291650471117,1.79870669510945,67.2554770804562,1
26.5044406421157,0.0764385478188023,3,2.02411714739682,86.7175756391909,1
41.8611913619847,22.7597738322253,3.26090016249475,1.96617534311334,68.9584899333723,1
43.8576148225727,14.5403634171236,3.10451744069914,1.79060085775174,83.5745268732923,1
36.8543859225171,20.3433824370091,3.21663745713384,1.94370788873821,71.9172113544316,1
33.9701206985607,89.6322556804005,4.00702182829874,0.736883213621674,23.716276382853,2
24.7459961553895,87.3094378269641,3.97349710281459,0.959653259727924,22.6246106684391,2
21.3935855313121,70.028943763345,3.74797840879043,1.95978911095508,26.8425681739027,1
33.9149644331873,47.0497676152209,3.51883316418379,1.9309241289692,48.1141185059917,1
39.6290624067566,82.7136002332288,3.88844090601131,1.5720327153131,19.1830406911256,2
26.3763894964446,49.5826397085212,3.55727040791626,2.04070741258278,43.4069578452162,1
31.998488146271,36.3488683284905,3.42884001574766,1.94315937361755,57.4826270920678,1
34.9291365352944,27.5603102760859,3.28328150685666,1.9282623866082,65.9121066981444,1
48.6471186995659,92.4740813538372,4.00171169697501,0.388548290503788,30.889764836459,2
46.323353857431,38.6989234256292,3.42228446053109,1.60068191184173,66.8462754951706,1
46.2214894438554,49.288087343132,3.5308153449089,1.62440481637394,54.5157550251436,1
49.8980161651973,25.4438102314422,3.25091955008883,1.38791543890493,93.3303433236706,3
43.2035984942137,88.4966518838063,3.95746419805342,0.78912448650464,24.6757506688897,2
26.0917963417963,38.3263456805287,3.42590141525212,2.0348889543995,53.2462784364566,1
45.196620219954,29.7574715313875,3.30506090973474,1.6353620163252,75.0204110563663,1
24.9874474560807,71.7594962194754,3.79458947619999,2.00168048208116,24.7762296560822,1
46.6726123906943,19.0869943172307,3.18111058443551,1.61464212771356,87.4923251095599,1
30.1573938780391,11.8192629347038,3.06339378072665,1.9911558617943,77.7624725717928,1
28.6383399172027,83.6997782213512,3.90960580663991,1.48238947402348,19.1468289876274,2
38.186689997356,74.4135921369535,3.83362976902214,2.0113206943327,22.3427311820555,1
21.8183463942206,59.0520547647117,3.67160547325149,2.00266344076551,35.907640755774,1
47.2126452381039,24.2891574964871,3.22460850753414,1.61202388952741,81.9961237410816,1
31.432120950961,62.3247145187584,3.70634698631775,1.99159173476557,33.2169810013567,1
43.6994951270632,63.8355320741173,3.694593853154,1.79550091195935,35.2728312648065,1
41.3164230545888,32.7569444112325,3.33970611902171,1.8944108096455,62.2489339492247,1
41.1244439002196,6.74893430675423,3,2.03664412520564,80.4410853869492,1
35.9787850067093,88.0538597564327,3.97113630904458,0.917992433534366,22.2140707855624,2
34.0002653133545,45.9956731074258,3.47828440657804,1.97156169978263,48.085491734972,1
39.3619379640527,76.387271806643,3.84720041565054,2.02016348832302,20.5311855743688,1
40.7473162143845,25.388862094274,3.26780306350169,1.96097669419196,66.7834931246035,1
27.0745458583485,59.1387182267517,3.65377125050788,1.9206600759344,37.3226758333613,1
42.6142462488529,42.8795160348798,3.49072016817192,1.94404178368576,51.5620444759041,1
48.0985150455726,38.210064254914,3.44714371693753,1.51420990511549,71.1041938664512,1
44.4529294291567,12.6713383846923,3.08752645655056,1.73280583487797,88.1708977120964,1
41.9182900650539,24.4266663208976,3.20472970137214,1.89716588806395,69.8615364290506,1
44.651328164968,7.93415829583189,3,1.74432894428765,92.3568198546188,1
20.2086475261839,30.2858304717579,3.31337978827812,2.01762751327544,60.6905762015362,1
25.2447213981429,74.1704800231555,3.82200089798668,1.98557203684951,22.8403294585822,1
30.2593760454911,61.5015724971049,3.68674438757666,1.97144993796932,34.2809229175493,1
42.0055440171608,67.2411098933926,3.74646671941899,1.90361046081414,30.1830909358052,1
49.3511986755692,0.838307952503159,3,1.4817600271393,116.526768242439,3
41.9863354003079,67.837697225132,3.74894661120096,1.88904010127984,29.8560844391776,1
34.3697879848454,50.3180690542887,3.59550318887091,1.99718084501315,43.6832319529181,1
47.6315543577467,23.0908450484179,3.21464911102813,1.51599809446191,88.401435099074,1
31.3309742019337,17.4896508981922,3.1436097175116,1.8922606458857,76.466888570214,1
39.250718974669,18.498296555083,3.14025924329297,1.97427260406709,72.4719911271341,1
20.0451341055629,84.4260005075098,3.9461270738726,1.32865191443373,20.3337759103585,2
25.3807863331381,98.2589789305085,4.0978300499321,0.26999905518791,9.79327243089634,0
28.8451630667866,91.3739624841632,4.00656808060054,0.649944149299299,22.1830092358797,2
31.6096939527358,34.7369420372813,3.3622344821787,1.92661079529483,59.4317832385265,1
33.7946152091952,78.0224579691364,3.82964292479504,1.93078927964034,19.9716224548315,1
43.9015627686235,54.6454590701431,3.60298248382586,1.76666428763384,44.9385030737155,1
28.3953675191931,81.6442397555938,3.88059762318055,1.7164583071222,18.7043013167734,2
22.4798475546323,48.3726951188906,3.50104915062863,1.92212626751505,47.1212976150311,1
35.6411037288607,58.9951298299404,3.66126156711466,1.98562301792108,36.2585634257005,1
49.434559644383,78.7263447524261,3.88192265036264,1.3921213450442,26.5529524108523,3
32.0227541446616,10.0234643103132,3.02576127241548,2.0768473990119,76.1492170602741,1
27.7157324552555,53.7007116840541,3.55904160863257,1.96541262862631,41.3506980084301,1
43.290244963532,36.5983346669654,3.39034372088066,1.87354190517458,59.3296134035119,1
38.4675061031826,60.4306843668872,3.65741424487784,2.00351904939646,34.6842500246278,1
20.226450086794,95.8802515637,4.05232618803756,0.40380031768524,16.3409916131513,2
49.5861531491936,39.2822944996962,3.44848663054442,1.37372646224213,76.7646544466345,3
34.6675559726335,39.2972997941616,3.39712398041686,2.07508136775587,51.4167890361275,1
29.1206561260434,79.0636993589599,3.87381468280472,1.94797775947206,18.8617420665533,1
39.9523115294508,64.5078399085426,3.72002453830237,2.0558016298612,30.3380371914872,1
28.5668234364359,39.3884007855376,3.44834452457508,2.03172324082201,52.4089256662915,1
33.9063179385858,68.8955048230251,3.75525193902719,1.99910074872667,27.32324965151,1
39.5546321397878,40.4001609054379,3.43648747474247,1.96935990405932,53.1256019070983,1
23.6564608152823,13.6113154248122,3.09723722384686,2.00530505471198,75.6576897813005,1
34.0166937929331,45.0643268672134,3.46427008659386,1.99671752422085,48.3135608450215,1
42.056172302976,33.4419392697273,3.39557572446589,1.9188563345049,60.849797527059,1
48.8155412111759,21.7968930061168,3.19316108098937,1.43654717478341,94.6929871966553,3
20.641684760479,92.577480163644,4.03022319592284,0.621384419332085,19.8999787911854,2
44.9743763153362,68.9639399079558,3.72083097659345,1.82018419680286,29.8713400857425,1
48.1743805981001,59.8820890623422,3.63740855783229,1.49461488995295,46.750966961081,3
49.5745346108815,74.6657472123005,3.81972157659804,1.47839176367954,29.836365323034,3
48.1349490505671,54.1971061771441,3.57071875120167,1.52447912337946,52.363481774328,1
23.8775422423247,70.0533072619503,3.76942188436988,2.01290309724684,26.1301885679604,1
46.5806058183322,93.0559819249845,4.00091090386836,0.410539713342017,27.1404010835986,2
24.5858638818749,86.2616694505222,3.94561281220015,1.08727495659562,21.7440776706146,2
30.8154907097962,16.7441857506521,3.1312816000797,1.9443934260675,75.1408742578528,1
30.8348581544434,26.3139023923874,3.26817533750606,2.05567217245416,62.989375757916,1
28.3935617681181,7.16102794418045,3,2.09432656178278,77.9312967897674,1
30.6441273156239,97.8672805158347,4.10585080282657,0.300581739177018,10.9500713885134,2
36.2900469448643,23.6384098660376,3.23214073042457,1.99685308834361,67.1522851463477,1
22.3555104997323,66.0598355928599,3.73570943967399,1.96084824822729,30.3813557222479,1
31.1860901333358,8.9630698927462,3.0345043054833,2.06035837260603,77.6486478885112,1
37.4965664300042,21.0770942087019,3.19034436795239,1.94077875830777,71.3596273978196,1
24.0274822993918,50.2824383518405,3.54914088289257,1.94233753443528,44.9178964005479,1
27.2896383587589,10.4953668329928,3.0626567922446,1.89924073822057,82.6518431210741,1
29.3833724767296,38.8873402694724,3.39425549930782,2.11210010448682,50.8777495022874,1
22.2360155355051,53.7987720139681,3.6153115535369,2.00123672708332,40.5424733658639,1
44.2307238590599,33.92041848851,3.31609030997222,1.73618729216474,66.5905794103656,1
27.9019241847836,55.5900211126576,3.59789072977056,1.99104136277043,39.1652827107393,1
32.3180302758659,53.6768321942464,3.59557958369035,1.98572124870102,40.9592924883806,1
32.1623859781808,39.0610498736906,3.39284977603494,1.9817964187573,53.9867622635373,1
29.1420690886446,69.6270083101103,3.7744938992721,2.05376317957245,25.9874236666279,1
23.8321414093823,67.8482453997924,3.77781163592618,1.97911339772278,28.5214016847571,1
46.8067812221555,68.730314937439,3.73542588495085,1.56395657183148,34.8741930823692,1
40.4418454362905,56.1491258799374,3.60498374916014,1.93824057134441,39.6992067025072,1
28.0067438577622,35.8079914012936,3.33863739615131,1.98051066855923,56.9047074052845,1
22.7729278062011,61.3112335367012,3.64680186740536,1.92061115010052,35.3391787265516,1
23.7048504825659,93.57362666082,4.02082444249365,0.569753452982533,18.6646350332639,2
28.2930920409614,59.6888524945973,3.68135297861638,1.98471395409004,35.6610644773285,1
21.4713043659653,97.9590174359425,4.07787870117449,0.322203414291957,9.87032486602009,2
24.3544059187106,44.1006620408871,3.47095226792857,1.97142618314499,49.7761477343969,1
34.2508864271103,73.9611962507547,3.7988560399334,1.95948708455949,23.3242836486885,1
48.0793820754481,3.76038786496001,3,1.5216613333182,110.221774991012,1
33.0220695704393,76.4726639000486,3.85342651359775,1.98651407866024,20.7949483009578,1
41.2742136345542,51.8281580326812,3.55467036219112,1.84491785988023,45.7588781957305,1
37.1091522235891,0.531653296110324,3,1.967430217064,88.7480630321708,1
49.2873255676347,27.7200104782598,3.28603327036312,1.47375595408595,85.3837392991042,3
25.3463362137261,53.4832232519812,3.57465054857639,2.01572034474093,40.5331720528389,1
42.1731524998533,76.7962878281312,3.84307096243562,1.88965553878703,21.5330408282095,1
30.5122008457167,5.30925954525251,3,1.9634292717149,84.6532506569618,1
49.7363631074171,54.905344385052,3.58438641073523,1.42945275679484,54.8651382979999,3
30.584352053198,80.0994555798356,3.88920205410922,1.93269102633835,18.0668492873801,2
49.3634954757672,64.9583054878479,3.72597772114253,1.4745823434616,41.3720192893355,3
45.8111434097043,93.1447014992911,4.01412557417706,0.480888804272871,23.2431673110471,2
37.9320997993134,7.47314450147611,3,1.97026739962737,82.4387602987913,1
20.8234387010475,27.6806462600587,3.31730334166549,1.99596451964046,63.625168218836,1
25.5659614834732,91.9237504256172,3.9992507354171,0.659502516002609,20.4893554370926,2
21.6953532646323,76.5005148298143,3.85465703875226,1.99197694009641,20.7147654196022,1
43.7738528475221,59.9740344472099,3.68567900581616,1.87091002410507,37.5065656854947,1
22.2185325187814,83.296814383707,3.93139911874698,1.50304698096587,19.3591916264045,2
43.5937830701057,89.6043491575002,3.95719180842126,0.670618858557792,25.9668079655162,2
20.8385554711938,97.2720352852825,4.0652438763998,0.384033953130002,11.3132542997639,2
27.6561875916925,99.8520507089806,4.10918658893525,0.36919558143985,0.635285140459318,0
28.9275015992161,13.9649333684103,3.10449791552063,2.03165795861328,74.3941238261953,1
36.9381947110506,7.05420447436992,3.00614093564598,1.93251215731224,84.3891076930151,1
36.8618373195974,7.34666543601233,3,2.07645366856165,78.4291727964083,1
46.6220289380719,1.47437908999469,3,1.68009025260981,102.506859032635,1
39.1213232012999,97.1820072977926,4.06359635800553,0.396666211763789,11.35610155947,2
24.8438609108546,9.47669164572291,3.03745153918292,1.9456717148163,81.6476747292564,1
20.8098437877316,84.173682618585,3.92432533392773,1.33922325119488,20.5059707012857,2
42.8594749386297,68.51729969077,3.8094860541764,1.78582119321324,30.8683987123095,1
36.067063934505,48.7557167482918,3.56097270898223,2.00266213520469,44.9366256000415,1
37.3588744865021,34.6694881358578,3.36648133177543,1.97369518075019,58.1090089426725,1
32.4231514359908,35.3647787067005,3.37448466955771,2.08706891178472,54.4406395537232,1
37.6944526429341,25.3838882347187,3.23350622692444,2.00852446729381,65.2452780190037,1
32.1689413417003,91.1017973698627,3.98335799959223,0.619225997583686,23.9332673746649,2
33.3707721642557,72.5642545494869,3.78937295737487,2.0984287907422,22.9862595510383,1
37.7821890802637,2.59257927842699,3,1.9297513401443,88.5633229504732,1
34.7703353160598,46.1521253247115,3.48386849886529,2.05673544107883,46.0077580343382,1
21.7731017286462,28.1301272536811,3.25495847742237,1.95499502883688,64.5217414920079,1
49.3036912374669,2.89661861778985,3,1.42475715837646,118.518554390607,3
45.6541292003614,88.4681894309294,3.94530795649215,0.770137456087147,25.3094879038439,2
31.3725688348439,77.1005357954682,3.8444730737233,1.96537234919351,20.4523176993332,1
36.3957452815846,32.9735079244261,3.35428996496052,2.06982694519218,56.9139315875123,1
47.9862297991879,79.6558587536711,3.86180331561035,1.4976997313629,23.660567680751,3
31.9389602510232,32.4638322202997,3.377260372803,1.95002892275552,60.7816720150105,1
48.3431809810299,30.7882443817647,3.30377473271959,1.53231823458547,78.733315075182,1
20.9145882855679,92.8109078500726,3.99281958882955,0.590418085086364,20.2061218619774,2
42.373985667055,97.691616194585,4.08591110673726,0.339721310056534,10.6616978402957,2
43.9101983318991,52.3555304716893,3.54855929367267,1.69635099769412,49.1081376333833,1
25.815053378862,95.1935167567925,4.04303371434735,0.396196098793055,19.3898374754418,2
24.8860032587738,88.7996493926465,3.98130305877423,0.787994165789275,24.0581998255893,2
37.7323485695412,51.8032561594409,3.60536825741755,1.95935427302023,43.1751334634522,1
34.3907513557351,37.2748802097486,3.42014906867403,2.05026314230561,53.7576522428082,1
37.5962780727194,71.0354578319609,3.77835119855991,2.07016306328066,24.5906443732666,1
23.9681329064369,45.5643424642054,3.5042840374206,2.02604704628869,47.1974774076508,1
28.3321120931006,60.5212895123213,3.67782902368564,1.97173918694905,35.1487864194089,1
22.0901708218887,99.0406196889947,4.0754054448175,0.187605481043115,7.26786500138119,0
23.2399016797783,77.3916249956469,3.86603302839975,1.94385606226872,20.4102371168813,1
41.491330326833,33.4276404993826,3.36454119872447,1.95565617337352,59.7461562415039,1
20.7920586657305,8.8998220822378,3.020523236714,2.05879335274746,77.7602604059467,1
36.1895096629849,18.4905590278408,3.15329971648086,1.91852975133014,74.5312554462281,1
28.9598896891011,52.6851875891834,3.56274964627676,1.95273562253877,42.5251647701299,1
46.054919005002,41.7102418106858,3.44315367566437,1.61377277986639,63.0624361754441,1
36.3511663245744,80.065965812924,3.85534373870113,2.02920531426358,17.257199801572,2
49.9264320363469,93.3202338186682,4.01485762703111,0.342041073554221,30.6691822297909,2
36.832276718578,17.7864747951349,3.18768063239266,1.92983127586618,74.7459377840234,1
36.8629343888055,86.0066770876216,3.94408313032104,1.14147607100761,21.1401486401486,2
30.0532009404649,95.7394926326669,4.03393453470022,0.477686319009083,14.5330909385726,2
27.5697480200738,95.9470606849782,4.08214017291638,0.400701632426853,16.1865195112716,2
32.82109032702,3.78625877204305,3,2.02413295351999,83.4974122157465,1
26.8152606348822,5.75835056081737,3,1.95710299891968,84.517321274411,1
22.1262802276321,0.579739291768899,3,1.99582346221098,87.4740526640613,1
32.7515369985223,31.2681156155476,3.30811846824731,1.99351192685896,60.5415560662657,1
23.1925127945458,5.56984127121046,3,1.96664740577879,84.2855747736331,1
41.6936244380264,29.3862485470544,3.2894423339086,1.965347927099,63.068391768097,1
28.9518208580249,35.6016486031187,3.38424479012549,2.06390828172832,54.8354124520546,1
34.7108497609855,95.3677018473922,4.01497651561396,0.432108748104048,17.2951366418569,2
25.8674984674962,47.6950922486778,3.51680318315381,1.9950043604225,46.038451445125,1
40.4247952672902,27.823844242133,3.27767035752195,1.97620157035566,64.1185370028888,1
44.9247844041594,50.3005195050955,3.5412529597288,1.74544913294044,49.8254521665671,1
26.6122035789601,64.3357924649136,3.71860685827375,2.00630511983908,31.2188949703045,1
20.2342600728152,11.1245672567435,3.03730750249663,1.99693013960791,78.1540003942219,1
27.5271292537635,75.8061658133109,3.82363435352131,1.93435091373505,21.9461695180064,1
38.8290890671274,85.1945771287295,3.92369323162085,1.17634207543044,21.7310990972342,2
29.3245048171233,84.4249859569428,3.94757091332652,1.35576780706245,19.9428562360423,2
45.0861841492977,89.0506832412089,3.99873318337246,0.732583938686349,25.1842252205012,2
45.582175978636,38.1842396755761,3.44837234204761,1.70337696121211,63.4594676703423,1
31.1522168838969,44.3805198366519,3.50285901001226,1.9193305173927,50.8371060164011,1
30.960034760598,10.1581475946166,3.03442144749679,1.99771190843313,78.9736747946306,1
20.4968771517286,22.5806922431235,3.19658579230481,2.00304636923859,67.877061156714,1
36.4903624512422,97.1320469273211,4.08144520239537,0.322123672228985,13.8725803169152,2
24.6281178226594,28.4623968968735,3.30003356150513,2.03620399559499,61.7234392501981,1
23.3803861440053,90.7396142240997,4.01314731275145,0.729018625276248,21.3970421961472,2
21.6001438776454,89.0552286378311,3.97041227019943,0.820121728773413,22.641186629916,2
25.3785142224605,92.2504497260393,4.00931649997666,0.654312651120432,19.8053953325112,2
24.6779243289528,15.6149564440795,3.14178075501486,2.01159951153007,73.6772964638149,1
21.0647113770878,87.9722143501381,3.95587469460747,0.963479298622739,21.3620684696496,2
49.4729736355761,63.1994950463137,3.69153097488686,1.39143486421273,45.9548402506653,3
39.7491350449631,21.0628178418802,3.2022827682461,2.03673399045258,68.0905800809806,1
31.6098221474739,34.5115914780081,3.37289001515056,1.98688320747018,57.8723094712887,1
21.8745643509981,15.9918788589283,3.10042179122099,2.07474718814822,71.1682871719515,1
21.4173592605759,44.4348157446127,3.48026413729702,1.99305369761149,48.9548227619402,1
44.1485730411999,8.37749538454605,3.06356433590328,1.82136124125274,88.1286331426927,1
32.6833941777985,16.531849048024,3.12354997949862,1.99476649814162,73.4766888298025,1
23.2478069478586,19.7196346466669,3.16124605015531,2.03425517996481,69.3315573952125,1
25.0110241408154,69.1027341556704,3.75031603808159,1.94876775422035,27.8246826838002,1
40.4058359815153,57.3802869165353,3.63994065042236,2.07260032686502,36.1422179103975,1
32.81702427289,87.3323134036732,3.98320133460783,0.899309625097555,24.0193876376688,2
22.9042486988954,24.4634065719208,3.26714198479506,2.03890177526599,65.0896417344608,1
31.7602897978911,62.9607956718913,3.68230221131115,2.05893852391241,31.613329186529,1
21.3426745079156,3.44312653070956,3,2.09753099753393,80.9312519559928,1
28.1307836798677,51.6198461077069,3.57307683009203,1.98626975851879,42.7665718855805,1
35.0923909534278,86.322648171385,3.95413750435613,1.05435994570412,22.2927618728604,2
33.7243785880395,98.4126543884917,4.07326556716366,0.318564856924423,7.75229121017593,0
43.0590381282872,0.987297535891851,3,1.8325365375121,94.6716628782826,1
24.8069099507528,25.2841482076815,3.25725370399944,1.86718245509425,70.1490527773276,1
35.3013270923899,22.3849670327525,3.20244964723739,1.97740730098497,68.9092217795467,1
24.2458109316964,4.75375942277605,3,1.96728308573516,84.987196021883,1
25.6810877159797,1.01724562617757,3,1.94210594421123,89.4374912090463,1
32.2969581112721,49.0195312244232,3.54044234031222,2.00212166079995,44.7170582275648,1
24.3758774978724,4.54821456702941,3,1.97867694523324,84.6922493909418,1
36.8698257758987,27.8328130846902,3.27916732424583,2.00746525744121,63.1363936658209,1
33.6569545902513,63.9974569108912,3.73058809389984,1.96969599329828,32.0863029760068,1
48.2628997324265,29.4692041560904,3.28274831597109,1.49486956876973,82.1787386362587,3
40.0998471449122,26.9654701159051,3.31268242750395,1.94251517077561,65.9779939041554,1
23.0942670855778,59.0546522243567,3.63241160347728,1.98545208078832,36.2089713100069,1
38.2132056624362,38.053407720964,3.40552615804163,1.91166342174796,56.8414871104178,1
32.6098774874197,70.2523033961401,3.77108322676906,1.984015621801,26.3251930383583,1
35.0189591933429,49.6123951249861,3.51835274034723,1.93444208402426,45.7043768146151,1
39.6741662435643,63.3209265806478,3.70441529877461,1.94850034853198,33.0359372733316,1
25.5715429692528,35.3394347001629,3.38814806439402,1.98264372780775,57.2599201460823,1
30.7860348595942,28.7043946155509,3.28482780546367,1.97414876604147,63.4005226517919,1
34.4113939010632,13.3207113751102,3.08511307623135,2.00952196047367,75.7567642002313,1
38.443488939545,93.7080384798964,4.02959639202504,0.467070806670557,21.9032492070323,2
28.5667143563049,80.4835846015795,3.89346581014464,1.87652893312013,18.2346328223904,2
35.0832036651954,93.8028543156352,4.0312594626,0.554756712878186,18.4452061371387,2
28.3563833873075,18.5380524647802,3.13919768050103,1.97445933637546,72.4299584233292,1
37.1716956262569,93.3155762823226,4.00779508233325,0.501534924859843,21.8154139465909,2
30.2686821195708,93.5753207692133,4.05469297399656,0.590788025117343,18.047189026821,2
45.1748287596715,28.3544513603655,3.29163845890609,1.73611631540568,72.2024576109708,1
40.5773841732592,27.4634248423863,3.28639663366538,1.97925790441402,64.3416664780259,1
44.48383456325,55.1431573673372,3.63826045964954,1.68932677830062,46.4215912421477,1
24.6273820225886,18.5289239368552,3.13908611922457,2.01628074915303,70.971932044458,1
25.5558095492497,44.2101110626766,3.47552562465631,2.00194376596745,48.9398402396448,1
36.2778434319926,18.5317645937684,3.16168781304404,2.05326763139332,69.7214284774935,1
21.8419477672589,94.7375917953959,4.05245070025261,0.433681221144932,19.5838381855412,2
36.1417555511718,49.3824657491086,3.52461549856227,1.95859424099858,45.3608597455244,1
30.0799100355666,96.3917767423998,4.08601168699183,0.400734716224739,14.40936681798,2
29.7336298213897,64.4941672512212,3.73540059992984,2.06424771019142,30.2284820457559,1
26.8955956740506,48.4315773032386,3.49864335393942,2.02306123061343,44.7758896280664,1
20.1406021881916,96.7695245961198,4.06558500925473,0.48389490148467,10.8913865084951,2
40.6122003817331,14.3189781708763,3.13022703439184,1.98514114297545,75.7813971894544,1
42.5834357746681,63.2329874666497,3.64591086503733,1.87512879794958,34.377244073497,1
30.1485024791757,66.1888367836798,3.71572656967178,1.92925598892781,30.7489754381621,1
34.0941085564077,43.3839827152726,3.46512579567189,1.9368023986787,51.2928870934938,1
43.9214682194236,5.93572253389575,3,1.70528088611501,96.4607435643744,1
39.4240321686576,49.2722601166033,3.53303316381011,2.0693952009471,43.0830133753772,1
20.6893451534779,46.5133943518077,3.48020688180084,1.99897572830563,46.987325831507,1
28.5191745634579,80.6746810774864,3.89672592587971,1.92342195859005,17.6270330372617,2
48.6318449554571,25.6660989952976,3.24450110599518,1.5245987530893,84.9746778637745,1
46.4946396620608,39.1430362984269,3.40048101914309,1.67732880898156,63.4173031175335,1
29.7565385323679,24.0172207221377,3.21662668213182,1.9449552348217,68.5574294163929,1
47.3190166788072,68.6443415172364,3.77253171851372,1.57833776579307,34.6612272064362,1
34.3752524560073,98.9883453337115,4.04376997335031,0.305726037559418,5.11904726404811,0
26.0620616235984,17.7429536868262,3.1502242894042,2.0214858490412,71.4765603792294,1
28.1434822435523,82.1446740226297,3.90573028950388,1.6215692056241,19.2271948125933,2
27.2294574917502,23.0988559281633,3.20133010981385,1.97222236360463,68.4504641134359,1
21.6672636894421,5.7975813372767,3,2.06900082093991,80.0209003777968,1
33.1140833372906,13.8816518045674,3.11500081646358,1.96245113407685,77.0269767682513,1
47.1374866257118,93.5153115542389,3.99119498931311,0.367480819841406,27.9592226699282,2
35.7727239253779,88.8542103356228,4.01180990101184,0.829354245811466,22.8149480046752,2
36.3636941871659,28.926049548291,3.27634926276582,2.05300147552963,60.8335810990606,1
26.8099883049661,94.7764066101607,4.06487021418646,0.493097143857699,17.3126819171312,2
21.3920248922348,84.9930535231419,3.93297198362084,1.25580025737677,20.6865510293359,2
23.7742406839363,43.4654794071674,3.47186331126223,1.84589989350246,53.6748471877936,1
26.4537707843493,46.8049554866473,3.4665677334109,1.98239882084967,47.1123478038651,1
46.2018024622807,62.9853021583423,3.64957856121286,1.62627397309892,39.7467580981479,1
49.6498582935862,15.8031834963813,3.10235349311245,1.38012431178612,105.972794432977,3
20.5329874571304,1.47820867420929,3,2.0025066477912,86.4012911126337,1
33.2992986572026,26.5512017472386,3.26235768243297,1.98094813051135,65.0966092480577,1
31.0759187235642,1.54436319427609,3,2.0315447521206,85.1387634446761,1
36.0939069053621,67.4498844162257,3.75642797457985,2.00211500608679,28.5511327956811,1
38.4956845591724,55.1468835812776,3.5981897172387,1.99509587085835,39.477664936957,1
31.8799928360248,32.1648145602778,3.32369155153445,2.01121596237996,59.2384961207631,1
25.5159219256234,78.0202337119759,3.83653762194334,2.02198262190428,19.094551711096,1
37.558227374614,14.5785431214777,3.10603727097772,2.0399690191196,73.5698093965579,1
20.9989030890939,24.4880638761884,3.23808883863346,2.0049196081593,66.1444294380999,1
46.8193299504906,29.2313762039284,3.29520483887093,1.60155997258611,77.1292141656013,1
39.3323239219296,19.5931946498992,3.1427430152921,1.9920749185727,70.8750929330943,1
22.8363279276715,8.79386837706033,3.00031035524284,2.03826598550579,78.6159608310279,1
36.5412495706457,86.9976180271608,3.96470117354266,1.024835258376,21.774767220116,2
23.8692296343209,8.81886455715101,3.05227698776104,2.08827186739137,76.7563967426448,1
23.5646252042657,68.3710335821638,3.76083326145285,2.03581057852621,27.2949711437038,1
27.966467047764,12.0400876857723,3.06843740512438,1.99151818483751,77.5539710307365,1
42.8872490471471,1.06990031441742,3,1.85104105048456,93.6719274887091,1
40.9466283762763,55.7268230074914,3.58419760722403,1.92564538212971,40.3370560867606,1
36.7655640330297,90.7109055220371,3.99769164112922,0.647652925436418,23.9666020892463,2
27.6567985637552,86.0456667336885,3.95659020983344,1.13276125919183,21.2365764300764,2
35.5360630106928,33.845138411825,3.37519667157335,1.89839144535,61.1164410226224,1
47.8925298082553,2.71588293258622,3,1.5728020695307,107.906819943843,1
25.5595760924582,80.0859355130033,3.86254402431152,2.01085394034039,17.3934287020231,2
42.0262222144972,80.5984932289666,3.87796832485949,1.7376099273868,19.5359802229962,2
46.1654869025012,86.8488116302772,3.97183693447344,0.770433302673204,28.8532157195113,2
40.0836862517138,66.9646599875533,3.75385403754696,1.96866964557622,29.4568317073151,1
26.1108700596758,80.7778862315077,3.86623309709548,1.87744233987046,17.9511490785305,2
23.8749798911503,89.749828230282,4.00872874122573,0.826345145100342,21.0537016022149,2
35.4509897411806,45.3829950490012,3.49480426158398,1.95301407091754,49.0813371404645,1
23.9092454352152,55.782530371491,3.55520803091939,1.93821084724135,40.0316925348986,1
44.7710000250448,50.6131128828235,3.56262611553263,1.70697477814356,50.5962851127815,1
35.7093358614119,69.1983904524219,3.73766480868171,2.00999766035613,26.9140583276467,1
28.7427106233465,68.2906867629875,3.74475422304667,2.01547685562601,27.6336980834015,1
37.0438020034763,52.0313635863317,3.52855671156312,1.95334611006163,43.0996646615132,1
27.8191214133683,82.8468148085471,3.95850001344793,1.56518525307795,19.1159083986046,2
37.5341061404554,50.5779386789866,3.56605228588977,1.97718783818398,43.8833090363827,1
26.9636728175917,82.4858562385232,3.88959406630139,1.63703952443158,18.6868525094457,2
26.5715615666466,28.1845088143243,3.30974169076327,2.10040866681568,60.1131711051165,1
35.5551824479948,17.8494832977488,3.15145735535244,2.08787416550034,69.1672748800185,1
45.0624734972042,96.9870570344714,4.05925070567684,0.191980013534959,22.4121705703102,3
39.3431231138371,74.1939525456077,3.80933537481708,2.04787257502504,22.1419003093416,1
22.8257222358377,25.9791693304415,3.24919868334381,2.00658035318464,64.7859418664998,1
24.0220497604083,58.1235342291172,3.608019590438,1.98719680672509,37.000665884983,1
31.7090178744381,95.5262253538187,4.02429862139675,0.388542925872421,18.3626137557833,2
29.5869407861234,8.07539078120788,3.01529767306587,2.0024130911663,80.619392512157,1
46.7366180552388,8.35342070617411,3.03344835997693,1.57350211858186,101.609872165109,1
46.7387446393765,61.9134831419907,3.64811199922209,1.61670672780266,41.1324495190578,1
20.8947230307132,22.4493478835958,3.18399002556342,1.98923688458839,68.4526524919656,1
26.3156581337291,76.5183956733508,3.84502805580572,2.03101935281957,20.310665410536,1
31.6505813815307,56.8152542949105,3.61081087264125,1.95592381106342,38.7514928734766,1
25.2912423495485,66.6188090223495,3.73202404275357,1.95471712057451,29.9723802141977,1
47.5605901981503,10.7813900794592,3.04365551558736,1.50743875777335,103.113844480518,1
25.6879566048608,8.42830514365568,3,2.03872350512089,78.9137721375334,1
42.0195788455247,62.512106830549,3.68887871087291,1.89699155738529,34.657678637103,1
48.7074690060871,40.973126113402,3.40887344913145,1.49128652361903,68.9348614729977,3
34.3315413573749,8.72525238719818,3,2.11172328253185,76.0016543424643,1
44.4265788011204,37.1063945016189,3.39699466480569,1.76775928861863,62.2791425717959,1
32.8465814563261,67.2144409656849,3.75386402382385,2.03332261018248,28.3268688072262,1
44.4034776475773,18.9587400191586,3.15626330024727,1.69894915951882,83.4068086951416,1
42.8509548892307,89.5729108528704,4.00587271290476,0.715234476195072,24.5268098193328,2
48.7881094320496,94.9846388880087,4.03837590802782,0.328659630696029,23.8410679928837,2
30.098000199363,96.1572542434534,4.07125090798346,0.473048804757797,13.2242771589677,2
42.9978321339217,73.008255774026,3.81728235186048,1.72957378866108,27.3015594612167,1
47.648534114991,40.6288427688315,3.43167244730635,1.55601972937457,66.542198119646,1
44.3231504875403,74.374919635122,3.79919444087739,1.78235196042501,25.1726445862955,1
44.4301247576643,28.7986879274752,3.29384112874303,1.74520011949683,71.3916851601295,1
48.4489471634538,31.4417222390746,3.29697832618766,1.56061291418995,76.6198376297829,1
28.7204870812107,60.5896361217858,3.67767550074286,1.9910816419682,34.7554225770116,1
33.2043967837482,59.4847133407918,3.6571314775152,1.90618033599495,37.2805689969695,1
23.1817250267252,87.8660976315811,3.96586211523955,0.958882802282581,21.6487229376287,2
46.3184637056693,25.4600755660577,3.25142677286152,1.59649356607991,81.4894553767021,1
30.3109798381526,76.6188365202822,3.82811437104843,1.93035629709684,21.2517789476516,1
47.1573464074789,94.1013266818901,4.02452582850683,0.377147503770264,24.8570151502239,2
26.1157271478602,0.103293265773463,3,1.92270430015023,91.1510519381511,1
30.4881744579192,47.6089118002105,3.51890476542718,2.03852022257752,45.1534812735676,1
40.7143813273187,65.7040329024729,3.71720877639742,1.92595876751717,31.2419174885502,1
47.6811957228826,84.3323213919522,3.95088976165242,1.08859794221618,24.7689025676558,2
40.6383803902247,18.3739411876002,3.17303269305986,1.91110268019311,74.9205573712497,1
30.2028055396626,85.6159237987372,3.9411971593242,1.08373529070859,22.837197866612,2
21.2013037972429,36.4365479857028,3.39773268449836,2.01876805955901,55.305481490334,1
29.9525215245436,89.2273929276172,3.97270229049648,0.884631803476779,20.7468787795971,2
34.2848317911228,2.7711740122365,3,1.89528291304489,89.9673181748324,1
41.912004062354,8.53901391231706,3.01397425785584,1.92170516058833,83.4961424499725,1
46.8088577993914,98.1410465754113,4.08717341003558,0.322684984273236,8.97840349212064,0
20.1892712311798,60.9501925773497,3.64749217932885,2.04550661561793,33.5430357684857,1
22.3020338673771,41.7632346814183,3.45898690619475,1.96951886353614,51.9065107368685,1
28.4537163903161,16.9214184693691,3.14405708314614,1.99297422111499,73.197911755108,1
36.0685678914484,64.990115308969,3.72473548468575,1.99121791398654,30.8726432450227,1
36.073567947846,3.69750683593578,3,1.91826241967298,88.0698051046041,1
32.7579043797723,31.1613913460705,3.29632404831478,1.94665606758103,62.0585075161145,1
46.5091225376116,32.3479196989075,3.34702468309019,1.55480942443449,75.8805018763382,1
41.8205613510285,60.7441893514554,3.66350402268463,1.85472234476274,37.0975115410755,1
24.0788408998944,65.0831256675697,3.73435322595622,2.07983522973136,29.5095005101883,1
27.054090357007,84.6054599236469,3.88608358014189,1.27532997741703,20.9081305105922,2
35.1591756654405,92.7580942597543,4.02641722514429,0.550422901380079,21.7104149466653,2
30.8755566297143,66.04577276111,3.70292089535665,2.01339669367755,29.6199025700062,1
44.2586013152951,57.8173918408538,3.6472262574497,1.75350907887443,42.1005336628804,1
32.5800660892114,39.8715543629008,3.42519328820659,1.95063453290806,54.0984374539698,1
48.2348767137847,96.6612492642142,4.09567247753879,0.378609796791644,14.0214978038309,2
25.4736957303062,15.4079171832357,3.08980453428729,1.99433341267457,74.481857081702,1
34.4836243447306,89.5086808648648,3.9787660653464,0.737200918125608,23.9892688237821,2
46.8274211476243,31.1013067884842,3.31030741368279,1.60158513010517,75.0900728761293,1
21.9720812410379,54.8489089666104,3.5777581886535,2.03415398839824,38.9951818879574,1
28.376949898683,68.2066258432815,3.76105715972975,2.00299973915201,27.8753437668391,1
26.0831877624315,23.6469651326155,3.23455005396669,1.98450566034978,67.5522636479978,1
49.5443827785868,16.7736685050272,3.16611956372955,1.4714842131896,98.4613546379812,3
34.0536126940436,50.8482013429616,3.53078430814726,2.11892617142563,40.791262860052,1
46.6451344409822,79.1863875584672,3.83374245445746,1.62684232198099,22.3422929536387,1
45.6177622782557,69.2414462167076,3.75955900549911,1.63788171051089,32.8017043286572,1
23.11905749724,11.8973337173015,3.08694272763229,1.94296135141806,79.5724408785041,1
30.4983068813308,90.0742215071733,3.95607799765353,0.670788214664848,24.7873105075609,2
34.9008654782766,47.9737567049155,3.50007903813137,2.04944198839592,44.6057754626043,1
46.3668513250301,94.6676679239648,4.01163722016778,0.310582950934089,26.6185567343085,2
49.4556220402625,55.3433706248266,3.61039489764991,1.3539542567555,57.2539543140621,3
30.1084678795151,8.48018216603529,3.01521213280302,2.04954419952863,78.4625882789806,1
43.4584578510305,20.2463035674536,3.18347056850561,1.82292375174014,76.6484238587955,1
45.7615200862278,85.4237972916383,3.89718957856868,0.905615011133213,27.4557897996368,2
28.4374787414779,70.5927366764719,3.78401259795138,2.00777370585198,25.7234669836714,1
25.9678230613309,89.4939520152924,3.95298011680868,0.820652771844,21.7203539505437,2
39.3984103748,32.91460017943,3.33405391349759,1.95458628724644,60.2387237931758,1
36.9241799912072,52.8001396637626,3.60681439297457,1.97376332331557,41.9810694395015,1
24.6372667504959,65.039813248412,3.72323227327164,1.94001345503149,31.6220656668186,1
42.2651759376643,59.4290853586664,3.66168755537446,1.84039678378432,38.6308562206761,1
30.8027806409084,23.1462935534248,3.19448051797612,1.99248413248306,67.7296187538352,1
38.1402206114596,42.6821349448236,3.42632635040517,2.03165396865514,49.5625875639516,1
20.1947891774759,24.8111464060175,3.24040512097081,2.05377742957989,64.331870171359,1
37.7154609926285,84.5614962231145,3.94556314135809,1.25195355947715,21.3443149305215,2
42.0027803316396,98.6677444968083,4.05351899021126,0.35878292986928,5.86634061875327,0
30.3702301307229,6.65708031323793,3,2.08228459253968,78.7968247878456,1
42.7798947061373,71.3928032266961,3.77071410994643,1.90361551196936,26.3577729990682,1
32.80910363464,33.0115552199074,3.37596060237461,2.00466465360369,58.6855866686964,1
32.6960017472617,62.5435378311433,3.69663228522998,1.98112000967167,33.1943122921825,1
28.980579127887,25.8129649281871,3.27169845800874,1.94037224236631,67.0913009571038,1
42.2317675648444,65.1007609308495,3.72649603159674,1.74464048081237,35.0034622511329,1
47.5125459163124,37.114718446273,3.40459144584499,1.6238112974862,67.6262055147479,1
33.293037163646,29.4820879536964,3.32500444667758,1.96238177759352,63.0756266512893,1
49.6095394669448,91.1763173697799,4.00183150658556,0.488850982898606,29.4749926017762,2
43.9846321013085,94.2498874226207,4.02209502150478,0.397541009028496,23.1268250964318,2
29.3370574782106,61.3550026560135,3.67700554311168,2.08689369684117,32.5523891628316,1
26.9931589455239,21.4467780830693,3.2233575837452,1.9857547447866,69.4562052784493,1
30.7680801211294,93.9418870906159,4.02071224708514,0.467479533582618,21.0725304658843,2
32.1400785808211,75.0453546723324,3.83940858835356,2.00069109917768,21.9040115831262,1
34.8769487131511,75.1089807322806,3.83050692890669,1.89345958168565,23.0536488147772,1
41.046012270053,21.1721334848486,3.19756066472159,1.95175433308498,70.8829037520306,1
45.2299500427126,83.0156526162299,3.90598577026285,1.33538541126114,22.0673792594337,2
21.772220652378,24.009515416121,3.24473534403452,1.98091952867425,67.3502176328334,1
33.5921603602149,63.162074525016,3.68952438618651,1.95811325626228,33.0201823269626,1
32.8266766978791,71.0739569899586,3.80744649618007,2.08963318715525,24.3344876732353,1
32.7209724350168,74.2383429707102,3.81776163208324,2.03144725826318,22.2782405216527,1
36.9103126577852,39.0264704599581,3.40223552981489,2.00791100040743,53.33192404839,1
48.1940543050846,75.9825396716097,3.79275622334389,1.50766567054135,27.7539843168514,1
29.9096424828652,90.293590212171,4.00543958651176,0.666057127762164,24.3996420686358,2
48.4690442643011,58.7420019237577,3.62711530559264,1.53773857755715,46.7736928402265,1
27.3765277372896,9.04097156947986,3.00827309959859,2.08948039321425,76.5261750910284,1
36.4521508316066,12.8975984142276,3.08998199807013,1.98818264258546,76.9235884844488,1
41.40202508059,10.5262526662787,3.06981776103482,1.92952235427867,81.3593970548442,1
46.4186508797756,17.272746332288,3.11881702492022,1.66590304778379,86.7817425898321,1
43.4509606933995,12.6430890289685,3.02337385935403,1.74887781510337,87.4114063932805,1
48.9728377696265,77.8300890067628,3.83408367379712,1.51504817381591,25.4981542775954,1
36.534293081779,3.94115121844443,3,2.08298601672461,81.0628510693719,1
47.1627901262146,24.1558417340864,3.21764715384974,1.56795337834372,84.3778854854257,1
39.6405307086899,87.9066401358465,3.96662615726319,0.902238151840408,22.8598777662969,2
25.0703028859355,97.3518860836294,4.07466817030884,0.308325171458392,13.3024566208033,2
20.9198214542626,60.5422007727048,3.6865959792023,2.00265012994968,34.6011419933862,1
42.8234150527596,97.6238264560388,4.06730760219224,0.260075394892487,13.7937819304015,3
40.3286021625242,4.34515417149768,3,1.97976133461825,84.827077723247,1
28.6494039491938,94.8572768376008,4.09688881910584,0.486193424297088,17.264108944368,2
23.1804983898322,31.1296082456167,3.28066185420319,2.00278832876366,60.3894241899512,1
40.6838066426077,79.8972840361593,3.86181474631162,1.98820806436002,17.7532850387749,1
42.4835754619066,81.0629103446902,3.87520340620258,1.66647366219119,19.8585985502649,2
36.7484602938653,85.9998591580345,3.909566925291,1.06787572551052,22.5429830351037,2
39.9571209018265,45.8550810902501,3.46988497459638,1.98494749651971,47.8935472311857,1
32.121829458757,93.0644392165448,4.0141789007302,0.48711675521201,23.2426363338668,2
45.9826255876095,25.789298442704,3.25043052624103,1.61167346790007,80.3883948222047,1
35.9720384525386,93.4445492529585,4.03993552333775,0.5548221449141,19.5095557328686,2
46.8451760504003,61.9119633251661,3.72511322259173,1.57335195992197,42.2326566926351,1
42.1912866518986,98.5444914944831,4.0902598147706,0.272464962846514,8.12465108396141,0
35.6870563399288,3.26438659625924,3,1.92806269012185,88.0275963933213,1
41.5897139288682,72.5166658832708,3.83584903061391,1.89378157536761,25.4503911535207,1
46.6023803711903,56.5554235380381,3.60824581766882,1.6269987591135,46.6310646961182,1
25.8353385536874,49.242404739832,3.5323541714865,1.98952267622776,44.7965950725715,1
32.8941515530961,25.9218125650737,3.27665004575003,1.98514532393869,65.5190250123309,1
45.7805302619411,32.6830684866375,3.34944861171814,1.57173210881351,74.7167032492828,1
20.9148909532059,24.9462206701388,3.22346552575059,2.01985706373979,65.2686628272096,1
23.9924654646661,21.9267910325061,3.18108136554003,1.99998896270312,68.5524550123349,1
32.1604064000934,79.9660837524839,3.88113793434517,1.97196925700787,17.834617969856,1
23.3707699425706,50.2395005898258,3.50394570106748,1.9604887540724,44.5508082335127,1
41.7845603764768,8.31898886969977,3.0181011854005,1.93307814778492,83.2170029299514,1
49.24429998775,77.698419202738,3.86136131775239,1.43816570032979,26.9747148628513,3
34.6719969553739,53.3649076083731,3.56113136087637,1.99946442765279,40.9585866299065,1
48.8080247778154,73.9387787346382,3.78515749264952,1.48405216973097,30.5792718156892,3
24.0730735417361,51.5393693143121,3.54499252802907,1.9793391707804,42.9840100118372,1
41.0133027440736,39.9945923985132,3.43528047817418,2.06210009977605,51.1385486389252,1
37.4857494296749,98.6246782436295,4.06894820291701,0.263217011587796,7.90371873135944,0
43.7520068745148,2.82426201629127,3,1.8136508753791,93.8568112093925,1
36.1310183703438,93.2763907964858,4.06694923624063,0.57348938972148,19.4109102189082,2
49.3967839118473,93.0854967759968,4.03841255203543,0.492535167322099,22.9406433957793,2
33.1895834484021,39.0918711501458,3.40573018447809,1.96627361259905,54.3748781140942,1
48.5081706050449,21.446487113332,3.18057026105039,1.49458781569938,91.5430781978422,3
47.5483556666753,61.9213297933239,3.68686529761337,1.52437464433535,43.5357661650814,1
32.7160901868648,17.7972335470169,3.19979311579677,2.00807895999305,71.8947049611107,1
32.3156571806968,80.3208194328008,3.87605263734573,1.96388957981265,17.589109838015,2
20.59841195926,25.3933855877735,3.21366400594093,2.02939380804604,64.5822380649478,1
33.4548233901011,29.0806155032678,3.3206213798977,1.96853188763067,63.2414542848554,1
25.9823003614065,91.5915790009957,4.00592676545294,0.665836262921354,21.1433236651642,2
30.077769022094,90.2916833474409,3.99905736849992,0.652141927088368,24.8880878643316,2
28.4754737780707,53.5380891730522,3.58785268004475,2.02812719628777,40.2436576730721,1
40.1059390252521,86.2838980578616,3.95861890346382,1.07068465636775,22.030268153995,2
33.2052072301957,35.2532568805062,3.38712493150906,1.9325473697252,58.7850456411757,1
38.0074706335607,99.7884278224902,4.08333062184877,0.26439169768264,1.21132307985437,0
45.3055529745312,43.3689739404977,3.4837515577649,1.75229002476511,56.5590695761574,1
44.9831601459647,29.4812011798495,3.27545461675612,1.74214828925861,70.8277538399356,1
37.5667202807167,4.15742339491673,3,1.94981536617561,86.266282781428,1
33.2160934071905,98.9706953786742,4.07514290718115,0.326533348221317,4.92054243571935,0
32.0123077149655,46.4887630911822,3.50974698046993,1.9650941079755,47.7993688010143,1
22.1338140823279,73.4585014050371,3.79271508520143,1.90881446376293,24.38959807309,1
34.0214594217655,64.0807624045875,3.69138164340502,1.98625071733672,31.7518010534117,1
32.0912844640869,72.309339966601,3.79955939086169,2.00372786369064,24.269616701089,1
26.0459207829284,5.11109038261163,3,1.95606794632185,85.1417010198799,1
44.0817488602392,92.0045405409714,4.0112046763891,0.535581098753368,24.5770006185138,2
40.9444393376755,92.6841217902242,4.02972836008943,0.540605055009069,22.2967627281726,2
49.2622434142914,55.1995027154197,3.63384496000512,1.48193029978147,52.640054918783,3
31.5654746360298,96.3915888684551,4.04362131871272,0.416822808029449,13.9135019220635,2
32.5078275311719,28.0955536990367,3.28764216109362,2.07218645503602,60.9880451524874,1
35.5920475851293,60.2146627136545,3.66617222162096,1.98899846090207,35.1219525117932,1
30.5986536978317,39.6462690052624,3.4293303961601,2.05280827943665,51.6626821631271,1
36.3574023318594,62.8023231755228,3.70430436607497,2.01959963037202,32.3520633176878,1
46.6925762520786,30.0632288523748,3.32180347109907,1.59080807217513,76.7220677424172,1
41.9155816001995,81.935838465602,3.91283049436125,1.63745922341098,19.2689045819967,2
26.1953584940169,6.97859785042085,3.00219435630574,1.99620690434142,81.8287356542436,1
44.0045863870576,4.18775702999963,3,1.69479059938972,98.8439744037612,1
43.8592418911713,4.93963846333143,3,1.77707612198648,93.651626610919,1
43.972728812055,15.0455028367663,3.1066270009557,1.77490500373282,83.7950986933721,1
29.5040796188821,39.535047379469,3.41115139224257,1.99011084743904,53.3485299848188,1
38.3885456217666,95.5389989257175,4.02677767030053,0.404242284062517,17.6773546088533,2
39.5687294584032,11.0795439695956,3.02739896965782,1.99309747899287,78.3402762229567,1
23.6067501173276,64.7552985816427,3.72050471528653,1.93945617278007,31.8883438705721,1
47.5602587115314,52.7621508456349,3.54493210821389,1.54123253876021,53.4353882331401,1
31.0440732055144,35.3242405983059,3.38335874216656,1.98597385551999,57.1796963931625,1
40.6513017090464,19.8199229320192,3.182460362447,2.00619559195585,70.1898882027486,1
47.8501513809129,22.0594081847336,3.22545420780089,1.52571619021029,89.0344759666123,1
40.246164895149,4.38215097271469,3,2.03286179855785,82.6325243318026,1
48.1543223818227,71.3163973159814,3.79401480706711,1.54810211521613,32.307375317034,1
40.9732297106878,65.3840199196255,3.68867029206743,1.95890449780858,31.0162898299267,1
25.1257368387153,44.3769792724722,3.48082874374127,2.03481322552908,48.0241760190012,1
41.8671652722501,71.8939488089844,3.80411663932084,1.89153208459063,26.0572011893871,1
32.1716044187149,10.997597244532,3.03680295155927,2.01060605966948,77.7462165599665,1
29.557198801394,93.8719173368931,4.03211471543453,0.501355458560037,20.0062384843358,2
43.4193881330304,84.7626709239388,3.92027522157324,1.11982006811215,23.4456503906384,2
43.7146740609006,65.9035659665883,3.71945527050087,1.74746819505262,34.1444602074555,1
48.4703529696919,37.8831168661732,3.39585871886209,1.49446133799149,72.3944244446374,3
26.0955588562748,41.6566729014747,3.45418961690236,2.00841574893634,51.0188424430839,1
35.9799299338391,48.2153922157467,3.55656536021473,1.96998175582665,46.1451167778048,1
43.1636737589355,93.5283770006801,4.00113549558325,0.449069784003709,23.341267638614,2
35.4904660627948,86.3592954918103,3.94394990456723,1.00549759103217,23.2622682641378,2
26.8635936184366,47.7923849216559,3.52422335252837,2.01226791337481,45.5681371617889,1
49.8587087394513,55.4518498278167,3.59738958070172,1.40495581242751,55.1127873609734,3
46.6795953069134,87.5403862279322,4.0026048607227,0.700851372865685,29.8691666556145,2
37.3143001140969,94.926443377229,4.04137832169949,0.426936250747066,19.1480557552145,2
36.1414342053041,63.9184755868246,3.67844748648496,1.93768537102511,32.6745595105028,1
45.1992835423485,74.8520320089754,3.82721043780785,1.69481152341675,25.9433994883311,1
47.4390194407447,35.1624906360443,3.3578750744292,1.55555982772751,72.6896094680613,1
44.5875606704533,91.802831908618,4.03466030061668,0.546239214225022,24.7466154732303,2
32.9842932665791,83.6752049853831,3.93743408569618,1.39051252576547,20.3987334373894,2
45.6686939443758,55.2055881224763,3.62023561685224,1.68634307308535,46.4366418303898,1
26.7681599537587,86.7627209615174,3.94128953824966,0.885912299094074,25.4586912602094,2
36.2154820105656,84.9871881440332,3.90552649508823,1.21598230307415,21.3455285078795,2
29.4545086585953,80.8411356606142,3.89300448338683,1.92488927279529,17.4622224577089,2
23.5890348717657,13.0692824397388,3.0924988108044,2.00509545569538,76.1401574680258,1
24.3653585825962,53.6002574821812,3.57934541595544,2.00642444685664,40.613958202908,1
48.0981445306357,90.0783114706916,3.98223372873545,0.653477313027352,25.3868021356656,2
25.8497728352446,77.083183055383,3.84468468751248,2.00874939414567,20.0365671594665,1
39.4973038772384,42.0713199025192,3.44077143486982,2.0454076812765,49.7619747733024,1
27.1736347382025,97.7880393359966,4.0844762287697,0.331981398690923,10.423358856874,2
35.7640871819698,25.0773156673002,3.23796992134495,2.02766013330571,64.9099579074494,1
23.9190261234363,33.3610228847898,3.36121137386239,2.01861514627171,57.9857297398048,1
28.6862103810932,95.4200507429589,4.04533869621281,0.519796152889015,14.4681718556281,2
32.0157359014435,80.871534818529,3.87595630576097,1.81066487334146,18.5048032130659,2
41.2003632266841,90.0340004510662,3.99746930435483,0.697851210935603,23.9871232750141,2
47.032098060538,1.15895894098952,3,1.67953287707535,102.868165308932,1
32.8573139595307,37.9764433033995,3.39358018097284,1.99128419668206,54.6922384621143,1
41.4146590573916,23.5521956609869,3.21200274684323,1.93994779187794,69.1505819257513,1
24.1725938164844,29.5935051887411,3.31993363331215,2.03135662160339,60.8889843022852,1
23.0172522341794,73.7995496403841,3.80193368932684,1.92801112292387,23.8425406716602,1
33.4432877112024,72.4084844864074,3.79358584376577,1.99962589426791,24.2311184998987,1
42.8151870043983,46.1799410199061,3.52436621957313,1.86280624422717,50.6460633200775,1
26.9484585222103,36.5274461207094,3.41724949623214,2.03515961421332,54.7922548489542,1
44.273984710829,58.4691613004526,3.65563801591278,1.74402087275394,41.6692530140024,1
27.5722320668362,53.3707754634276,3.59279687317705,2.01099899773893,40.7242333731897,1
22.5140368076114,55.0579559007862,3.58284787347486,2.10094873206266,37.6093015015796,1
35.3900184208937,61.5477071114658,3.69447113085281,2.00216145039664,33.7274278229834,1
20.0293342447686,39.5648272267549,3.39282636408515,2.0539431365869,51.7044919608967,1
41.2433911867583,77.1718482415458,3.86147761788897,1.96238509203034,20.4188916564474,1
42.1717774583376,25.1203183349387,3.23876876199677,1.85725682909935,70.6687347716868,1
49.1995878891155,65.5760767903366,3.69680356255492,1.48419055089221,40.3881132896819,3
39.8949382060627,96.0397148220018,4.05117036190257,0.382128585757271,16.4962780879321,2
34.8265017779071,0.355476046442604,3,1.9803233755625,88.3406777832677,1
22.2086995134945,72.3361044394306,3.8164531092014,2.0553170967637,23.6520247166425,1
36.02885081368,10.8995033929644,3.0209948288051,1.96570315318236,79.5657305191281,1
24.2549118211347,54.3787491663825,3.59373335988697,1.99322780866889,40.1904531409102,1
44.0716628716295,62.6916016680335,3.70849387870729,1.78931014236727,36.5110350074557,1
37.2844655161024,24.2947125770801,3.26045310182888,2.08642581015732,63.7838752524812,1
26.3874271295187,91.3843875246608,4.01981803392028,0.673637368203505,21.4307651000816,2
41.2116553602444,62.2312528691618,3.67362101990861,1.93380941666002,34.2692923345266,1
29.9902543074797,23.169469139486,3.23093093240639,2.0343300916605,66.3498339837101,1
40.0729463698103,77.0132187599807,3.84453499869861,1.93004799791649,20.8965672931024,1
43.386532644404,10.5507079997335,3.01398470455867,1.79580448996482,87.2295665526029,1
22.5972835608834,55.5225318531345,3.64527090420851,1.96504726105133,39.7308014614942,1
35.3196938771224,9.49560698024915,3.01434960550111,1.97062546763467,80.6225151790501,1
23.1102308619172,58.0984072675019,3.6485885868623,1.91880065025789,38.3090420600058,1
39.4838451725055,25.2980112720188,3.27345387023491,1.94050971479166,67.552335319519,1
29.4649364752214,64.9466807954746,3.70316507956597,2.01289966474203,30.5860607990529,1
39.305035712736,71.582695285818,3.78664859971417,2.0015046493558,24.9334791912802,1
21.4566134620525,52.4185614568661,3.57068998060395,1.99189261137158,41.9447080128815,1
46.0098919106009,65.752140770311,3.6674651032942,1.69926837861739,35.2411027187063,1
34.344777650362,81.3293845325056,3.9019287521284,1.75269436400809,18.6427097751437,2
43.8065956588266,80.7512271643032,3.89892186514293,1.65941245612125,20.268830369279,2
26.7991093450355,61.9681992053863,3.68287208703518,1.93681980598788,34.4556870351242,1
30.049212267588,45.1102462120775,3.49860271182654,1.9030556040366,50.5881945265952,1
42.9132476963429,40.7949989047367,3.3881789772185,1.81119333428601,57.2584266278579,1
45.6026874966258,87.4747619904363,3.95904676240964,0.816962444789653,26.0050807883433,2
33.1137159453721,70.2931732114371,3.78537262880354,2.0017787693961,26.0614297296544,1
47.9099699001909,18.4935022373402,3.18624357364435,1.62288620137489,87.6997466128959,1
37.3884289652108,56.5732146629263,3.62567741020105,1.99222433336903,38.276017149291,1
21.4729244429272,90.8808032300057,4.00078732133095,0.639400826178549,23.8098847037624,2
33.5858401386502,15.0689992248271,3.11795848811984,1.95891225734864,76.0987946766159,1
24.8120013898304,84.5517675530706,3.91786018807803,1.29519114429904,20.6712767344023,2
41.9847334076435,82.020246631535,3.86995857843401,1.64246409220933,19.12215225848,2
30.4205800379201,49.9341101297834,3.52867406890411,2.07554866622992,42.3978068336742,1
26.0353291911846,3.75838514857032,3,1.98298461184431,85.2121091932002,1
45.2836410219297,14.7502505396935,3.1147829785703,1.64717736654763,90.4145624689164,1
44.5338899540685,92.2638694688671,4.02618885989202,0.559330583828677,22.8530051266135,2
30.3094007256674,4.41547960318625,3,2.05409007635017,81.7703284893165,1
32.1086837372406,37.249876640536,3.39515435028493,1.96828846809738,55.9633688803227,1
21.8179943053721,61.9039634725471,3.65967835961713,2.0796050684719,32.199803975213,1
25.3665415213019,19.6948038914017,3.19953001672398,1.98636931496119,70.9838593291866,1
42.0775653154063,98.1079757240297,4.09115776342372,0.364336016796075,8.2195212549496,0
36.9839104547259,15.5975233043422,3.09715181283439,2.04793740285561,72.4161063363434,1
44.6971091030392,53.9679195161274,3.55238216560554,1.8345467641402,43.9669348872717,1
35.0345029437435,61.8011324346645,3.67694759731564,1.96905846407512,34.0544678824346,1
43.0358724702641,23.0989948669704,3.201522836815,1.78698887637419,75.3525571219938,1
35.297540014312,46.6308989209341,3.49748967329144,2.0458313612055,45.8359311347756,1
37.0420709173383,49.1008529132929,3.56466778795741,1.9908157495859,44.8930604218745,1
25.5385389289156,76.6862376326542,3.82769620132145,1.99645478883139,20.5060832471095,1
36.3320307355036,63.4280752773873,3.70725590846513,2.00922835113721,31.9680255297323,1
26.0309944613501,46.755005306534,3.50494184404027,1.98758999178175,47.0364454256235,1
36.6865751629094,66.6942543193975,3.73985923078028,2.0217725259223,28.9367396637313,1
24.2432371297477,45.3377426522198,3.4770930683514,1.96569547573603,48.812960296037,1
25.5802996787417,52.571159134141,3.59943062821812,2.02962345275052,41.0516208814788,1
42.9435188057924,65.8568041558362,3.72401335209664,1.87009288973704,32.0076975692106,1
22.1265879713429,18.1195381953862,3.17014651099479,2.08468838402424,69.0427850506498,1
31.0794093677483,78.8049551172307,3.86372851045614,1.97639041737191,18.8271127132865,1
46.3363405675564,60.2865337538397,3.67726960673159,1.61590345647052,42.9101932440546,1
23.1301219944401,98.0332885137328,4.09463347803535,0.437083137298588,7.26791876827157,0
30.7745964578225,22.2383193531176,3.24316265190248,2.08518253826919,65.5545943523176,1
23.4188110279461,46.6266474166573,3.51863857203144,2.07340845867642,45.2442554127815,1
46.2962227271138,89.5641802599447,3.98293724335002,0.631573784013976,27.5604431577058,2
23.7871133864101,60.1433409698788,3.63529582233134,1.97489137588644,35.4300418820302,1
27.6366652352817,72.5958845848815,3.76715334245092,1.91870688340837,25.0557399696872,1
32.6571905755693,41.367016420136,3.42133340769522,1.98106311306184,51.9626247776486,1
39.9576805340058,68.430962183132,3.79421524367858,2.0145370816,27.5239755085068,1
30.3411592864461,94.6055029847563,4.03788796519968,0.52156861375432,16.9885021566498,2
26.4050499589016,20.0186065739322,3.16025695678271,1.92036484834123,73.0659138017618,1
31.2015531729938,80.736526387732,3.90098305268555,1.85201410700461,18.2302814550041,2
37.1307387849409,96.9538012099896,4.03823390928075,0.383090164683745,12.6605456995833,2
49.722540481791,1.45687317633317,3,1.25057364155078,136.384148206401,3
29.8149552743411,21.5209586594428,3.20263691589698,2.07392809107579,66.5099138744629,1
30.8661000914295,11.737692031313,3.10055007210535,1.98529529032355,78.0585279683818,1
41.1870576101605,76.7423517741453,3.83455786333927,1.97449360227475,20.6786362572348,1
28.9680707423082,8.12165859427333,3,2.03675351869144,79.2527785619909,1
30.4910216314661,99.8413558590908,4.10881546619246,0.222551403500439,1.04772696074627,0
49.8412320643799,38.9612015879305,3.44403507233909,1.41926326668832,74.7788634159274,3
38.1280213634833,90.520276593304,4.00569001981299,0.705648965618016,22.5812551971102,2
44.8643238511441,18.8577603499468,3.17767816153697,1.73514389244507,81.8175117357327,1
20.9499707145986,44.0872199822291,3.48493276229877,2.05911358907543,47.7181525704865,1
24.3647065917863,84.4811819006204,3.96211018053757,1.30268678707471,20.6506582645732,2
41.8318488265086,59.5269780673256,3.66470801562492,1.87237583051403,37.8965644087056,1
36.1923183677305,46.2158096691357,3.50416267747329,1.97169028135373,47.886436161097,1
49.8579351937994,51.2649746757118,3.52834612690822,1.29651048551628,65.1484310945293,3
34.8688897835243,57.3885526892347,3.63810302812438,1.97417862419528,37.892211805107,1
31.5231160552369,44.0319207585593,3.45245600976238,1.86260367115016,52.6729840343823,1
25.8312200370129,19.3558957723811,3.14742830786849,1.98408502936005,71.3634806384583,1
37.7049933369826,11.3965761459186,3.1037582937061,1.97465366107216,78.7720714924104,1
42.9987555963547,15.1227927370148,3.10860786335607,1.80208649811318,82.4901932112876,1
47.7331756166308,5.24909638531339,3,1.5047948208855,109.693976475495,1
24.1287747878121,55.8676411063632,3.56258976098824,2.02974976757345,38.1960595678926,1
20.2426976991525,84.7721014036011,3.91988818293235,1.2719238388894,20.735095825601,2
34.3388146766461,35.9119338924111,3.40665281476048,1.99173280822846,56.500301375748,1
25.4884275877077,7.53108726358178,3.01119059883604,1.99226694663552,81.4996507678669,1
38.3101583451928,42.5724411985116,3.43097458069698,2.03240267063017,49.6395857057741,1
38.6080791372931,60.2007838472001,3.6669862279837,2.04804395616027,34.1454185765244,1
32.2889055521415,42.5403465575638,3.46055433547576,2.01649181072892,50.0497392050652,1
40.316157916626,81.072123360737,3.88425662651456,1.73781007691411,19.056933614269,2
25.9901170733174,94.1886246186705,4.03297674080832,0.499588684007486,19.0332806893283,2
44.2574594145435,86.9910773268354,3.95453347638257,0.96421272620305,23.0879185467923,2
21.5101905261691,70.3999498279888,3.752196711018,2.09654785659456,24.8212916129191,1
25.1558557596022,47.0298924782175,3.51433413854806,2.00054859165388,46.4978952107185,1
49.418069572087,68.2698042903251,3.77032789577825,1.43601554687381,38.4345590445324,3
47.0113153822045,1.34183105565295,3,1.56676778797879,109.839338351634,1
48.1918706337112,98.2478118502044,4.03878868388152,0.282764698244142,9.47798455267074,0
47.2533288003634,17.2077331828896,3.16760544568959,1.62571261167002,88.9329585711472,1
33.2425159986007,90.6260395961682,3.99019981905943,0.764067173874589,20.7269489157619,2
48.1641231090194,80.7109901666106,3.90363431422933,1.37035799123128,24.4446948687934,2
27.1224038920607,80.0139684386988,3.88821246940686,2.05742847534261,17.0704995359302,2
21.4854293581638,26.8936057785065,3.27963702903033,1.99935482855017,64.2111886948264,1
36.7179222341879,21.9153805757258,3.22517937559665,1.96632372933635,69.7072166134525,1
29.3996070537353,42.8800692914089,3.45103448007866,1.94352799991284,51.5748338021635,1
35.9623194919162,84.9371100730655,3.96903114141447,1.22268845002412,21.3038798835397,2
34.1482570836072,45.037964247172,3.50194218556628,2.02481484028196,47.6821653838017,1
34.4939722854736,93.5420114007062,3.99420478461204,0.468294162644377,22.4281504916443,2
37.102325880649,35.2679327251738,3.42444017221412,2.04412791791079,55.640211898293,1
47.7032683296529,61.939216569676,3.64686391995897,1.5320303665782,43.3047377736266,1
27.0857748067776,98.069903635578,4.07270650342499,0.328784580514141,9.1718977875074,0
46.2824044729782,64.3462522240805,3.73809100000208,1.59876602759618,38.9241074370156,1
42.0150629977593,4.54982160406038,3,1.92540445901756,86.9747561459585,1
22.376322890093,46.3557090951712,3.51730840707181,1.96324115890857,47.9623234411915,1
45.0616245800918,33.4751343713664,3.35404841016014,1.72605811118407,67.4216442454738,1
31.929320556357,53.2181548521675,3.56873936147996,1.91304087847382,42.8963666470186,1
30.0721432946349,28.4746208613131,3.30530532157526,2.09405755446151,60.0476802414808,1
20.0117900957649,12.2261230230003,3.08528866833934,1.99645865628802,77.2031128374595,1
27.3741555795857,66.8288988750802,3.76235152241553,1.92508904568614,30.2305266465154,1
40.6383904960263,68.1359754891306,3.7392802807106,1.97842438963315,28.2757614297557,1
45.5351790534105,86.7139299999088,3.91663785918645,0.874278098853096,25.8741671254996,2
27.2314840810856,13.2381493562737,3.09424941497798,2.02961344377159,75.0963269767458,1
31.1281931153003,79.8620308278031,3.89351018426245,1.95899596435669,18.0430150946379,1
24.5127001329571,82.6768738405129,3.91206965866731,1.55091456664093,19.4773835761285,2
44.1050049232178,64.6549935751152,3.71036813846376,1.69254031140608,36.5104962842758,1
41.5107117021349,20.4922145780634,3.22300244558878,1.90624667446477,73.1574476918365,1
41.0143456213857,26.1420714405838,3.29209419612432,1.92241462174227,67.4017876066632,1
40.3656357231833,41.8496817539176,3.47563644373736,1.86970212749865,54.5243823734951,1
46.7613501225715,54.1799072782731,3.56706858580448,1.5498224278381,51.5533258341436,1
46.4909297719553,47.7437955592217,3.48791555043786,1.5348837689396,59.3489376551157,1
38.7610354543785,46.7459892045369,3.52857091789119,1.97584205733942,47.3172225270735,1
28.6633513111969,83.9840710197667,3.9298531804252,1.32753557478187,20.9277151836786,2
32.0930835596466,87.0102365307568,3.9340785140982,0.983652927553974,22.6203337903446,2
20.8687175136565,81.6753964376767,3.89664677972188,1.70730683025495,18.7697935524422,2
47.4945204200642,87.78014186347,3.97404536270896,0.663416636818013,30.8315555183289,2
40.623432016161,57.1008761937073,3.63614080882285,1.85557853892705,40.5222987528004,1
47.245124705885,96.4036133339082,4.08520287261878,0.346341871172072,16.3331115630597,2
29.062614113558,60.6544348250468,3.65851487545368,1.97560563007364,34.9633789832728,1
48.3447936188264,60.3947741079681,3.67088512466227,1.54984860489216,44.5600954913247,1
45.920935152216,31.9297737074619,3.335798500381,1.61273159966505,73.6898290447185,1
46.5803827726445,68.1204184117019,3.74101895798282,1.62282211579897,34.3032569434493,1
20.0042399062528,5.1965688505361,3,1.98773224473077,83.7431789727513,1
31.3172065677593,13.4546421011942,3.10333012437181,1.96118680996724,77.4575705478041,1
23.6697587684827,13.0242167572765,3.03523918665115,2.05856677637323,74.2477836562433,1
47.9842371940714,65.5201287224736,3.72636572620677,1.52459578557478,39.4156829759913,1
35.4112175754525,17.5332591771338,3.13523139360762,2.01249933216247,71.9709971132567,1
34.6800924028071,34.1146823251547,3.34841729136925,2.00594783032642,57.683162026486,1
34.607635005025,4.43116558331046,3,2.02290010027228,82.987068179236,1
37.1087570306965,23.3734360116511,3.22322153549288,2.01245192425203,66.875651042896,1
36.3352252956648,96.4224324849294,4.04897868144692,0.377283557360213,15.071072631279,2
47.5133258258999,50.9139402516368,3.54437756120837,1.64619696328099,52.0900045571045,1
46.5315363958157,15.1074518471432,3.11763402379336,1.55035080497576,95.4831816874405,1
43.5115777788525,52.3008531734464,3.53884878450414,1.72677567091128,48.3226249061373,1
29.6818200732371,94.3509383911081,4.04590509392605,0.550544306219263,16.9318246642288,2
43.5331226471402,86.5686014006334,3.95334451185825,0.85003737219693,26.8616817764429,2
24.3555642533538,39.2065868930387,3.41931275832104,2.0133439566596,53.034368428658,1
45.8067860051109,28.3867515973403,3.31426370167942,1.69899015617539,73.7018711452721,1
43.1899922486374,76.1729862692742,3.84347262687545,1.69681025431154,24.5525377524246,1
43.2790140670624,24.0484324803088,3.20983991133936,1.83945454540528,72.3557080893523,1
35.8609608308415,25.4232354657352,3.2703073387444,2.05301039831056,63.8314371957058,1
33.505561000723,8.40863541799295,3,1.99709800344588,80.535692951728,1
26.7989447807751,86.4144094764027,3.92770322615251,0.992682968478177,23.4530184934031,2
44.2603453120866,44.789891562028,3.48590220161231,1.76492151161929,54.7561944426364,1
48.9778728968563,56.1786260609974,3.62506063775762,1.50368329552362,50.7686948282604,1
36.3059591660107,73.671095769352,3.8096050805893,2.00151371492896,23.1010045267027,1
47.0662237114217,79.6488867131196,3.84799351037597,1.59935179924611,22.209939646065,1
28.4705132592386,44.7508138990314,3.45660645060006,1.93710813628475,50.0468661799555,1
35.5326575404858,18.4127556175798,3.16572276010533,1.95899436375619,73.099776951977,1
29.8448776827549,82.8732851528302,3.93973970943042,1.42388098229415,20.9162660318207,2
49.7540347762036,3.09979598282558,3,1.43562939025531,117.405032759172,3
27.5094995546833,94.6728269607952,4.03355800645721,0.512906143914114,17.0346541323798,2
40.3626646253447,57.6977846477502,3.67299322388995,1.96600579336084,37.7697265974179,1
42.9260623699912,87.5388738450687,3.99084428617147,0.817926875788191,25.8432221706546,2
20.966799161673,60.8565436973559,3.69909303365102,1.9930504040387,34.4867758551026,1
49.4681368505098,25.1659584152324,3.21499155484125,1.49349822018659,87.2701199722136,3
22.7396821941115,29.6129923495904,3.27840429503183,1.90143142815183,64.924963256705,1
38.4222449581704,53.2922559031653,3.58139679282239,2.04926897477068,40.0491506256299,1
24.4805243247695,96.2078212847094,4.02289542245577,0.412218119276377,14.7677501224085,2
35.6238949011525,18.4495604490178,3.11461555063046,1.99696643556563,71.7113816041668,1
22.8003528080092,50.9898378143109,3.55815988733773,2.00681918116532,42.8906404326019,1
43.4360131996927,34.3788103436844,3.35687220170699,1.74238217970759,65.900086889191,1
43.1879305185365,76.9725344957186,3.8656215664463,1.75191001910383,23.0030564613439,1
37.9444629478728,80.2866486432424,3.86705001766916,1.86123341418848,18.5660381294821,2
20.4362995872669,42.4559910302217,3.45039266524111,1.94960945512672,51.7997231309535,1
21.2607266163392,20.4122499994336,3.18222734078386,1.98577035231988,70.3703882109142,1
25.4291197223275,6.70894603288553,3,1.94681990668109,84.0956646009766,1
49.1609201294622,19.8648264420561,3.22166755844775,1.40835589315193,98.9081698655515,3
27.6380056679179,27.2400850129382,3.27080650055719,2.00343533956222,63.7798738793657,1
42.5302647758969,59.878891790921,3.67298462320748,1.89600078522312,37.110979257936,1
28.4370562869759,87.3083497274436,3.98721735774663,0.905414053371379,23.9110680965894,2
27.6655585260909,12.8230938845486,3.09343023572302,2.03191922485419,75.3720072971622,1
27.7359120793588,95.8188741714896,4.07475237248942,0.498043272626289,13.7325405989441,2
28.9115898653038,68.3170843854146,3.77590432096499,1.98054320745746,28.0857102162642,1
20.2683381481141,74.196423567838,3.81760159221578,2.06561829597212,21.9540725594593,1
49.6152854620377,98.2880785920991,4.07710855937092,0.176991319750986,13.5752263020547,0
36.9938190746694,41.6100772618142,3.4360569647175,1.95293550373015,52.4739117824807,1
38.0552723386038,53.1583465895902,3.6065684280579,2.07205218582025,39.7327533705995,1
36.1478021257834,67.9212950195719,3.73984086516311,1.97295544228493,28.543223324559,1
21.3151264411583,51.2875142589991,3.53333387274559,1.99646316120376,42.8458601142008,1
34.1456146669627,29.9112344660836,3.30376935067329,1.96964307512673,62.4663731501832,1
36.1902950362577,10.5384672730039,3.03423872455112,2.00601930549441,78.3216181279337,1
40.1886737225558,28.4932145722145,3.27801293714391,1.95137831125109,64.3117860558578,1
36.025040081503,76.8852848287758,3.86459968270566,1.9913458767788,20.3818900958899,1
21.6521692695989,64.0782704451846,3.69032261370678,2.05810696079312,30.6716473125924,1
38.6029696980913,80.1330703203192,3.91171011852479,2.0190619282343,17.2834234371819,2
37.4352560833009,51.7120531970427,3.57517064971009,1.95316388004748,43.3905109367603,1
36.367889774724,23.2100021846335,3.15990371178336,2.03431125614315,66.3154294543455,1
45.2984384063976,62.7961926981903,3.7067303637278,1.60187926730827,40.5397988028385,1
33.4216027911164,30.4005490022303,3.30046592619856,2.12455597689419,57.6113069183508,1
38.106963389247,2.9528744942021,3,2.08029306495744,82.0003729927769,1
23.7083865919652,90.3331176816876,3.95886717795836,0.746259852624704,21.8526503824168,2
27.5713775897899,42.0369568802785,3.44288915422942,1.98822023277216,51.1885202285505,1
45.510629772629,42.6130780424712,3.47393940994094,1.66034863182533,60.394973049039,1
20.486730874594,74.1251735331859,3.82745008932521,1.99684353017854,22.7543957090862,1
24.6875293430871,94.8458404305794,4.01846117533558,0.392063985135858,20.9867520017627,2
44.7015492427899,7.25155280454634,3,1.69791203506639,95.5123608068044,1
26.8801304443805,17.2701088132275,3.12778834655754,2.13188536162367,68.2500587589877,1
27.7758486601435,32.2357489132711,3.31431552086262,1.92696621667181,61.6983997639859,1
41.0237182001802,24.8424246330199,3.23318506406582,1.99155419001821,66.2650231485442,1
48.9957583738681,49.5494981361193,3.53792232411687,1.42985646973843,61.3646696230187,3
25.9483945989344,82.4459610797684,3.87001704121113,1.51969539073664,20.1295552263735,2
42.4249186368154,85.3972414942176,3.92710028639662,1.0973408436773,22.9094653565748,2
24.2151873494526,59.5829942058702,3.65831128223666,2.0190825514183,35.1608061164911,1
31.4749271383792,24.0173733831067,3.20293862433181,1.95137508956262,68.3373789469405,1
29.6986775421015,18.6492688272685,3.15980554929093,2.10831258809984,67.8452773329898,1
46.5135655695211,74.3390512402039,3.81986336499955,1.63806904900597,27.3624516691613,1
39.6614418872197,23.7214057643548,3.20502134981563,2.04531550714658,65.5278258361862,1
30.0072608000369,53.949089092655,3.56401467331348,1.92503793787532,41.9696442501723,1
20.6482387744377,74.9280787127192,3.80699462592261,1.97593684794055,22.2758465363723,1
31.0702597738454,22.8249104615386,3.19542722951002,1.95179156268416,69.3954174644247,1
49.1654201553177,17.4501187572744,3.13929222449741,1.41642003341716,101.328257150614,3
35.8729726034628,3.97356865758512,3,1.98233006482372,85.0489688697978,1
42.2643446961682,14.7568837699948,3.11046852004275,1.85566804311185,80.5164413438209,1
30.3616651068206,85.1438906946991,3.96262036431392,1.28554491773437,20.0225364152524,2
33.8176959597569,10.4635911744959,3.06089559825582,1.9818766516146,79.3185628457513,1
26.3490709465394,22.3645045527318,3.22109499154435,2.00880573871735,67.8761911224049,1
45.1087919041186,3.27571997459771,3,1.59146063083525,106.066329447775,1
30.7942657820036,67.6356635451279,3.73853636564046,1.96562924041879,28.9020443098286,1
21.1126439885205,23.170314146472,3.24877751833197,1.95721063650739,68.8983169085759,1
40.6696756997218,41.3591717801764,3.43037398466894,1.98975831123232,51.7480380957056,1
24.6736665232691,13.9301171323727,3.08506446174031,1.99398345105126,75.7960095430557,1
43.9625350793145,37.7217287611507,3.40957975201197,1.80542667883197,60.4178486322609,1
20.45787357876,42.4437466239615,3.45846027255832,1.94651865509051,51.8909531913053,1
37.568694419397,47.2964951860013,3.52784297000049,2.03083829753495,45.5904280393053,1
34.8654883107684,42.2841813038613,3.48010207614994,2.12948284941833,47.6665708476558,1
49.9238520127548,10.2756563874164,3.01145135146875,1.38841114185123,112.279315561193,3
24.031122092788,77.2580266631544,3.85752628223711,2.00578480933956,19.9123720636271,1
40.1766104667324,13.7206003489911,3.11032354809439,1.93876105140147,78.0902860413396,1
22.8483642589916,42.4292374325812,3.42918745629826,2.13799976231623,47.3616928146525,1
24.8530524295707,27.195611245278,3.32360126311439,1.92000121767584,66.5217354094364,1
49.6499387488398,30.1007943079906,3.30553886247784,1.35762912896001,89.3833238152544,3
44.1999520238417,67.2420772586432,3.74541033879237,1.68659999085386,33.9538530720885,1
27.3392086600131,51.7786723813415,3.57952468677981,1.94386031306295,43.5328338424303,1
45.3890133710238,19.0087050479941,3.17928775757838,1.62550112790079,87.0093898989264,1
21.0680077710478,46.9134439833377,3.48075747690822,1.98499509069053,46.9562807630989,1
36.068211535455,33.9540868796304,3.37563439360611,2.0780962978864,55.8633759829093,1
22.744242668246,70.4497198248126,3.79362395255827,2.0360742856462,25.4978955837426,1
49.1271699992626,22.6095202432549,3.19442436337686,1.44873623948659,92.9468841094156,3
37.4930281017406,84.4988137358345,3.89071938356098,1.24761860247956,21.502570340916,2
36.6722382391268,52.622966489163,3.55899399636068,1.96649683987841,42.2905003533993,1
29.539192190722,50.0619572923089,3.57921104859293,1.99521917425342,43.9505349868708,1
45.4971362644785,25.368580688768,3.28195678585569,1.62494855132813,80.2033917123584,1
35.9046354039715,18.6155669736664,3.13157489593835,2.00829535306533,71.1715056972929,1
20.5129467245518,47.1819062737597,3.50673965214693,1.99010184306034,46.6018738381291,1
25.5468467164198,98.1824417825257,4.07507416495991,0.30975873760985,9.09388556672574,0
33.0040492949681,13.2906237661827,3.07200788439412,2.00135603725868,76.0847334085623,1
22.3992923331534,28.3462432428057,3.27920476969243,2.04693780687295,61.5071947962471,1
28.4197266015638,80.0641174283456,3.88630586102905,1.95800029796207,17.8708084184038,2
27.5118585907428,66.4776898510755,3.72922305272702,1.9915828016601,29.5555772800392,1
20.018259269276,27.8758408693437,3.27878337371194,1.94003785708686,65.2366918412422,1
40.7865595768808,31.4647606775112,3.32929001051131,1.96855779244045,61.1146389974461,1
43.2166890944347,41.9948254401929,3.45863076329314,1.78702200314412,56.8361805296579,1
44.6104789406402,60.2786762242296,3.68868916831398,1.69821591302762,40.8979132746614,1
45.548888431598,71.9338767221075,3.77435905898077,1.60594046514126,30.507752521101,1
24.5457464294253,85.7300333451231,3.92760969902916,1.12831059264431,21.7989553341239,2
46.7010991535897,68.111147045841,3.73213157106059,1.58642059547832,35.0765172939591,1
39.746386694436,23.6982064471698,3.21669885084618,1.97971558230766,67.6662432866301,1
40.8840098844257,92.572053533626,4.00792356215953,0.527734043017381,23.1426619238897,2
36.9221499262666,78.1195400675766,3.83214315610175,2.07432710321167,18.5399074459005,1
48.1904599504132,30.7381480427844,3.30950722517898,1.4283697508092,84.3302789811196,3
27.5554113050336,30.4965641642063,3.33251690524466,2.08024072842766,58.7286604912349,1
43.6065285116821,88.1168318428905,3.98416101652519,0.858771219959025,23.5369499088688,2
34.8577539910643,12.6078480397198,3.07943149220364,2.00916713388807,76.3929605031541,1
46.727006202386,63.3460834235726,3.67919869772336,1.65438123928344,38.7102652369651,1
28.2859606938257,27.7712732473424,3.29278367988757,2.01059440245862,63.0942741568447,1
20.4574072757256,82.7200325139306,3.91645803853102,1.42146935075515,21.1380151811945,2
21.9467301390329,36.4523447555888,3.38278917083622,2.01752838417288,55.3248895229559,1
46.989052586641,73.3366094468834,3.81543380838101,1.55545106724485,29.894466405615,1
39.234506697365,19.2417890413739,3.17227978400318,1.9754500761648,71.769125013822,1
41.908061651206,48.1445897540739,3.55203174744389,1.79457179727409,50.6023883595122,1
35.1308511361401,80.3594626431027,3.89526211848558,1.75399662208847,19.5970251881555,2
36.7272380123755,39.6988211672374,3.41129800200999,1.96430926722061,53.8855297273898,1
30.9168344796633,16.157403985609,3.11578661820085,1.95221529893905,75.3748475030994,1
43.4790694481825,64.8982222648647,3.72143913996297,1.88827119266784,32.5977088047613,1
42.7059575362257,75.3325805894392,3.81098253723953,1.8888158741956,22.9012747058465,1
41.0001841084339,28.0192635373094,3.29606628803112,1.95849101669289,64.5087902091696,1
48.8567724482556,45.1361861232402,3.46590236885482,1.46873460075359,65.0244387196855,3
43.0651511324818,90.0448912386065,4.00496595798659,0.732683597234063,22.8945589684429,2
49.3376777343156,87.1985631190918,3.94357585348689,0.690684643960923,31.1098475896719,2
37.7082934908099,70.7187609784182,3.78577483399227,1.95311864629911,26.3120860744946,1
38.5777727205959,59.0900599490407,3.6262264974506,1.97465443813585,36.3705977201358,1
39.1715965126097,81.7382270397126,3.90202848036786,1.66644572777977,19.1507315358211,2
29.7911416085361,90.7644646099839,3.96204158802699,0.670111394425925,23.0852668499734,2
20.9908705418461,0.250755966792315,3,2.0396484127154,85.9228940941597,1
43.6452913584115,39.7227766233762,3.41635143401723,1.77957678901168,59.3027867043138,1
41.3056355175569,56.1409683718482,3.59842693913567,1.96926978436692,39.0964384956736,1
22.3709507500063,73.3923136284877,3.79407190514665,2.05549208318073,22.7470983392964,1
24.4574550931091,8.74727621850435,3.03595608629105,1.96033018793188,81.7054351532515,1
40.5902073258873,39.9754987680864,3.42525504710194,1.99873326822008,52.7370272613926,1
36.0511213194121,27.9621179449849,3.29854652333826,1.98838335119956,63.6132490106532,1
25.7364332827699,42.3510053105183,3.47078085931492,2.03035917815407,49.8799397386475,1
21.6786005265488,49.7978632673288,3.53584831354859,1.95533707715847,45.061674243241,1
38.3423690092208,66.0015223526051,3.72383947887279,2.07029905367702,28.862560523801,1
21.6083488063639,49.6236138970279,3.58667240017712,2.00539492475862,44.1168234352814,1
26.4072593585682,62.046820060519,3.69088861524197,1.97238045952058,33.7798575779656,1
35.0798801093609,58.2439861889223,3.6368594324939,1.99744988966363,36.7094819948379,1
22.8209332886121,42.8332398038856,3.4746129804432,2.01054866996137,49.9382372535441,1
32.2671833214507,0.497636471126539,3,2.00861427310361,87.0023377822748,1
20.603473942492,19.4516413859602,3.17377362589886,2.10235570730119,67.3620280390684,1
23.5839123741752,32.0206654286289,3.32955913553679,2.04229189771798,58.482663132198,1
48.201875414515,14.6978125854931,3.13201655656535,1.38426818021564,107.053854686386,3
36.7658326699414,59.8663881606436,3.65121052526514,1.9901645284046,35.4091546564303,1
40.5938412796411,61.1499476659602,3.6701162572664,1.99157257419191,34.253053300812,1
31.3331060942221,50.009325959693,3.53131808599966,2.06165307523703,42.6126878168434,1
42.8936423205614,32.0848901600865,3.37749516210578,1.74823665052195,67.9817073444483,1
46.8916710452085,65.3258052024454,3.71303920005048,1.64321001079906,36.8610805733095,1
47.3057648880173,19.0283482679044,3.17450393834908,1.51997812613276,92.8350342541318,1
34.8945844439498,0.588098144462823,3,2.07855725432094,84.067000301128,1
42.8783069588356,73.4942018683961,3.80776054883673,1.90106376881019,24.4535506217626,1
41.2688609963454,44.3503841903935,3.47121153955213,1.91518514635919,50.9719446245921,1
48.5389056145775,69.7841656049848,3.75676153017324,1.46590501946244,35.8785683883507,3
27.2466347044156,18.5043349636976,3.164369790412,2.02247561639372,70.7811449770401,1
36.8401912334906,6.26198019839155,3.01070855114156,1.97390527323674,83.3677533598473,1
21.3131980270343,37.8108586783021,3.38838132689961,2.09546852900619,52.1752954497583,1
47.6953387705261,69.5996510445494,3.771179263692,1.4574137703518,36.3010005587518,3
48.3576973627582,10.2818367454316,3.03674366553538,1.5761738506675,99.3083819371062,1
35.027190346686,19.5834233674992,3.16948314004176,1.99284659952391,70.8569297235709,1
37.5835234455759,45.395265040652,3.47786011107364,2.00434520861557,47.844209685218,1
43.1582553517064,62.1149189693646,3.6548687238178,1.73706901056438,38.1592123482726,1
27.4799355283237,75.0124248068985,3.79106351649732,2.06743983441158,21.2415175234868,1
31.3697142813858,10.9735021285657,3.05470958024563,2.09185851844243,74.8171248421743,1
28.6581678859699,62.4623607155641,3.69219148590922,2.00457099642963,32.8865494691601,1
36.1641189564474,38.7360522144481,3.40484066906261,1.97514983698677,54.4528133177901,1
48.4687047144204,67.0090368747807,3.7376475251438,1.46468314604914,39.2053835023448,3
31.5620209864957,20.3560377661902,3.19221426742233,1.97448335040773,70.8126999374855,1
21.3502929744122,52.7918797530731,3.61024546433169,1.98366598307665,41.7839591907388,1
40.4755589812846,17.2162554955933,3.13593471241667,2.0251480198092,71.8072825097234,1
34.8509198053963,1.86810059963753,3,2.0008228082765,86.130024596858,1
28.8953600269617,48.6950246423957,3.5381565669531,2.07481101280619,43.4621973846627,1
32.4766582012763,18.4177776560893,3.16642952839076,1.98493216532865,72.1635849690952,1
45.8753089064531,63.8343330003388,3.70855210870848,1.66909158038549,37.8677909554957,1
44.6305314064956,53.6574819340433,3.63002361136163,1.74146216074944,46.5633795378773,1
25.1253902030149,77.4945379997746,3.83391533428439,1.96607720559198,20.0933929950917,1
40.5539983473819,39.2959902634203,3.46658134238933,1.94754882003341,54.7006493308212,1
49.9299008381776,98.9452130836253,4.07872281936615,0.209591564119182,7.31386035565775,0
43.5307789412252,51.5214696162074,3.56821872467087,1.83747387303501,46.2318212386763,1
41.7513906630611,47.8823401185472,3.50987419701479,1.94290757382072,47.0728241585047,1
29.30059937631,74.944247075217,3.83288573307197,1.91706145761485,22.927781483399,1
24.7841237175323,57.2688293292415,3.65497520229848,1.97351441746172,38.011148595545,1
45.9296646207027,36.2465317300025,3.40643383749291,1.60788192512522,69.2185861651926,1
38.3103865524988,48.9244785460142,3.53579789030025,2.01154761239781,44.5955931671366,1
31.7027119560133,18.913837493885,3.16507564651707,2.00530744612244,71.0137516342712,1
42.6677220446264,39.3583414296862,3.42402847614551,1.84104483206348,57.7220505700316,1
41.5588365716391,2.99617525240485,3,1.96322248724136,86.7300487910446,1
39.4199937643221,46.2529060342203,3.49307453289659,1.99351570747488,47.3423173526513,1
26.2179008469002,27.4474112803571,3.28658409861928,1.92961876343962,65.9696008682231,1
46.565834533841,52.6715860358616,3.58290205371023,1.6178010873802,51.0799194100949,1
41.5701788728549,2.92721214031125,3,1.87883463833367,90.5889051735359,1
29.0789169024386,55.5086766522174,3.60105876976237,1.97140644805893,39.6181490876861,1
21.9079549663011,29.2997883628357,3.31317660642407,1.99987672961682,62.0819677145583,1
47.3838924648761,57.7490681013547,3.61873587355782,1.60999818930079,45.8143134780136,1
43.8155017535489,73.2769853261367,3.78509090854769,1.79924688164388,26.011360024679,1
34.9575092891479,44.0337826796438,3.45238747834975,2.03728441573398,48.2632795115356,1
32.417755826245,66.3156822881966,3.7156232586262,1.94463407433073,30.3974411454844,1
38.4668742196727,23.8909954870212,3.22664975733087,2.04743528712782,65.3160595533612,1
31.9554552830924,99.859908858648,4.07240559879246,0.320646766770585,0.680335233005525,0
21.1675412007648,24.2878521619768,3.24059632302674,2.05551085746239,64.7262708835859,1
29.0590499631607,94.0828414381525,4.05679525095714,0.444407833970915,21.5427116633271,2
27.3883567437061,21.7219750391018,3.20361403324641,1.91034734636161,71.8752445535364,1
49.1690776301638,49.7564384605067,3.54365650235893,1.52382750755003,57.4639916618771,1
43.0249414729806,82.1176964892736,3.85303173340003,1.44250805388646,21.5664808209848,2
32.1108984150679,71.6588046794734,3.79350636436439,1.98659705919455,25.0487210254165,1
42.0988162612176,70.5580412120669,3.77317759185095,1.87240514742333,27.5673033279751,1
29.0796504542177,44.0440559975718,3.45847466441996,1.88738245640281,51.9880310010558,1
35.8188748229652,75.4175025455159,3.86460966633173,1.96482797055437,21.9614260198584,1
26.2142971948597,91.9953577014859,4.01754842623834,0.646667059346183,20.681839257403,2
27.6278085075717,44.1351745315838,3.49463080362523,2.05436766582896,47.7847514367399,1
33.0206920645812,52.7965484154701,3.57690342979525,2.10929578561832,39.3490384309825,1
22.4727757689335,6.60355840166373,3,1.92129858110601,85.2806350536123,1
45.5986387018686,39.0773073670693,3.43835495469092,1.64467114541089,64.7092192702006,1
47.4898764887593,46.7238566333246,3.48644168835532,1.57620334417445,58.9699058260752,1
26.3932358765464,89.5137710803573,3.99391148013738,0.747057604357088,23.6811140777983,2
34.2116603528214,11.0557440255441,3.06815332848606,2.00483336331774,77.9136953935396,1
45.2437910502748,73.1137603198967,3.81586727540778,1.68617025445646,27.874703704872,1
28.6483692037657,54.5471168548719,3.57329950708437,1.95363448190032,40.8333907208633,1
38.3212646615197,60.6535430516543,3.65223522495085,2.03519157460894,33.965043485419,1
33.2614403586693,2.97829441295603,3,2.02273000807392,84.2555805032043,1
31.924744351159,14.674737976078,3.08938247922286,1.95975852793857,76.4198631367888,1
43.6812266392672,28.3983225466185,3.28172063606521,1.83976391330737,68.2005929463019,1
33.935378420185,0.487204795360607,3,2.00285712779783,87.2554786900844,1
33.9440755524582,66.9157797797137,3.71995158880301,2.02264078190172,28.7322322886433,1
49.7608551297634,87.0257948922598,3.96583732470069,0.641191668765287,33.787399717433,2
48.8668938634006,54.6968309271241,3.58236507873585,1.49394461517641,52.816469923605,3
27.0524266394668,54.3164047519204,3.61489919660449,2.1061878417881,38.1369701901067,1
26.8086130136417,61.5725928613037,3.69264325441649,2.08223438564995,32.4398355617781,1
39.8821405263135,30.2181500415804,3.30832672959706,2.01853580333127,60.7228212936276,1
32.3583930560966,36.6731981660942,3.41956876632742,2.03031014227342,54.7938699065617,1
41.5626212165425,57.4939727277767,3.65738534319609,1.85319525168742,40.2012610225701,1
42.0036006967733,80.9216583717345,3.91646709585679,1.70256077696945,19.5947640630535,2
43.4988458359616,20.1596634408171,3.2218312909319,1.82422196480651,76.6785410186813,1
27.8994346339651,32.7524055848289,3.3893321161112,2.02777534645145,58.2573424764314,1
49.950746459152,74.2921250389697,3.88395835209394,1.3809421137458,32.3382577711141,3
34.8110131031133,34.0920249132342,3.36914801203855,1.95817236566579,59.075783127235,1
22.5177954307313,4.7610928706555,3,1.97208356295208,84.7789062597126,1
23.3604704973368,15.6356928676252,3.13720183227177,2.0528277065163,72.2150237833085,1
36.8449917243934,19.3864859659547,3.21502709884613,2.08762017732576,67.8812479412559,1
35.3032682727849,49.5112362561178,3.51459064188316,2.01442145355429,44.0219096650643,1
48.0450651965364,63.5124961091338,3.70155786715313,1.51608456439012,41.9373950148956,1
47.024781825062,88.0219977218583,3.94664373625173,0.654472488924604,30.6050334677619,2
33.9621094356122,90.2536556422245,4.01241687569921,0.633553890658523,25.6650135179464,2
26.1943139968435,30.7160768485095,3.30680132379616,1.95570901977768,62.1780429977356,1
36.9325281774899,75.3380073125586,3.79655478184623,1.95810655173132,22.1061909285251,1
29.2620014533227,28.2428030558973,3.31119366989952,2.08922046834945,60.3785147021536,1
39.5175690186783,36.8576869765276,3.39477474124365,1.93322426573602,57.308780154558,1
35.4531202064229,29.272656209313,3.30495271329716,1.94980387076041,63.6608522888938,1
45.295402743223,41.3690736199101,3.43811499163133,1.7094101047231,59.9835519875972,1
23.9522124479961,21.4715695668381,3.17990086725918,1.93833888443091,71.0900822221499,1
27.5302033175831,31.8986006470189,3.29049113683751,2.09651463759086,57.1077022670325,1
37.9259430273651,12.1919813890088,3.07626011460143,1.89467530266742,81.2754876266432,1
38.7564434380093,96.3018239595535,4.08602427735401,0.316505398646475,18.1626707202334,2
32.3778225613706,50.3983009398783,3.54654711542644,2.04653075820937,42.5860951281608,1
47.0177652310621,92.3100682588664,4.00599189431595,0.475381911001349,26.3463146412077,2
44.3082507512734,74.6160140773421,3.79258750940531,1.75053032775056,25.376509329819,1
36.2254964844616,45.7705287680419,3.49842656433374,2.05316214360307,46.4125167498009,1
32.150880811636,75.4622225308132,3.81568980220554,2.04283432955716,21.1043936066751,1
31.9153443269821,62.8023078606926,3.69858981790295,2.03273607054304,32.1480224007911,1
23.4196654217935,30.3758434151869,3.36395056269266,2.01615618594577,60.6553767353736,1
48.1173484066086,52.1659313413272,3.53645560220852,1.53830120376827,54.209694849651,1
27.036065410306,71.2312195647429,3.75677564576797,1.96354933813577,25.7176736634655,1
24.5845048299846,30.5313531448307,3.31986412690407,2.00726938926945,60.7813274195018,1
35.3004741936657,1.25228368864733,3,2.01612077648954,86.0287991791243,1
33.6513360638157,26.8262829135936,3.2847144089031,2.06746551110496,62.2029922399065,1
22.2208091147832,79.6745475590084,3.87509556515368,1.95891296075857,18.2117469041416,1
37.2671861743729,92.9993088963501,4.04606456077331,0.598858333177757,19.4206398257316,2
40.9560584412848,62.5331154903255,3.6728486084272,1.88838222808681,34.7921019601887,1
34.7164620404505,13.2807484580411,3.08837981200376,1.92665614420943,78.969047415152,1
22.1868095686173,75.7570359247421,3.83564859371067,2.0948698193089,20.3449808201062,1
25.3899196561655,52.6905346047344,3.58545185770991,1.98489629595573,41.8483427783147,1
23.4780637805626,75.3869071621213,3.81513379943938,2.07572162031053,20.8416599261524,1
37.5038772241307,85.8611703070013,3.94627987107054,1.17219780177604,20.8230561455889,2
22.5526340892167,94.7541551101824,3.99593894127284,0.371031512532398,22.4271117971129,2
31.5216462219917,65.4537534622831,3.73825049436363,2.0438845676049,29.6975510159182,1
24.4146918632332,85.4258209842647,3.93400778206292,1.22041459171919,20.649575657678,2
32.3445870756678,74.2588057696547,3.80965129698829,1.98207476307799,22.8014000550054,1
38.7582487658055,72.7101188403677,3.77934940903054,1.98876963623504,24.0938383691305,1
30.7861898510737,85.8790756266965,3.92681946662145,1.21170604690591,20.1454720251823,2
46.879530432449,92.3003040753665,4.0028515172443,0.345408389153601,35.0509828433518,2
32.5244104287472,90.2076001524845,3.99002037837606,0.768260748659227,21.5412015722492,2
48.00965708928,39.5750261565181,3.41738299526332,1.46851706911912,71.6257690678189,3
44.6137049868009,8.40212797987252,3,1.73618625779595,92.3062580493016,1
23.4992746267404,82.9573718458149,3.91781581729035,1.53904013845737,19.3051955926764,2
23.1189686479332,53.8931553307634,3.56932815898134,2.06298676695736,39.2772551643247,1
23.9843041515377,54.2076154739123,3.57949156017834,1.96645854394178,40.876760097349,1
39.1540510257366,82.517533056642,3.92773628735099,1.54746850723004,19.6989426430758,2
40.5377640556483,3.19841843757739,3,1.97932716711527,85.8623733205377,1
43.7003025144429,87.7960418725157,3.97757327816035,0.802752604716317,25.7602550938904,2
36.2697759181123,3.46340013377203,3,1.9807362560751,85.5679211120481,1
40.2607360760078,69.3194558378388,3.76746174207977,2.03755333294898,26.4544041200023,1
40.602550137786,58.7484479350409,3.65777994933961,1.968515967403,36.7858342049478,1
30.1468960441845,64.1749180833597,3.73041540146925,1.96249931514862,32.0423201958657,1
39.5154893818037,37.4080187738256,3.41943103486011,1.97352422352066,55.6778934976578,1
32.1228805559015,27.5462026650104,3.28285774367977,2.04025599613564,62.3927573675614,1
39.2049349146513,50.9408581438762,3.57259919275083,1.92770103248399,44.6510639831693,1
48.0386065500459,88.5823117149721,3.9527898004836,0.649137320078887,29.3959974997918,2
32.8991207681427,56.5289670365568,3.6191413270283,2.00758814641922,38.028922100067,1
35.1850263564691,66.3148891464317,3.7493179998284,2.09282228931055,28.2959533503507,1
29.9619440603894,44.1379230953501,3.45649484892575,2.00549534535792,48.9184948316488,1
37.3616161094214,97.2139087121452,4.06920104595751,0.33658484450809,12.9724803995353,2
45.9026090969127,74.252245235171,3.81853843741056,1.68545406545688,26.7053790124321,1
28.5094806803167,35.4902510850773,3.35318177229147,2.01589478787584,56.2069030467196,1
45.0317096659859,65.3531032663659,3.66805411265282,1.71637329384798,35.3064747625813,1
35.5843161416872,54.261641187172,3.60049538414759,2.05314592580646,39.1456650025466,1
26.7822878017039,88.4056212378686,3.96790242897508,0.768230710579764,25.5061090985561,2
32.5834168540708,27.5054051065412,3.26020554830987,1.95579303729227,65.0566974668443,1
25.0098402154584,10.8067485172337,3.05679539490919,2.04715639269814,76.555021470012,1
47.3718357418982,19.127205174117,3.18534305352336,1.57788500463038,89.4234115263211,1
21.7384144239865,38.7046232605086,3.45207704143197,1.98263719657731,54.2800644979185,1
38.1201029863404,85.4059794934314,3.92379081162514,1.18955014594913,21.1925568301305,2
23.1185500382733,27.0844913835917,3.28408640678029,1.99298681456036,64.243153491805,1
29.4043421280345,62.6358803208684,3.68602703654025,1.91471992104848,34.2315536692608,1
24.288249797343,62.3551801045558,3.66826520912943,1.94204873547673,34.0155713085922,1
34.9853146263178,40.8047135347929,3.42532323924017,2.04651260642286,50.8232172374935,1
39.0829332374718,5.03351296594517,3,2.00386354622103,83.2283512582012,1
44.8776641305952,74.4833873032493,3.79105676628935,1.78782149304225,24.9914929322766,1
33.5003880464338,29.5725534423881,3.27466133477659,2.11555539223479,58.538980004053,1
43.0834735150005,39.845819654904,3.44293385705235,1.89855207061757,55.5681966388793,1
37.8601344103655,37.7239567530509,3.37807473728436,1.99485436349117,54.8190031749381,1
49.1679299913802,66.3602631671094,3.72750055540244,1.45478052269219,40.2394404938676,3
23.5914738595231,8.63332868151641,3.03256848339592,2.01229388989073,79.7461550846103,1
44.4895304779347,54.9889920471981,3.60238826192608,1.67636916260275,46.9307585365429,1
45.0546861473818,1.54218223432558,3,1.61087263838877,106.705395634755,1
43.7471534818235,98.3038983539417,4.03478557832533,0.235964486217435,10.6760912982167,0
33.644746179884,59.8427222388015,3.65009356342619,1.97864152230004,35.631282893295,1
35.8162821835715,38.4114227996227,3.43801451964808,2.0084568341654,53.8556053839367,1
49.5615385226384,14.6747930727483,3.09585196165027,1.43802202339674,103.2144484787,3
48.3390744030123,69.6878326436805,3.75152182020158,1.51472855622445,34.8698827182066,1
42.890052609974,90.5808416706552,4.02201993817086,0.665381708876775,23.6999140213424,2
33.8078400217666,31.8108752344617,3.28615180447473,2.04775370298172,58.5104077773799,1
36.2070668084994,76.649214465623,3.833738791667,1.99777819886505,20.5253742740176,1
44.1368099373801,28.7498102041188,3.29698393418174,1.7432487496952,71.5184335995691,1
28.3060876866466,95.7225342374393,4.05949390215541,0.373942662282657,18.1615087548696,2
27.6959935341138,70.2315754794807,3.76271645591336,1.89405204477885,27.5626181309514,1
26.4158403618762,62.5015593193321,3.68415829854006,1.97220274930406,33.3780543263683,1
36.5361848232825,93.0734733150148,4.00760925125642,0.527443028589312,21.5913041039425,2
48.5418680851637,26.9042387251919,3.27423860311582,1.45779619230224,87.2613758851306,3
27.13210083469,92.3615746340761,3.99535345150145,0.601015020766833,21.11958283615,2
44.0479806427922,67.8082934123982,3.75313828671208,1.79101482998471,31.4745274801315,1
20.9123005484608,77.1362507201462,3.83288099143508,2.06854066819033,19.4259894660845,1
35.1866003416303,57.1635336434951,3.6462691976888,1.92552056796533,39.0305424767726,1
28.5207607611582,83.3904677499233,3.92799505039098,1.40466696878325,20.552579175662,2
28.4816518961798,69.8281799291863,3.73746341118046,1.91376975531839,27.6556230588547,1
31.7592167217649,14.6608701776909,3.08196103986232,1.95252853172282,76.7082372344537,1
36.0637208304101,61.2461128628075,3.65702006639626,1.87190061708615,36.2958397675667,1
43.1865609027658,27.9320335616332,3.29177342203045,1.83474341602896,68.8275860182481,1
48.8497476349176,91.58787230673,4.01156529577331,0.45877655315532,29.7612571844746,2
24.5115691343249,19.8232290210154,3.17890340888747,1.9146691681018,73.4567377069432,1
31.8437042433197,28.5716495371303,3.29944716000997,2.08355970088019,60.2612763918085,1
24.8822078052564,4.76547049696789,3,1.92252976216555,86.9047232611896,1
45.0992646443458,44.7579144050638,3.43428173785791,1.75284668997638,55.1548584933684,1
22.544072499245,55.7587815171112,3.59887276344998,1.99732456123376,38.8967117266501,1
45.688571649631,57.3561082577095,3.6250555976983,1.63931980734777,45.4378175181846,1
42.225354713764,90.5377379959673,4.01540345244316,0.722814501697744,22.039016568455,2
45.7500952521739,34.7413932800605,3.39345318055716,1.66541436695257,68.476453479032,1
46.6976062946636,44.7528379591255,3.48651035963858,1.65768825038688,58.2336334814299,1
24.5232993810445,85.1237662501497,3.89934210950872,1.22171082063791,21.0560611069572,2
36.700581328758,57.6829303232025,3.63617217364475,1.97220568367551,37.6671502968924,1
29.0755282998946,65.3992934877734,3.70738397814921,2.06948605979972,29.3850820268632,1
28.1366958836937,27.8359330394316,3.29943731839463,2.01618810961409,62.867131954062,1
20.4930312677832,48.7471301625849,3.51625751344622,1.99292519035539,45.1583671016844,1
35.455423135346,62.0952387580472,3.67522123027801,1.95179011283375,34.0837782133564,1
20.5714819885271,13.339403014524,3.1110219588096,1.96784301927566,77.3048612224809,1
46.9468573342886,3.29087165925345,3,1.53200471379867,110.035342812194,1
28.009450743028,11.3411001130826,3.02301981302545,2.07021377980932,75.268834358205,1
34.8012021664891,47.7461076339653,3.52991148845089,2.03671858760672,45.0741210709861,1
39.0925257191322,2.40267346308085,3,2.04199961170502,83.9747707330001,1
20.044992705259,62.6208929137222,3.71575294840913,1.94922684787368,33.6542062882257,1
23.3971683814462,9.75826179760845,3.00781811553084,2.04633754369455,77.4851975784547,1
33.9962428968765,25.0961537716246,3.28338031669118,1.9488740773607,67.4514341539215,1
38.698334046248,42.6492945856218,3.46729319581801,2.07572251330993,48.5629093635278,1
44.5901318704344,11.5826746706249,3.03856552445671,1.83064770766916,84.6257302438233,1
32.4441684324607,27.0551993797466,3.30861693786293,1.96164130875358,65.270404094958,1
47.8056240444417,2.10796728355113,3,1.53814222805816,110.950805146121,1
37.9214973712231,98.5045553610469,4.08183934148042,0.306564469319947,7.54926691167352,0
20.0549239135819,61.1573608121411,3.6743470249491,1.9987861360234,34.1259389200336,1
40.4011377680755,37.8353838835249,3.40602653040368,1.91337790243759,56.9917329061983,1
26.3832093511398,2.65283511104492,3,2.02633370743356,84.391490718852,1
20.4576749669498,38.9838748374984,3.43025234393235,1.92940604739512,55.4858491197583,1
42.0724469490648,45.2558626386434,3.46347313277575,1.81814725565962,52.7471519988121,1
36.5573114694047,93.1003193764503,4.02397738799056,0.545203798841154,20.8658364522702,2
43.5086326781139,27.8504171838057,3.25035794588602,1.70816849101578,73.8662134674694,1
22.6450721885823,61.4781891083299,3.67076425027079,1.86786171860919,36.1544625100971,1
30.6709905020725,66.5168354582193,3.72166563272405,1.98868856551024,29.5629735678244,1
28.9910491628484,18.5960969796339,3.18794137845374,1.92418905554006,74.2213746071929,1
37.0700899315393,50.5763348986432,3.56602383268039,1.96511636075261,44.1476228942017,1
35.3045961571285,78.6500762859935,3.84168161312484,1.97845126452471,18.9454207539052,1
43.4637875006486,9.65790344284135,3.00542908348206,1.77356289432244,89.1747547118777,1
25.6117372492421,60.6035298168962,3.66715761339861,1.91590422046083,36.0717707360961,1
37.2948651968372,2.60599326883932,3,1.94651356520396,87.8076739229068,1
39.3313222504027,0.704672381007565,3,2.03994434114251,85.5197845204235,1
33.7960396185884,5.95286071400714,3,2.0876119271257,79.1934441264147,1
36.7393168990984,48.1400459149036,3.5161398180491,1.9456323090491,46.7761104738042,1
49.2297819001589,92.5704108690231,4.037478338363,0.479555898628001,25.2537276431186,2
42.5501725265664,40.5557384139024,3.41670410899085,1.86188328295636,55.9655873393699,1
31.4295908300248,7.50326393365408,3,2.08565865428187,77.9591460393785,1
33.0204885640537,86.1352474483029,3.92500989534963,1.1677002077107,20.4948265878787,2
41.384944522895,51.929758547044,3.54964385605273,1.90289379634181,44.3067793944572,1
22.811362812229,31.8935868917424,3.35190324701557,1.96379697274238,60.8758207774634,1
39.1342466791881,96.3032338784676,4.05333082972649,0.396846575401778,14.8914177372297,2
23.4307548763142,93.8261768502378,4.04973050260043,0.514048705714725,19.7019894859796,2
23.0554396369704,26.0018971956692,3.24305863632881,1.99493165791877,65.1349811774913,1
40.0000633750107,20.139185371372,3.19742210655063,2.01415421119843,69.6408560715386,1
25.0129963261091,58.8908703306077,3.62386320305458,1.99891208677366,36.1149870131448,1
42.9415540699779,84.2518209841559,3.9328685732592,1.12602057837166,24.1039338510291,2
42.5177123323228,33.6721089745055,3.33508826710244,1.83435372018145,63.3587009525971,1
29.3606081503612,58.6429421464262,3.65538526208069,1.98549627818127,36.5722624670913,1
37.1259379886613,16.2244999478808,3.10249794498539,2.09098074282404,70.4330950192989,1
39.3542193501968,19.4593735238142,3.19770356587614,2.04842256761581,69.0867177538269,1
44.3439382810254,76.1335215992096,3.82435390127828,1.55875355534639,26.7036930415193,1
26.0439895904096,15.009846135205,3.12822909909361,2.0766250561978,71.9366474643859,1
40.2872814916771,26.5907041047827,3.26087635237355,2.0858403333349,61.8663907358061,1
44.6867175044687,68.9494863177669,3.76104269036902,1.69061859613528,32.1098055324209,1
32.4315703665569,1.50893076329791,3,2.02363416502821,85.4943112029849,1
34.8109041505498,3.21944038685705,3,1.97734457290721,85.9276758532701,1
35.4274818826678,28.7525940024029,3.29335992040601,1.99849749625663,62.6045826416811,1
48.1798588315301,33.6623180512299,3.30255791042427,1.46900681654169,78.6091452700923,3
21.5495228408579,36.2216105530011,3.40449182974102,2.07187524688371,54.1036053713338,1
37.1465847228231,80.719057551352,3.88509835719097,1.88577778375958,17.9285539377163,2
34.6928027704075,3.59809676586419,3,2.06779538120318,81.9358788679863,1
30.3148430056917,35.8395244625325,3.37162149076422,2.0313162062054,55.4883758763391,1
40.0975015955431,63.8278133266824,3.6930458179024,2.11106637096507,30.1286146907628,1
43.0832003198533,14.3004109518323,3.09882787257608,1.88985737643228,79.5209287862237,1
36.2017873087645,85.7738614511441,3.98523293467421,1.17728890094068,20.8647282382441,2
21.2491414135043,64.5564408273433,3.72971854254412,2.03316671038009,30.6256845373367,1
27.0524259542027,11.5293425480027,3.08415811684373,2.02429784383534,76.7716091914504,1
20.613192539915,20.8097409998947,3.19181714760733,1.99608972976683,69.6657942838281,1
29.8333487707688,74.5498330748165,3.77862302812673,1.94587654398776,22.9524719869705,1
34.0416823362692,40.3406628334173,3.44773245656304,1.98370649645678,52.8034930738251,1
43.5370733926867,48.4470060948507,3.54176729149239,1.88958283920703,47.842962493526,1
35.9681886748549,88.7455078072727,3.9642494487267,0.904599507611588,21.2215549928314,2
34.3227950203698,13.7443549624231,3.07835667342312,2.05699315756069,73.6880233856035,1
40.9384916203569,96.4372797386118,4.06127057400057,0.494055974965469,11.7871997838198,2
20.5225155590664,4.26296817965799,3,1.96879152914031,85.3612940163265,1
40.8497229480209,9.94402572548848,3.07852346180945,1.97811041903112,79.9269863085465,1
29.3587876038588,22.3238430940443,3.23716627131373,2.01395832463121,67.7422023313881,1
36.7937287839933,80.6585082260514,3.86360166653244,1.75874448085853,19.2479842020486,2
38.204199362286,45.5872807369502,3.48775110711968,2.07951467301436,45.9930593175252,1
25.4642797145011,65.3251142261319,3.72411013229721,1.96874553720851,30.9176135587989,1
27.5081777077749,17.4321137519837,3.13994859777497,2.03392627318467,71.3183557205717,1
37.3645417566144,16.6721932926528,3.13452063873601,2.00314937405984,73.0536481993216,1
27.8786801523829,52.0848340553789,3.58590410450399,2.03005410092941,41.4639689716632,1
27.1825114810015,74.0293635280222,3.80662714305429,2.03928856364269,22.3746716767818,1
30.7709405077095,46.2474465215028,3.51444632662514,1.99503411209958,47.3119718095849,1
47.1323299475539,86.9614085121113,3.93929779281522,0.803073781947871,27.5116469112561,2
46.0763091654663,66.041193467064,3.73483109877648,1.66299713888243,35.683569091752,1
35.4210733561276,24.9090088451933,3.26319061651742,1.89372131892532,69.5386641915232,1
21.5524304332108,23.4902220802105,3.23362763448777,1.9674636608028,68.2627414467629,1
44.0101372073091,37.404671686707,3.37106094088791,1.84785539144142,59.3678482944655,1
25.4356756375825,75.6616056296217,3.8091726072104,2.01139848206442,21.2521306520064,1
40.0622376322553,93.7937664309782,4.04242204953508,0.498761478299956,20.357151268794,2
45.061151442985,86.1905999318833,3.96827234187898,0.855798776695818,27.4419890621661,2
48.9438967031191,26.1610792682922,3.2710460851361,1.49958823482525,85.7712096220597,3
23.8053772606461,41.227892797857,3.4259113811105,2.04440547257348,50.5106553383234,1
35.6993396510924,61.1544099450321,3.68722531624889,2.01095106784474,33.9270850190849,1
45.5183313398688,54.6834455815808,3.58446512095847,1.67797780366244,47.2053505434315,1
36.1282776210935,38.9274945408966,3.4214306521801,2.08225490566791,51.5559887019941,1
41.90139428259,10.1420776881277,3.03778236826531,1.85447224769378,84.9286516814484,1
43.5637893866988,71.2244804397256,3.78761935729565,1.76332048697166,28.5641372171314,1
45.097866343088,8.81351639254339,3.00113229631826,1.71669750102783,92.905361782609,1
39.995972814496,86.607742937372,3.99229880135348,1.10372910398625,20.8940405762857,2
46.9321756918774,86.3448440332635,3.99579015427444,0.836105225204909,27.7385574996941,2
39.4337370203007,70.8450791515373,3.75392287656169,2.06968264891423,24.7578841833301,1
48.3391217106413,48.6424573807686,3.53310587551656,1.59770082103636,56.1045886087937,1
38.8789514571073,69.9146565412916,3.7582250414221,2.01262713969897,26.2546813155859,1
46.1728587167075,39.4987060101765,3.42858638779396,1.6032130672324,65.8731359799814,1
37.8696608128449,79.7495984293349,3.85467877746551,2.01037406246244,17.6913131898164,1
30.3304695287189,78.6417082279848,3.87510865110086,2.00336552959075,18.7228842773501,1
44.4037245893116,15.5528583873622,3.07765114559625,1.74888473364214,84.4994968604736,1
32.9714308396329,31.7817550350598,3.30906765520391,1.9311423478724,61.9808269046205,1
23.7963698131388,34.398317678599,3.35179413801712,1.98890483839286,57.9149286200131,1
49.0570619799661,36.4170298653526,3.35741130127643,1.41335241946723,78.2103782519003,3
45.5769057169465,56.6645556687899,3.58985019698966,1.73273791664284,43.7550573575453,1
36.8377827076418,4.16874425202878,3,1.91448388214677,87.8074195029004,1
40.1183689268804,65.9969718963899,3.75130298729378,1.9100534396235,31.2264193155136,1
49.9317266572749,20.1631759056634,3.15440758893423,1.34859881441062,102.750182460554,3
24.8392616085748,41.6462556173108,3.43674190075176,2.06457791440897,49.6726742358881,1
36.0361988031301,45.08926565007,3.49438930923405,1.97590837475888,48.7876564712052,1
31.7293612346484,34.8726769547646,3.37306689535702,1.98154007209437,57.7045873186095,1
36.2344270999422,38.3280310128013,3.42535584169588,2.00130698903371,54.1164948837082,1
23.1013355982538,18.0306060847759,3.14388119459801,2.00006522674888,71.9708364018199,1
33.2222677432824,6.81300573940744,3,1.90928626505347,85.6110680000552,1
33.8439241234269,55.1256648935852,3.63074096604565,1.97840765093116,39.8212869856148,1
37.8767493257299,59.5866945616651,3.64557625667041,2.01133566968368,35.2897157211497,1
39.8712554325458,14.5499789221709,3.1173698517094,1.97184605555602,76.0740599005664,1
37.7044812059302,23.0941708322124,3.22828826729986,1.94771202599331,69.2945182793235,1
41.8814828028844,28.6377131537382,3.31806052065987,1.8673178592335,66.9957334954484,1
37.4270787158863,83.0751366904426,3.89608691961557,1.36699668639799,21.4995237812764,2
33.2930932583964,15.3420941162412,3.0855665673391,1.96661401085941,75.564401402639,1
34.9036533361967,55.2138807553481,3.60153402727176,2.04734263132322,38.4367405861165,1
32.9026645108972,56.8139717692192,3.64450394561376,2.07876964150416,36.5163281643189,1
26.3022155931456,34.3420093108672,3.3443443393353,2.06720414993616,55.820967120248,1
26.8040334846632,35.0617189306954,3.35108866654595,2.05647808930262,55.4902073362872,1
33.7216602827111,95.9112017519202,4.04050952403021,0.477639554694413,13.9486071145786,2
33.0065813789844,55.3343949459521,3.5975178201178,2.02531226087468,38.7402371262438,1
43.3785127720566,65.2731200900955,3.70337371836713,1.73146384669675,35.0882135238015,1
32.6257512886274,49.0740116444413,3.49608265312659,2.02005694143162,44.2822500218812,1
40.2010499760305,64.664998167179,3.69893117223207,2.00805096034198,30.9044841574326,1
24.981160517837,60.5250785507062,3.64167432185585,1.95278771103553,35.4779781287905,1
44.7217695317896,14.5173292920096,3.06835348042552,1.71398884909135,87.227766407731,1
40.5622032842059,33.4680532884593,3.34217487947722,1.95954485143805,59.5943424676856,1
43.6715719578022,46.0433993458933,3.49944415306969,1.86104007865305,50.8214779283154,1
30.784534628731,12.7821661606385,3.08616171705254,1.94679054007476,78.6222178841918,1
39.8764700131834,36.3073323604498,3.37425664333422,1.97891904778936,56.5063460151875,1
26.512713916157,22.8141634292922,3.2172481311096,2.08963917797995,64.9336146286324,1
26.6301736270385,84.7502602270402,3.95450300444123,1.21911165163305,21.6289335583726,2
27.2737031725301,34.1474080021299,3.39331161413568,1.91221137171003,60.4087140178305,1
27.9376495107211,22.6789320666265,3.18288228054137,2.02679896998146,67.0155967389154,1
32.2523586679534,40.8181402852282,3.43642959147145,2.04024651953472,50.9640114173241,1
44.860863446537,68.3064047622247,3.77806929274442,1.72704289255383,32.1030357044504,1
48.4225866257811,6.56219989614248,3,1.48863037615036,109.310229925233,3
38.9737399019762,18.072921360299,3.17061895299009,1.99875651156721,71.9796328743111,1
24.0421740944067,69.4306938923729,3.72655833985523,2.04088516600713,26.3164863801714,1
32.5998035805013,75.2256604804093,3.84377101954792,2.02016750921139,21.5411607692804,1
48.0855616672953,61.7754279610068,3.65527315746086,1.48498450573727,44.824054844215,3
29.6163282598517,87.9198560536595,3.96208039169764,0.937202060489461,22.0261484185232,2
38.5784295814336,16.8800190077594,3.12376843960576,1.90906693497048,76.3710331256687,1
48.0540094182854,70.3547732201428,3.79288042887653,1.58325737910013,32.671769242606,1
33.8204700813755,91.7260159080009,4.00828049356874,0.479782246580427,28.1118732493002,2
35.0119716235053,15.0739659103058,3.09326578528665,1.95760605478661,76.1438535199567,1
47.56081129261,24.3763977396181,3.23545265905851,1.59905690302673,82.5456561376651,1
47.8947071302903,54.6684572090804,3.58978133713083,1.46159625047554,53.9805367987551,3
47.1346062016872,34.4119336975997,3.3724469002116,1.57101039474807,72.8302049924046,1
35.4090359203353,69.0639080782394,3.77853210028699,2.04764503696049,26.5464196649101,1
39.1943375178561,5.75676184251075,3,2.05725834179505,80.5016761917174,1
37.6701852763445,16.076414232346,3.13099166012667,2.06567697152701,71.4014740505241,1
24.7548445978346,71.6238306479622,3.77641957099008,1.94447296614142,25.6093242178577,1
38.7034701314441,97.0618698433944,4.06176905291984,0.398279438277547,11.7976285109372,2
29.5743296863469,92.9550376512341,4.03713850776537,0.554396842046072,20.9811358127713,2
23.9220650180045,90.1066993422814,4.00578350857887,0.701303321656597,23.7027318668413,2
26.4500901370713,12.7743313903593,3.12274299746725,1.9042023883576,80.3428572356358,1
29.4098089154756,14.5928918071603,3.13341770842196,1.92380614644054,77.8864707784731,1
48.5435540233016,7.22647568148727,3,1.45910211263697,110.656755679392,3
49.7230148509522,54.2540233144791,3.63388052386613,1.4309634522153,55.6008035922596,3
46.0065909137464,88.2486172902371,3.98189505926953,0.703442905334851,28.0744416435541,2
33.8558293702235,53.1791900066888,3.55653538562457,1.94679269737589,42.2064133641487,1
33.9685175773465,78.171528539594,3.86536871477294,2.01908229316546,18.9896983597591,1
42.9418552094499,18.8453786911262,3.16579138820359,1.89117427123541,75.2525522930021,1
22.9522423134877,86.3111260166335,3.97763324309417,1.11133533384801,21.2169323122348,2
49.8211210896141,18.7424770725351,3.18077419781951,1.37758374883421,102.455314014942,3
40.7664464965427,5.47641260665233,3,1.97428919702926,84.0504694476057,1
28.978570731163,42.1491010428098,3.4671547279411,1.91317260157593,53.0425180339981,1
47.2654457759156,55.5104430008438,3.57415720941243,1.57319373915565,49.335578783182,1
36.5773654028524,97.0742009521394,4.04606514000936,0.421369860124538,11.1726241570846,2
22.5556993237915,9.17538334411915,3.01673166888716,1.88948916580247,84.2924584798817,1
23.2473722962656,27.3918093229555,3.25756061784785,1.93968049374291,65.6862966841586,1
20.9499456579323,10.5107069082049,3.04364143717403,1.97712696429001,79.4625745712228,1
26.4858420866913,39.0439636737616,3.41116072455365,1.96892351485996,54.3462219245288,1
21.5424183491545,28.901108318777,3.29379403983184,2.04808406987904,60.9975581357805,1
35.308173957854,51.3300349467907,3.50554886696353,1.93552780486491,44.122241391496,1
22.488211664655,34.8256681750747,3.40899573621207,2.00397238408884,57.1155669831009,1
33.2936684906496,92.8228018250101,4.0356849670803,0.457462491848085,25.4579538833173,2
27.0860222222646,78.994779638304,3.85433137598218,1.9090315613419,19.3000446736825,1
36.791620928873,86.1011368613975,3.92014625835214,1.08845217201719,21.9754103548819,2
33.1690337432571,12.9500945942896,3.04401353905312,1.91043742866034,79.9259529733385,1
45.1262138828008,57.5070166988714,3.58725888648142,1.67999900146098,44.2123780865988,1
30.0963426358971,21.4782535884859,3.19608627905121,1.96132681228029,70.2715951867046,1
26.9069494076353,86.8238571440889,3.96723502320129,1.05177144660207,21.5262949623397,2
48.2034750003678,1.50194217534241,3,1.56956821367113,109.471464423533,1
33.9909108920323,10.5744215130052,3.03898879672882,2.08338590834115,75.4509723942784,1
20.8447327769737,37.6057075547316,3.42443727092641,1.92342999882445,56.9109248711051,1
22.3830915147395,40.2093906093193,3.41110417435126,1.99212501455755,52.7015222555035,1
36.667153026959,27.7220082978683,3.26072964187167,1.99494850497106,63.6203722233477,1
26.3231420713035,9.60629987599392,3.01576791098864,1.87822234743702,84.3827271473554,1
24.4470684576099,11.8730405112594,3.05562549086464,1.95556720277472,79.0940971014431,1
25.8659712540993,31.7944753847334,3.31858795293447,2.02908760323274,59.0499140664331,1
42.3424684867705,95.0792834077721,4.0475552381795,0.336551072705759,22.9136341648505,2
48.4704188261339,20.7406564819324,3.16242043216631,1.46317899476343,94.2828434879421,3
23.8813390385808,74.7280321059223,3.80420735182551,2.01702943144319,22.0072058565607,1
46.3934074222954,25.8188664007484,3.27203435158095,1.60880692903503,80.4952271065859,1
41.3575946843821,3.72402556107848,3,1.87962255773491,89.8086277523014,1
36.7052995245802,1.60522091670621,3,2.05493283573478,84.1407380526248,1
22.0105591555326,15.2705931181176,3.0864376754203,1.95919159764289,75.9076100887098,1
43.6322335084898,46.2084192997742,3.46758839580542,1.79927243617129,52.3583455669038,1
44.3684046288024,75.5901097537805,3.82304329447998,1.64431773051148,25.9324456398925,1
42.6374560003775,72.8814931945154,3.81305911075869,1.92758258480483,24.6833242894328,1
36.5146868485239,35.2389442483037,3.34730686007911,1.99515635159937,56.9980384442941,1
38.9481437971041,47.9139278762914,3.48809087837658,1.90169917423754,48.0375926066076,1
33.0998868224894,81.4073753375665,3.88495876008334,1.85019394214767,17.6122677007143,2
29.235410267281,83.8402906378979,3.90262612058837,1.38377179583651,20.2873825083252,2
26.2313380778608,31.9916700417985,3.35354056066088,2.08146435778356,57.4323438615028,1
43.1228266824709,0.426501840710714,3,1.78229562457236,97.8184384021282,1
48.043274530443,4.69308432262326,3,1.4976835115225,110.844657155078,3
38.6454714181311,73.7807377603984,3.78747182338606,1.96733886885591,23.3945187691983,1
36.0274228594087,27.2632281072508,3.26513611187492,2.00566594173719,63.6904016108309,1
46.4981140101604,48.1485812186652,3.50204682516095,1.60993425841646,56.2266567685876,1
21.3440891888545,19.2031266031144,3.14735937390693,2.0033604552952,70.8274924353143,1
29.0802662280983,84.7112916082194,3.93803354524635,1.2536739479833,21.1093234990054,2
31.4741333318826,50.3377609636553,3.54003141874051,1.96686990452748,44.3221598303157,1
20.9329847205902,52.7160175722261,3.6041748659172,1.9446094516641,42.6705931323973,1
35.5979886385556,28.8079588085755,3.2827638520099,2.03657832762243,61.4142648987355,1
48.2172924480731,51.1999230663923,3.58327096343782,1.45578369926827,58.3351636248813,3
43.9173505816187,0.196364538252003,3,1.69919556285109,102.702377965293,1
36.0528308506568,27.729504034321,3.28080985524706,2.00227250317572,63.3867542136455,1
40.2962311973545,34.8762983538436,3.34841648707979,1.98123795093458,57.7099610162102,1
43.5570445753739,28.3950886289036,3.27482898308055,1.84346971507786,68.0701885230173,1
27.8327990608052,8.59522275774178,3,2.01688179372062,79.6023263332806,1
28.2699080423317,52.1781209234058,3.56229549990233,1.96146407599821,42.7943920873414,1
38.1567136014339,78.8479133373515,3.86185254713367,2.02903390149828,18.3131963193717,1
40.2254334735568,94.2598435608172,4.0362662882312,0.567483632481087,16.7328833462571,2
20.1084042040314,49.7289792116663,3.53637323419048,1.90876674898925,46.1963311689326,1
45.6710293694983,59.3753858355443,3.66364200640075,1.63270168018642,43.4564880733459,1
24.3473613942155,29.0859937810471,3.28165580692627,2.01029119122944,61.954937116411,1
35.370565202235,14.9159508920189,3.08797418579324,1.89859866346748,78.5956037359882,1
36.8654116612423,13.1871690728441,3.1061337497838,2.06949323802423,73.7266309066158,1
20.2157344817626,73.2360775869558,3.80681188070111,2.01695637696663,23.3072458036967,1
32.8655161377116,73.4469435349934,3.78138979775987,1.97305974734841,23.625353477403,1
36.0122829940837,17.9350016636635,3.15254507536454,1.99077156522107,72.3829161101645,1
40.7212010113154,41.3560379775792,3.43071251459653,1.82847645843868,56.1940135933852,1
47.0952165340073,59.4144327891539,3.63538795592519,1.64492917550585,43.1015183615092,1
22.0568337949794,12.5281946186149,3.0807097478281,2.11207060212512,72.823361795741,1
28.4929614380152,78.5368949868866,3.84701002667939,1.940062663105,19.4132525270968,1
35.8379693885451,61.9992203320239,3.67474904641227,1.94963623792751,34.2069232918335,1
28.7070489406064,61.5221691508454,3.685674113311,2.01323903532534,33.5686240627747,1
32.6039385967079,70.1208091918632,3.79139941280759,2.0213129958636,25.9654352394107,1
49.4615885977377,98.7183082066374,4.08878052692191,0.0811205318790219,17.5948434237681,0
21.7080008238493,56.2394455957178,3.59121476597899,1.98457060904284,38.7152933290257,1
47.867396366144,86.4416261698348,3.9246811910692,0.786393727032783,29.1789286618368,2
40.0393464187551,41.8708675057166,3.4377835096624,1.94611767172989,52.4179711304459,1
34.957416388002,65.4469351227434,3.71736402132685,1.99809111607573,30.3675536165755,1
33.940912603046,92.5261187858766,3.97911992537867,0.635962535239003,19.6118381024042,2
36.7680341251976,66.4150815644075,3.72028738711385,1.93556657567394,30.446147676286,1
28.7476147170294,30.3080675943066,3.33960382305736,2.01927246099655,60.622987400042,1
25.1540144217184,61.994569386163,3.68965106405178,2.08314746404513,32.0698762077985,1
38.592219672462,35.1318320358193,3.38776527274639,1.99036407278343,57.2264057640653,1
49.654318874151,32.236667513442,3.35822667816609,1.36618228198829,86.1287420603481,3
35.4866199357434,61.020505874637,3.66922996242979,1.97143697477059,34.7095112542978,1
40.1302505007324,16.0323231988387,3.13089536108004,1.9002633179459,77.4981597876124,1
35.5859773902972,48.6738935757753,3.52285221549535,2.04819573084554,44.0316364223913,1
26.0009258267362,94.5634284986391,4.07025400448103,0.538428076381136,16.6304584965301,2
37.3608760258609,38.3914241978538,3.42271295381134,2.02127748084182,53.5396331344232,1
48.7363867992698,18.8962593245811,3.15865277616038,1.52450179664386,92.7193182801903,1
40.7727246174565,46.8838949642181,3.46575507885754,1.9126643822008,48.7138758574697,1
20.82010817207,84.0907831453532,3.90964589094209,1.33412350908833,20.6893316603126,2
30.893564219815,84.2667722595033,3.92410396238618,1.24419126063508,21.8822447611006,2
39.0165605784505,82.7803239459222,3.89766267215349,1.49366035004485,20.0791689029516,2
37.0121932378535,1.14755126058134,3,1.98937047677077,87.2496732485323,1
23.6400113303493,26.7040309928295,3.24309886447715,2.02992637822192,63.4314491100849,1
48.0941984965885,99.9875787574262,4.07710672325847,0.249743833755096,0.0745911478900016,0
31.8151739972802,11.9683277192487,3.04639363116623,1.93010154957387,80.0246887031897,1
41.8778816604026,49.0089496087633,3.56697359602998,1.88624877380412,47.4029432302233,1
43.570617661231,79.0026150602685,3.86557730519064,1.84526449876903,19.9419621462147,1
26.3897816558327,12.2213910093856,3.07106289729434,1.94411142676151,79.2340358029562,1
39.8787302786771,66.2409180691248,3.73285717422667,2.12349072125227,27.9579511802859,1
35.7010129897686,48.8080445521324,3.50694850628701,1.98752451406532,45.2242508838878,1
25.3489169057663,19.4289982086187,3.15379109011609,1.98613336432998,71.2270648696974,1
41.5532257449237,87.863002658272,3.99464936122224,0.869659511759432,23.7550908088961,2
36.2172953140205,18.148739755773,3.14461207708666,2.1040171147534,68.3988383520695,1
26.4228136968329,63.9052859294775,3.67592899703194,1.92669803487901,32.8681893645517,1
32.5418543449169,74.0826878197929,3.78854438507075,2.04933513214054,22.2218745402531,1
40.4228455606742,56.2672886593228,3.63738314688712,2.01137793973146,38.1875050159282,1
49.8128457110544,62.8841568597191,3.66752053308985,1.45681629057564,44.3375334275045,3
36.4531349249174,11.8965396622004,3.0495003853322,2.01449757254607,76.8158949261735,1
43.8176011093298,30.8036987054531,3.30317938828537,1.84293446353256,65.7990779552637,1
29.917345170617,58.6962207229679,3.62048103404132,2.00101793230639,36.2487336300635,1
35.3468311618704,39.5463716307511,3.42222933188429,2.02869905597238,52.3483814321287,1
45.0507500109933,66.3946081432801,3.73495137510338,1.70114978066078,34.5428506516848,1
49.1137397077931,85.1954644804298,3.94048593351458,0.946610804010001,26.7387869246487,2
25.3541601816618,19.0222089312184,3.17126954880388,2.02578356971062,70.2192781803966,1
45.5392276520975,90.3272700870335,4.00285896662277,0.623801325094983,25.8398331895316,2
49.6519091300795,38.3175850431093,3.40883004619043,1.57532778575061,68.311357189484,1
33.5138604776421,94.3124330728255,4.04470689576433,0.552438183767393,16.9936447336264,2
29.2388043182091,61.7382313024965,3.66893187859256,1.97904644350253,33.9426354069161,1
47.3737881379482,79.00955211459,3.90713989492339,1.50224648296285,24.3407259146241,1
26.5957169059701,51.4775428373226,3.57982633446212,2.00018768591546,42.601184024681,1
49.6479112297428,53.1144694393309,3.58910267479016,1.46019087889146,55.8829722711296,3
32.0462483092102,32.7593898765972,3.37433299620614,2.04158515769642,57.86668440286,1
22.7670088310622,12.9364707227355,3.09763736387709,1.9563158935387,78.1105075246483,1
24.103246305328,38.3821911860424,3.41481908457777,2.02393762583022,53.4789737568526,1
34.312169838454,21.4976480791678,3.19676478883076,2.02696277215289,68.0340713623038,1
21.8284332157669,3.28652558819166,3,1.88901179145036,89.7798841187252,1
27.5565630472506,27.4886829825259,3.29753073274592,2.03239263317226,62.6780793171661,1
43.850067792623,18.0576052666857,3.15278033191681,1.78956392259371,80.1800408827335,1
43.5599577756908,87.5530315038123,3.98087834514543,0.819889483266228,25.7556203680198,2
44.3245950109966,8.1236562431405,3.00178832389423,1.72843808752071,92.9902592183556,1
21.3878843467456,18.3895599081883,3.13845754943889,1.99027031556072,71.9996713400644,1
42.9934699992408,70.4030695536334,3.77726999154828,1.83828492565086,28.2131547415161,1
44.2053964051491,91.9225891020273,4.04883159890284,0.531800961892521,24.9902295951115,2
20.4814903191219,25.1458452231934,3.23422675201727,2.04122590519295,64.4299012668457,1
31.739838030732,2.13011314613816,3,2.05258812791184,83.7852140409012,1
45.9673121518829,96.05044727551,4.06293451970143,0.410104644980835,15.4512565383429,2
48.7542390484933,68.2220640473951,3.71419871060494,1.53349645569372,36.1227740731695,1
47.5877582395153,31.0662696063856,3.30277081823188,1.57320112654783,76.4419841011304,1
36.4096380287866,47.237344221524,3.50539461936083,1.97487587724159,46.9030133988433,1
29.2976381864902,59.9255873878763,3.67494511848693,2.01854587722288,34.8718118829764,1
37.6779498832374,37.3868572065342,3.4009610202638,1.96000898953735,56.071220385029,1
37.8797146362954,87.4487796621177,3.93870092620275,0.945571861006254,22.692682962487,2
39.9365555417008,72.6172588307627,3.78841871276246,2.01643024786666,23.8522128465318,1
37.7244507397552,95.4340704624211,4.11582899710109,0.460285344334525,16.1060341216739,2
46.0416634612232,35.1065522848212,3.39647083902587,1.67706260684629,67.6340309982276,1
31.2193349728932,93.7174088721781,4.02492233620192,0.575010641119732,18.0935543910412,2
27.3204960597648,47.9100574225744,3.53202081268557,1.89887175613615,48.1108602165076,1
20.6145971731802,64.2322638648471,3.68756767549735,2.00168216221697,31.3800676483469,1
26.9806582754553,73.6647204754887,3.8118851875968,2.04451211732379,22.6322410608389,1
24.8480494743418,80.933796900568,3.90267375567478,1.82587385313263,18.2950284858792,2
27.1448118818486,39.6259367282694,3.43568555117864,1.95848528867812,54.1070997640406,1
46.428894991557,44.7945978514771,3.45663632306539,1.59537130466085,60.3934951252987,1
41.9479829714948,81.7277026112751,3.89466306287612,1.6015999877705,19.9141048336428,2
27.3016724456937,71.7557203090955,3.79124485978616,2.01169895714432,24.6591304067237,1
43.7916281602104,94.0849209374644,4.03970344022485,0.431565628071686,22.109431595436,2
36.3236255955375,97.9597871417841,4.10227309276353,0.328208504995826,9.70994331507462,2
32.1945873342492,17.8913336365847,3.12478930217587,2.10966789288171,68.4344106523433,1
26.1740678880238,22.7919411812755,3.22120077221126,2.02788762787904,66.8825898037418,1
29.3219564082751,71.5986447279047,3.80879591631472,1.91863403896922,25.9684829571164,1
22.37739554089,74.7382734654243,3.78968595879774,2.03417884794553,21.8172772490514,1
27.0087052785791,60.3179554232525,3.66213005428788,1.96419724011863,35.4621080872588,1
39.9725418887524,87.7299764221511,3.95847333425881,0.867306094940731,24.0770693249945,2
30.5306046201731,25.1990462110738,3.24944114351076,1.9845573002463,66.1774022308281,1
44.5916058635308,33.9487394296792,3.33207675102446,1.84970353688232,62.5846437185122,1
39.834647024232,49.4646848106909,3.53333597808976,2.01309570978464,44.0908130967184,1
38.7305330823247,31.5027088968568,3.30762373854878,1.97659001693987,60.8387108172141,1
32.608335193595,54.5439089341804,3.60475836113548,2.03723293905624,39.2006864147474,1
39.3500684859356,68.2478079297944,3.7234439075042,2.00997510005954,27.7449692108988,1
46.2449196421913,22.0366901153695,3.25442561632453,1.61848107694364,84.1088099419155,1
29.3381796061501,48.5337453968381,3.52318674394587,1.87935707916385,48.0156106332789,1
30.2825608169312,99.2981357637478,4.10574787641318,0.379822962273592,2.93924647155014,0
45.46037469555,32.4161303181235,3.34502800490641,1.6007475744724,73.6944686811119,1
35.8968233853649,3.5361919491314,3,1.99573904533858,84.8763457329553,1
47.7106426162181,81.7351729284013,3.86371520000759,1.29874688057144,24.3757292064678,2
25.6265884320317,50.3306783599662,3.49934761292182,2.04877142669481,42.5986259460648,1
26.4461978397139,5.27838561185705,3,2.01375794034179,82.6157479837099,1
45.8737623719616,89.0305027224241,3.98326758893661,0.707132700332113,26.078777327905,2
22.9847114286251,40.4514379980358,3.41860183753325,1.98698577338041,52.6205990264018,1
34.1498712587156,92.9273182140397,3.97711602766295,0.492392983117791,23.4715927583521,2
45.1821067782536,40.2078173800562,3.45077218884553,1.56231834764942,66.7522818138277,1
40.8120981073178,7.68322847746808,3,1.89263520267739,85.5385450194341,1
33.867244535058,24.5301144119993,3.24607684554636,2.0121898702936,65.8745327068553,1
24.9559548245093,35.0260505707203,3.37139858272012,2.08027238271742,54.9005422600071,1
36.5244767551193,75.0728292355225,3.82579110331614,2.0281422692682,21.5908737527675,1
49.6393600663322,18.4748152349284,3.14941367900916,1.41825847803261,99.9451627711763,3
44.154726339969,43.0973653725874,3.44570872294389,1.78695646205033,55.7578497070205,1
21.6478650217178,87.3245419815969,3.94726685173819,0.967133095349655,22.4315033474379,2
41.3278512858406,53.3761091372783,3.60427978631063,1.86801149628157,43.7552140410001,1
49.2984882370404,10.3154719749057,3.06547267565617,1.49128427693063,104.738725270495,3
25.8012177066227,2.45224870546322,3,1.94759146099221,87.8988300455352,1
48.6922311896459,70.5809801161049,3.79158889509541,1.53153931866856,33.4827184920015,1
27.0003664181947,97.9127490958217,4.08029689991822,0.42851904253211,7.85141508191666,2
44.5819346737774,78.5165262952307,3.90093294747405,1.70389696157857,22.0481895548643,1
24.4825605257399,76.4726196845418,3.86239169825795,1.99095291431834,20.7497606979184,1
35.4231421441149,67.544751567802,3.73936379109721,2.03099328228771,28.0728667772218,1
30.9204404940281,79.5502710298665,3.86074215485854,2.00886632927122,17.878534231637,1
40.1206258084894,4.00177856726437,3,2.02083827540167,83.4429229126586,1
25.3735127090512,26.4681631716854,3.25423553997611,1.98572780949154,65.0171922168832,1
37.3924502255692,69.5397535971552,3.76316578939457,1.89564876943691,28.1800314560312,1
20.072710629615,86.6988329607744,3.95480791770093,1.07036018493684,21.3700031405131,2
32.7696270569691,67.4606871816824,3.74121639882427,2.02454877300601,28.2330132870788,1
35.4737962700465,17.6276127983432,3.11488454932909,2.07702663138158,69.7077764685416,1
45.1338979945163,93.6308459945693,4.01739512979354,0.368220663899759,27.412507796418,2
42.7291299133669,90.3378700110853,3.98625207907989,0.60869711912753,26.4033855242644,2
22.7567491731626,8.66787661401064,3,1.96114570096946,81.7433674822932,1
38.7510100212322,19.3000037574253,3.12805998684316,2.04935104480099,69.192807747122,1
39.8000865860642,27.5193030610527,3.30264714761598,1.96558367474663,64.728275052389,1
42.0208620809908,73.8411870604607,3.79941084675509,1.88274042596766,24.3622281908842,1
36.6458010408604,85.9373328300857,3.91620432248053,1.0527832796549,22.9535588477248,2
23.2206652970187,57.8322387451551,3.64805410275205,1.99933805602918,37.0373106747401,1
39.2104334194162,19.9645570651662,3.1798976580689,2.02578230669553,69.4021703615145,1
40.115925589702,41.5089887621362,3.47396282982008,1.82459344799713,56.1635486033748,1
27.5032097465596,13.7859200264107,3.10614572010275,1.97348614452533,76.6920714393445,1
48.4482578034596,91.7396186858424,3.96238489416382,0.528362530937796,25.708246247167,2
33.5794734521277,76.4530940410474,3.84064025182666,1.89554159899489,21.785414790417,1
46.0014691664873,51.0213833806078,3.54569419981593,1.69851925334993,50.4206686577802,1
39.5924327786234,45.3575043170838,3.50656971150739,2.00789950870966,47.7946040673874,1
38.4960532798745,9.78420783455699,3.04490208615543,1.976443488941,80.1346925211618,1
36.4820263939141,31.8675356300327,3.32009273191009,2.03872396743888,58.7145251252687,1
39.4270238065143,12.0632795357396,3.05571394893465,2.0811348156966,74.2731504688641,1
45.3300575024935,78.233806336226,3.88344667174185,1.57912736399922,24.0491624292747,1
43.3063647031087,54.4883706676195,3.61013001112799,1.70973582805645,46.5529720382878,1
40.1788239933308,22.7277381415159,3.20591000845777,1.99876903168456,67.8895811066155,1
20.9553600101594,22.4202839255936,3.22413164820699,2.00690893268673,67.8899715562658,1
20.2608431699155,26.0398197515786,3.22940712388321,2.01025519037288,64.617395490247,1
30.7561293498141,30.8872752316256,3.32306146614401,2.0713530244846,58.6431881668061,1
20.9190146359342,38.770513178141,3.40278111852384,1.95461317093891,54.9797227101551,1
35.5354235971647,29.7548932377237,3.2891864461399,2.05376595212953,60.1023094057148,1
20.1066170241056,67.955589453315,3.75620452632957,1.98350113705381,28.3648422580187,1
34.4219119832769,3.50736193050789,3,1.9458645800289,87.0233132362971,1
31.3282583732799,32.8110314931368,3.34142656736213,1.92755514921725,61.1563947332764,1
48.7239211385656,74.5291872858015,3.81114288111849,1.5159161968051,29.2783630306007,1
21.6756064997772,94.2807985075285,4.04584498114688,0.570319440926616,16.5955828678705,2
21.9557291976082,80.2732550157551,3.87224177870746,1.94947484285222,17.7587335487498,2
45.4779964173326,24.0826209571554,3.22679138772629,1.63622686905697,81.0396778658517,1
43.8577363470172,23.2915468383832,3.20543247832404,1.70989478892573,78.4565171507746,1
48.0753845651501,19.0336794717189,3.18221975275846,1.510987450728,93.3635801382885,1
22.3470994578862,88.2497534858609,3.96003500134847,0.928049933125497,21.6251164783183,2
38.6029932344376,23.785568724122,3.18539453718581,2.00291691346899,66.8249043088479,1
35.432146213354,75.8180623413127,3.80818710717018,1.9410973445457,21.8610546113548,1
29.6472213459479,26.1049731404687,3.22821435953231,2.04916543621693,63.3637759331947,1
38.3243435177987,3.30818434075156,3,1.98208539593588,85.6485994804814,1
47.5423336545547,73.3447700068766,3.83628033701602,1.61706907853481,28.780699375572,1
21.8769651944723,72.6201809795201,3.81615010169744,2.09492273191478,22.9768995887642,1
39.791784205515,8.89591109610535,3,2.05174479909679,78.0243919706536,1
28.5551451928588,32.6701257929602,3.36052957947454,2.00747200325437,58.9042151635479,1
32.1634307443277,94.8365290189023,4.04108436050189,0.435706680841819,19.135515595271,2
45.4908360338,16.2948998582184,3.12284513854742,1.72210790959351,85.022576469267,1
23.6518851613392,8.66724726529101,3.00261596647911,1.96884263474082,81.4322781248287,1
45.2891322080414,59.4603888111626,3.6551543371443,1.73126456271424,40.9660090181752,1
32.1272823308995,93.0989865345972,4.02457459030848,0.563870211302009,20.2352614755138,2
49.516624361963,13.3778307743091,3.12127352808232,1.44527913674172,104.274781059275,3
47.5404698451587,51.3012293660018,3.5404220543465,1.48483943382276,57.1120243652271,3
32.2302314821522,68.3999214116958,3.71686623535579,1.97402067120849,28.1025496765238,1
28.937609242747,17.1829759606827,3.13645923190081,2.0227592751166,71.9189367816894,1
26.62839149493,1.12598934921895,3,1.98412821354218,87.4936092949065,1
26.5320781885849,88.7683130479725,3.97813677822978,0.848880269735263,22.4913564067925,2
43.0621419273981,3.52312706533595,3,1.87958254463738,89.9978970917932,1
42.6632744558891,25.7458283807675,3.23053850577094,1.87896051920697,69.2899142225924,1
49.3475969411332,65.1684031740669,3.74118105459736,1.51119153258508,40.1596299865038,1
22.4992931566168,28.5782933355762,3.29612624909523,2.04343436368615,61.4106055704532,1
26.6055014106501,0.970759657481657,3,1.93086940364783,89.9870694596399,1
49.5113280779682,57.5451834464982,3.58136920530445,1.33980194867071,54.9852947532521,3
36.3912313655355,30.7792278334711,3.29983867635132,2.04876679061625,59.3669532302669,1
36.6101124669968,15.1514061852123,3.13079967221523,2.04257660364475,72.9853657928721,1
30.4631298589334,97.128331173258,4.04973089973584,0.357962925089597,12.6702785234721,2
41.1135930783613,16.4972267898952,3.13378953274232,2.05399721009242,71.4378284615627,1
34.9929134401479,72.7235441143277,3.81444045729057,2.0682024723664,23.178908170832,1
34.084797833887,89.0724191493513,3.95256505059932,0.820510438677355,22.595530917531,2
36.4931853374091,85.8715115726945,3.95140373597933,1.14453665944518,21.2896598593816,2
20.7554060441779,18.4257067158447,3.13265402877397,1.92027441895395,74.5245060784152,1
35.9378191811526,23.6808533694239,3.22707111556435,2.01330859676795,66.5796983302573,1
23.9889368250121,1.83626365025724,3,1.96369652491475,87.7464519818931,1
33.7678728266529,93.1405467264854,4.0311043839781,0.480929130316616,23.2554877615458,2
22.4681360719608,88.7121176657306,3.9883871284885,0.867101825548002,22.1547789304028,2
46.6688494736265,59.5466168969543,3.67583715725602,1.65585068107271,42.6860864162462,1
31.3527681425675,10.9367655506854,3.0367506383106,1.98997616142891,78.5861251910285,1
32.9106413126528,17.3542646842502,3.12177181155404,2.05791186695947,70.5733128126129,1
42.2618354487633,57.6960370932608,3.61880356560204,1.95549905870604,37.9691692706459,1
24.6732355815022,25.1656973500145,3.26063703887099,1.97879255161775,66.3950312034432,1
37.2507107576428,30.0171833236048,3.33656605954807,1.94839178314118,63.035222162246,1
35.3314325219766,17.0987348943018,3.11785171633004,1.99332322494583,73.0292081881527,1
31.0491073302432,18.9591719072765,3.14007781104101,2.06819832375598,68.866776510445,1
40.5000654921801,46.3421154390451,3.53433254109901,1.98126490142675,47.5487919580939,1
43.834586083737,50.9873972628436,3.5459765720326,1.71062154844342,50.1088294670026,1
34.0305347958169,51.1579889664733,3.58392856115341,2.08607717409399,41.1575110331102,1
38.8205331739189,99.7138799366921,4.13801900700207,0.239107203903467,1.78140187100357,0
47.3761735045701,12.959581727014,3.08325035753245,1.631406144524,93.1796005394809,1
33.7091558701818,75.6169888387735,3.82931958767959,2.00668759702873,21.3398574258989,1
24.0505984146344,79.3756747224893,3.86292570358817,1.91144587067455,18.9267448337753,1
36.2969928310854,58.4882598770521,3.65165886461414,2.01183057405583,36.240190227814,1
32.9008416677911,46.2738180269325,3.498634305132,2.05385398050394,45.9666537923687,1
43.0493923998221,89.3426637350279,3.98034277021782,0.748240253061767,24.0318691062869,2
43.9302383250291,82.8180219073125,3.91708131857228,1.36953859488274,21.787051566141,2
25.1553791561459,5.02909360287037,3,2.15410399586868,77.5587866249747,1
33.1381680896181,96.2983753087854,4.04267691999945,0.410640909680014,14.4644652790711,2
28.0046298450186,0.73398917536438,3,2.04433803436442,85.3151767062132,1
48.6406767381178,57.3132204683942,3.63176418226866,1.45428570047993,51.0781981989036,3
48.1061640162117,57.2430816927073,3.61830925744786,1.46586113281436,50.7714402639494,3
33.0304625594449,83.4379664790517,3.90983123193479,1.49107012866081,19.3447785297178,2
32.9303206344865,38.4716067925376,3.4165344675095,1.99529284200258,54.1492667939884,1
42.3943145148992,9.10408690459822,3.00914116014296,1.76995825857007,89.899118730488,1
37.8792784872668,58.1687269368925,3.65145192033435,2.01218669726119,36.5128393144982,1
27.7721295978297,2.48458603637313,3,2.05804641023895,83.2655980826496,1
34.4951019569451,36.1795760907161,3.38834543263278,2.06138043203707,54.4083677643433,1
46.7032513004028,98.5316802085323,4.12013547226506,0.294905962874513,7.6628875958386,0
40.4466227545859,86.877886955502,3.97778408308447,1.03464297143136,21.776569896476,2
36.8937958486665,15.2496741761205,3.09457838386577,2.00048065275631,74.3974766491557,1
46.3026177327792,79.8826089056082,3.87481018979696,1.66325756748092,21.1359369759845,1
28.2882914799357,81.0996919421527,3.88816663987631,1.69376188836136,19.5098624021969,2
49.9054242619926,92.8207219127176,4.00894581394244,0.418229541728894,27.5990714071403,2
25.9951949996926,22.4384266043985,3.19651926389052,2.0253611973417,67.2706188642769,1
45.1938058375106,49.896747449996,3.56564124629716,1.687581741459,51.9030860178588,1
42.27025882375,82.7444091411076,3.92721155268928,1.38911274967578,21.5827867225858,2
45.9216175221546,66.7333784998198,3.72758738525157,1.59949785370963,36.3019076173138,1
37.5475272344501,59.393614338377,3.68108337631643,1.98637758013491,35.8928986961638,1
26.9714379163082,65.1975820770742,3.70272524546767,1.99760558018314,30.5939546500276,1
34.5055979394414,23.8516012799013,3.24773090285365,2.03686904871892,65.680746849123,1
45.8712564074767,2.55400848757907,3,1.56994584874054,108.276943243954,1
43.9341351403451,73.6257257446534,3.85698881489134,1.74023262176292,26.5181703665273,1
25.2053161055682,32.6791825330878,3.37296593724918,1.97266764434782,59.9097294995856,1
49.7662978665096,37.6756886920146,3.3826391029376,1.43270944237418,75.6613245645349,3
20.912367235621,61.2616054149554,3.67451674022081,1.95234026429914,34.8238066707842,1
31.7794538983897,65.7165042363517,3.75173170179644,2.01751014952869,29.8476369698279,1
42.6320394598338,20.2898900622842,3.17555522398365,1.76819255493824,78.9125428427254,1
49.2121904869377,82.6031537845419,3.89602522276305,1.09870571603255,27.2605270007529,2
24.2637992640212,38.0206605245479,3.38623435886879,2.03554337813485,53.4934023552111,1
47.7212164595969,63.1744408501391,3.70133096471199,1.47580127562451,43.4434074271033,3
26.570718636593,96.6411415652311,4.08747324993046,0.351845928206239,15.0454309928485,2
36.5791564044269,56.4786235266636,3.60139300774208,1.9506629143191,39.1562602032171,1
32.9842240926309,35.8911141788857,3.34786588507346,2.06827522072751,54.4763935058325,1
44.2416531353427,61.8970108740142,3.67023571929859,1.73539444574239,38.4146935095094,1
24.1570874273618,50.179311806317,3.55596246632934,1.87812551255559,46.5100628380612,1
25.7260976349751,45.2376247777852,3.49228506888446,2.08311707713173,46.2104384502564,1
37.0253751368719,73.2270734756269,3.77196275191574,2.02185413030107,23.2599713652953,1
26.2985505014644,92.4510149984103,4.04750281747341,0.563176661568623,22.160290589176,2
46.3997794566341,47.927141528359,3.49328215940771,1.64296272041444,55.3651560773935,1
37.3505901354384,8.82301510000958,3.01816425901275,1.93532849766866,82.6657014255852,1
47.3526531492457,56.9653556684074,3.66064724290906,1.62766694010792,46.1726686894622,1
42.9302474708195,24.4950855114834,3.26187100681124,1.80887820419583,73.1133679294097,1
34.2482941734077,3.95779114753692,3,1.96052619590793,85.9854381834426,1
40.7722489530497,78.8140206643683,3.82834929471976,2.00642529064777,18.5442004519039,1
21.7940660377395,27.2768236664788,3.31821112818379,1.98948565530807,64.1836911476413,1
38.9377559376907,77.7070492942384,3.84119691099791,1.86181416005279,20.9891275568661,1
49.5214179315062,48.8208943088205,3.53618943372897,1.54062825654887,57.9157259811277,1
23.5815344068959,31.7935891075115,3.309343040499,1.97915535824897,60.503765326487,1
33.5470002185623,31.4025450050897,3.32721930895567,1.96433766246945,61.2982725247094,1
20.5560183410114,4.20247600861144,3,2.00347140552737,83.9727023811247,1
40.6438357527079,53.4399836904551,3.57227028376373,1.89154355679154,43.1656704605053,1
20.5826789433404,82.355155599676,3.89819156101152,1.64032830967814,18.7896752002165,2
33.6581666068559,8.3895352499378,3,1.97294004077047,81.5144459186774,1
26.5745123049705,10.8558705608718,3.04535634562256,2.00038002373979,78.2583868027358,1
44.2164648829082,52.9255926867717,3.60259632768268,1.79457852794846,45.9367448335485,1
39.3691222027552,66.0141809623597,3.6849295550101,1.98530318143714,30.0566887654334,1
39.9880648668219,69.4745992336662,3.74396867883191,2.05894027026586,26.0537115033961,1
36.4967331877415,31.3221695146886,3.33788788478167,2.04544099520177,58.9947868523289,1
27.5133920922412,3.77777758061465,3,1.993780252767,84.7449231004187,1
44.4707307275052,41.4562879692395,3.45113439344988,1.7501342976805,58.5393444206642,1
46.4035986634738,22.6044170875294,3.20242962950883,1.647599860569,82.0641262280455,1
33.1495129698931,0.111483025240666,3,1.97958776893425,88.5890885364276,1
37.5898944516698,68.5716572225737,3.79013718183425,2.0469606959225,26.9776239055738,1
38.729012729161,95.2062539054533,4.06054753045873,0.412590211379444,18.6531032389404,2
41.8281667921313,39.1151760535028,3.42289165733263,2.0124362750398,53.137488139642,1
37.7271124756578,30.0298429371463,3.29612724313448,2.06470529593971,59.5573685633438,1
44.1979272972456,55.3751812610295,3.6060892305412,1.84899837643374,42.2984425510643,1
44.7226423688826,85.1976258064881,3.92895375626837,1.03797350527144,24.4898183818124,2
36.696510963564,79.4967424692923,3.89119031865333,1.96412056784321,18.3235622258671,1
46.488614125701,68.4756704978576,3.75719940252282,1.63022288318392,33.7715868958589,1
26.088159261424,43.2107091299706,3.48350515606958,1.98388040064582,50.2589648504379,1
32.4084630112152,69.0434019854314,3.75738205345074,1.99054446964613,27.3073570584261,1
38.9032954804443,21.6025351251607,3.16815221703329,2.12483037444242,64.8857209431287,1
23.0771809151636,28.3943437846247,3.3078708816761,1.96018882731513,64.1184447133881,1
41.5593086235552,77.7820610900384,3.8195644723487,1.88986854532089,20.6159794355114,1
34.3905001332217,92.9980136346357,4.00912700650182,0.533850698528881,21.5869836062761,2
31.3698151132363,19.004950361669,3.1702565077368,1.96605033244102,72.3152031489575,1
33.5554012200179,29.6063289418233,3.32552440310786,2.05908135277771,60.0776294085762,1
31.0275846592862,0.621026719051609,3,1.98156881410024,88.0512393496907,1
27.1861413167336,43.1562245280402,3.44094484108918,2.0496073694136,48.7323474569935,1
47.4761727721613,21.0295071752601,3.21917092881012,1.6487615923873,83.6767723743802,1
43.9808688473212,64.1424782553621,3.7172040222225,1.70967281570137,36.6792841057912,1
30.0182006416238,70.9589215678108,3.78350249350591,1.92381093646685,26.4837630657329,1
25.0715501476828,11.8777714398485,3.05065521573778,2.04549587759813,75.6956924153361,1
23.4987867842064,8.21440020319316,3.00594197125414,1.94094294492806,82.9828298471013,1
43.8599854423046,90.6335069580336,3.96725008518422,0.596867830292037,26.0635738647384,2
41.0608468545057,38.9238754740964,3.42242886195328,1.90224051485943,56.3132581819932,1
22.2569796542357,53.3403497266014,3.58739588229334,2.01644080342215,40.6434921111842,1
23.4978196899876,96.324156491367,4.06256206594362,0.451063953951624,13.2049377397004,2
47.4141210109171,75.9054012216335,3.85710956369237,1.54435240009427,27.2024414417386,1
46.0931418174143,32.554029759899,3.34240371775742,1.66019813284257,70.9875330236707,1
28.7585733331251,8.58493011202935,3,2.06492197904158,77.8029295780051,1
23.0599990837563,53.6024016688411,3.58856457787716,2.01762158426328,40.3921479789754,1
44.2667414461555,33.6125442937331,3.33309849825145,1.7595256175018,66.0379820630872,1
20.7852099260069,2.16854045261019,3,1.99257391906547,86.2130988463176,1
39.0904308776638,77.1152333253779,3.87727218999301,2.0175378209804,19.92349527845,1
24.8026104437408,38.4909129853983,3.42527767723549,2.02661999624932,53.3156556453531,1
40.7487328610158,57.1321150058736,3.59714795409491,1.9380470645541,38.8130615040215,1
25.0405908846774,75.574285579623,3.83411859201046,2.04491001436597,20.9871954667156,1
30.4714618189218,94.0847419901046,4.03641036459387,0.543345680718495,17.9447913144299,2
23.6626074895584,61.2322338684623,3.67157799691326,1.91741471978734,35.4688710697004,1
28.6126109304623,31.5396178780143,3.29124309096595,2.02979773295958,59.2503231764841,1
23.8729208794275,11.0076507847018,3.06462540594028,2.00463093477332,77.9635047231533,1
33.901585135735,7.39188879112722,3.02770729306693,1.98370927527171,81.9657962929339,1
39.4822319099781,31.9690773872729,3.34663329125881,2.02677228833004,58.9644138604029,1
31.8353170598714,66.0839138956005,3.72742386114082,1.97957759407876,30.0796358641462,1
48.5887550437768,69.515206472769,3.72197734997028,1.44732417092082,36.6471265305697,3
42.6459617222526,20.7718040062988,3.20250858717002,1.87672744344498,74.0170869906098,1
36.3312599221653,8.27959385883474,3.0259862353306,2.0332814806548,79.2484033421186,1
36.9056867581584,30.5510661286031,3.29248208545576,1.97418343316101,61.7572888506942,1
29.6181185992443,54.7574559854573,3.58562232753309,1.9728776515863,40.2577877917213,1
35.3755930084939,75.4669674474865,3.82666649196757,1.96646491293501,21.899443085399,1
42.7343509157442,52.9657320570043,3.55735892804287,1.87718174078616,43.9303053290947,1
20.0542887642736,28.6983752747075,3.29890127857984,1.93318700532143,64.7154928713971,1
34.4177569212685,62.4179723263911,3.68089454880513,2.13545647628434,30.953556177659,1
47.1246962310308,26.4836655176196,3.28653979902765,1.64752287126,77.9544148174345,1
45.4850064202246,65.2692914334523,3.70395695909024,1.67403611290956,36.261001119218,1
26.6298630365492,84.1898007826738,3.9103004878694,1.24844769829154,21.9172159407206,2
42.0870932623293,63.8947820368432,3.70048232942042,1.84968994915382,34.2105259664245,1
37.5462090996119,56.5631468976734,3.61999429140337,1.93888478013109,39.3116465897208,1
35.7660834297048,30.7142109270861,3.31505210763552,2.00394141962052,60.7195605190564,1
39.8433353855086,87.6777039937961,3.95664400373204,0.947483370796339,22.2360928117123,2
38.9620283755406,98.88218847173,4.08971194198943,0.363866316111648,4.86161997861957,0
22.1425219343715,77.7479431209941,3.86380288020906,1.98177255295115,19.7136743106568,1
32.5052670709929,57.3643857570419,3.60844131545571,2.0440512363215,36.6486284128064,1
25.978916624445,14.1279332641002,3.08283273181457,1.99581295534834,75.5541799266302,1
41.017503223902,31.4929022392604,3.30405579859503,1.92233628782046,62.5211718360658,1
28.1993099650843,36.6859318591184,3.41293325949756,1.97665425475628,56.2332338563059,1
33.0925830322258,29.1895221027466,3.28749642209961,2.06967202938211,60.1314063913042,1
44.6487694163383,44.5952814748928,3.44831726744955,1.72259982497097,56.2611436266087,1
43.4918896220455,61.0632516867646,3.68326239659066,1.70276947809727,39.985946720105,1
45.6248044948476,21.2914590515164,3.23386652483922,1.66160777480466,82.7732707181933,1
34.3716153553448,24.9759754286704,3.24293398204354,1.99867059554365,65.9175001203927,1
47.7948421999919,11.2150483221097,3.04837629668283,1.61524836066501,95.9694162115143,1
20.946640641724,30.7588589174802,3.33575395804162,1.9360771342331,62.7538839253902,1
48.1484973903216,49.7448278584643,3.51722076776427,1.52395255416257,57.4727043807835,1
30.4588637774559,48.9807784710088,3.53831447242613,2.12563263785383,42.2105263335151,1
44.3846923007761,99.5577211846396,4.09475372150427,0.250503078624504,2.64923032167491,0
48.4496329076534,98.1108563063627,4.08765550016103,0.171005437293431,15.3863121658511,0
46.7544221504625,43.6562771681143,3.49209625530412,1.57501465721717,62.4109454317621,1
40.9405735212041,97.2020621790317,4.08121685409638,0.315329320343707,13.7856114943216,2
40.1054941838087,21.4397904175814,3.20700843020734,1.97021167004234,69.9968123861942,1
49.2073391831904,54.1120886108953,3.57514872517317,1.41411591230303,56.4150965140888,3
33.9532620514603,45.3435314469732,3.47793502337842,2.10983180456281,45.5506040737104,1
23.1205118506285,96.7608897512546,4.04631997965355,0.429862545202166,12.1501427982576,2
20.7244225092312,83.6176223135358,3.90205127048714,1.42573605127263,19.982082710662,2
46.4390061282396,21.4146924780741,3.21048793905124,1.67037585804969,82.2224706755801,1
20.7857305872888,43.9539102155391,3.46795875100314,2.03888869879984,48.2950392091219,1
48.5248396789397,16.8476971646447,3.1123027870795,1.43332804385212,100.904277866239,3
37.0975292717956,52.908721045525,3.5726808796608,2.00526575907053,41.2425019703479,1
