Irms,Tamb,Tmot,THD,Etat
8.00426405643089,30.8696934833407,61.398841655079,2.23739727937803,0
11.6438939213059,15.7175829793203,79.0760897313732,6.30331097444332,1
3.00137249780814,18.8271775507144,24.5379569779172,3.88583870547404,0
6.62799087158208,34.5491112878603,53.6798428782358,2.39545532638807,0
4.76107068980536,34.2159461204129,44.9899921827429,2.84904609107232,0
4.10806313722557,26.131833182042,33.8560494569747,2.64149572985609,0
5.23512253653205,27.9218144299188,42.454571296652,3.80515380230668,0
7.14672872451657,20.4418602858655,40.0038245432121,3.58565820395613,0
7.76120969076804,34.0418217142568,61.616341225757,2.80157949394559,0
9.46580080804028,28.3954961265448,68.2784641026569,3.43592788718743,0
8.03033417283954,28.3361599027752,60.1995454565691,3.60229560431475,0
11.2226340047611,15.2220666673985,73.4442414722768,6.53208806853872,1
5.45342699677821,32.0593969969939,43.5996832822441,3.42229874620131,0
13.5374092366913,30.566524373604,111.369984701306,10.6866135029251,1
3.32865111837511,28.6984799380961,33.927529677265,3.3228496638351,0
11.0456101221408,29.8156362603917,90.3851706103524,11.7186640019103,1
8.00765762840552,18.1314484919675,45.3090881595556,2.90536347802479,0
9.70427794134902,29.375501056973,74.9744318450686,3.1731519959766,0
4.6846432631428,16.9363682138642,26.9495499742013,3.27857356814386,0
5.37721786901855,29.1389889607727,39.8776103958501,2.684973884219,0
12.6089348241064,15.0526359225101,83.8527231613433,8.6078166746739,1
14.6191389086328,30.5241157492076,124.918104284826,8.43839065642851,1
6.76109013791091,24.8311436956308,41.5762511590128,3.63202605292736,0
11.3078713880318,19.0877373259573,77.2441086992194,10.6744594851872,1
13.5166698275525,29.5849322889079,112.927454142249,10.0149332188128,1
13.7352799620462,21.3130826356632,107.699917206039,10.9726598183648,1
4.02053053643733,32.6763517999502,38.5581805638077,3.65728042370244,0
3.46865739879459,18.6046705046444,23.6046705046444,2.04624498796587,0
5.03796503477483,33.7710130857205,47.1234223370889,3.50676949758611,0
13.537710041153,34.4150029610632,114.660227715624,9.32320670270889,1
4.1801620059966,21.0897048810466,30.6608820670792,3.14015667240878,0
8.05329150006063,32.249727994086,66.8405255041385,2.82426526648669,0
14.494674361806,31.8435823773402,122.28143096819,7.32883792381991,1
9.3979834196762,23.4922542018921,61.7285984871775,3.4395675557024,0
11.3025253674057,22.2736881570557,80.5677296428476,11.1867518690927,1
6.78618757207276,20.6487494647009,42.9925437604123,2.32050409990957,0
11.238011132179,34.8647356893109,89.7839492310973,11.8366770384952,1
13.0155080627685,20.115020539038,97.5679633535149,11.0596235601229,1
3.2194593281303,33.4135119551824,38.6020569677786,2.36478026642622,0
12.0017317793396,23.5667042751944,93.1945051950107,10.8860494901305,1
14.8663330668779,33.7085402468282,135.465300368793,6.75138238471935,1
11.9779878525581,31.7768966839637,94.9832819652103,9.33467034431797,1
6.36532790477286,18.1155465123103,32.7324170430653,3.86075490898979,0
12.4713519414179,26.4856670870177,97.1822850985656,8.30166717310799,1
4.2387120789317,28.4700602937137,33.8659853070221,3.32859013601346,0
8.37472231411086,23.1164081199809,50.5152791267798,2.18311339706729,0
13.9031460371171,15.0975408896445,103.873912512246,6.99353861216487,1
6.52336978048415,21.5066265953792,38.2499156130735,2.69594354381094,0
6.45330406303619,31.778898959465,49.8325607514457,2.11804707498399,0
4.56034286541933,16.2564796043454,26.6563826048367,3.88913069912867,0
3.23240349444356,17.1083949287863,22.1083949287863,2.48398506517265,0
11.1460263952787,29.0357469302383,86.3071024014299,7.72410140252786,1
5.53953739200071,25.2831653551238,40.6131002914307,3.92324159984831,0
6.18655991246671,24.9633364998902,45.5719796772182,3.62218227799434,0
8.89887791136406,22.4721943785281,58.582331873122,3.01818640513633,0
3.64035054140496,27.0702723334264,35.0201051900936,2.0789533473655,0
9.88941126590416,32.0293753375408,78.9850089247206,2.11571429737134,0
4.76074289886972,20.5384611293799,31.5352840682995,2.20388815549596,0
10.0716664428394,31.8952272568727,80.2586477245166,3.05707920205992,0
11.3971003202512,23.3323829714424,80.4650671356349,10.995178123469,1
4.22801314593391,25.0196802478788,32.8496819408782,3.42616525525316,0
7.96867185383482,29.5924675713636,54.1182566787137,3.98225507633761,0
11.3328018927329,20.1744341501321,82.7917910132422,9.11657740409666,1
7.97015123432283,33.4327383731228,62.4073071697824,2.46995352320425,0
3.59944150735305,29.041389284577,35.0807070639666,3.54229568763387,0
9.43075687098614,27.3786084619498,66.3947077000486,2.94710328465404,0
10.9655357426375,20.4601767462384,77.0196009026715,2.83144509383714,0
9.1786693446997,28.9169691271889,63.047450135571,2.50138800101112,0
14.3351370718898,20.1442949690691,111.085215076361,10.2695897471742,1
10.0386604860239,31.3290534065495,70.6667862520836,3.67836776019818,0
13.8408229834546,15.2294491004581,99.5683066062153,6.29116076342513,1
4.64969644975485,18.3307528722308,28.0501377947943,3.03846860100025,0
4.6713161670091,26.1565797752412,35.6898924171446,2.2278790748003,0
12.6886954645143,29.24561999205,99.9199329687892,9.65403773642541,1
7.7721220438264,24.8496130782622,52.6690154162288,2.99226726376973,0
4.98425036540319,32.556190029599,40.5094798269788,2.97725335191145,0
14.1301029647524,34.5173987512583,123.869144007909,9.16450910470357,1
7.17319031694608,24.2855413508849,44.917719434234,3.73809571310531,0
12.0097452376339,30.3597395896561,96.3163740970537,6.53788776656277,1
11.7119758242054,24.8954426766705,83.2093462864402,8.68240632591953,1
13.5996730944697,28.3019755667164,109.31809014906,7.46744694082996,1
10.4840664846673,19.4974995993473,69.2434687185598,2.02696382061977,0
12.011309208328,17.1908343443254,82.3041319048381,11.5859179842203,1
7.18678010373411,34.5801787514838,56.5239554203884,3.06577956671424,0
6.23913470118031,31.2998931941197,49.4837554173628,3.7792198208527,0
13.7506346183528,20.7076706489906,102.696407922539,7.89880663565783,1
8.13709427845554,26.7165676885584,59.2515859988298,3.05275141677432,0
14.5780805657806,22.6014241055758,122.077695582529,7.48324881223491,1
10.9612979738214,18.5267608153973,76.1895544133035,6.01282726776083,1
10.4603486425095,23.3767028610499,78.251951883241,2.23200085303668,0
4.3769516754405,20.9437558839345,26.9746438055785,2.7237760936301,0
14.3938711044849,15.3324821306581,104.764432290897,9.37936640553743,1
8.39894560175929,22.7473661399762,56.8500456783242,2.64042911904954,0
9.94067537264558,33.418260076095,78.1353279143156,2.79010836521341,0
7.89764163313537,31.564005174149,59.8244219008066,10.6464536785611,1
5.84432376291633,26.481495103931,39.0775471276579,2.14533363443512,0
13.840554246747,21.3729372956076,112.647382207771,8.97129678657338,1
9.88415384006743,19.6252858977087,66.1305891271908,3.87461566777451,0
3.03444392437391,34.1203916726187,40.8433934258943,3.56970800036325,0
10.4057389634487,26.2922019813742,76.8048355728804,3.8278661089047,0
6.91973882126515,19.3521060711825,40.2740380333294,3.62507441121635,0
9.32469722709131,19.9896410219725,63.6939662385693,3.47465583023131,0
13.6313051917293,34.1919240506184,120.92939059678,11.7930491924525,1
7.28723712003,19.7762826659278,46.2668595060247,2.21975134950632,0
13.9024218110376,17.1342817671108,104.537463256293,7.12607017650753,1
10.4803213895016,18.6792387950534,63.8863689852168,3.14517298470648,0
3.18985491415868,30.3244961383584,35.3244961383584,2.00891201917604,0
14.1532468049251,29.1752851186252,115.567547531423,10.7865618993175,1
11.2907630102031,23.7588384955425,77.0889057955433,7.91323184233543,1
14.9678742054178,30.8760901423285,135.041835877499,9.88388869450594,1
5.06808610014394,25.3502538428524,38.9353379092116,3.74595535389206,0
4.64562899554653,23.2719632225821,33.2632566596317,2.80835511384306,0
14.191145556446,17.3488387245518,109.155426906267,8.79082017649585,1
11.3618179378788,32.678221318727,90.5315404005091,9.04601457729219,1
3.79200207266475,20.5118642882063,30.517622572168,3.50155988905705,0
12.0655566312296,27.3252144665972,93.8078658624306,8.53977510312634,1
12.046514261535,34.6915955792141,100.789686372402,10.7853043771486,1
14.0762944265578,18.7883604408751,112.515480286653,11.8165079817577,1
11.5382971035417,34.3037598358609,93.2970080319406,8.05256600283563,1
4.49125154366598,28.0543073685139,35.0163668038964,7.53968541496054,1
3.23856160607755,17.574632091931,23.4794740001049,2.02181884359615,0
3.31453184253263,30.438542921461,37.203569063269,3.84522192890974,0
3.33967785624954,34.0355155651419,39.1888536406286,2.97422125648079,0
5.95453281123655,26.2556109937885,41.8787103185329,8.65181911421023,1
13.3203353841947,28.771103995163,104.331546182842,8.9214327820477,1
9.46597277209983,15.5269575773997,54.3772971130201,2.49978637361857,0
9.63386374422919,34.7815137101589,74.8685732728388,2.88038419325198,0
13.1043707083153,21.3691423962737,100.220270513713,8.55095586875347,1
4.49007978143893,15.4780755873244,22.517468132773,2.68126018113443,0
6.35020414813367,31.1712830094878,50.2658220014598,3.87838203096004,0
10.0291112574995,34.4650510353414,79.126516024746,2.60297537178925,0
14.6351489798361,29.7517701983336,121.825266392203,11.1305354454968,1
9.73236263106852,15.054716120908,58.8021376717272,2.09088696878149,0
3.22376747247532,16.2672102274807,23.3027413523273,2.98324458728029,0
12.6075920721674,26.6853881045516,97.1361528196239,6.67083645973723,1
5.79569128609224,21.7143021551121,36.6401278987264,3.98265819392195,0
12.6852623474254,32.6366696150359,101.190593185306,6.13978761170124,1
7.65432772877006,32.4733873871388,56.0034973457028,2.95051058627881,0
13.3625022547131,34.7503781740888,117.684624682812,8.06512529956826,1
11.9654597128462,29.3166393814519,92.0953498445579,9.8839109545291,1
9.67488280788503,32.537673996173,71.5640477097865,3.27552224774331,0
4.63746270792822,21.3930022372411,33.0079959014785,3.34883052245783,0
3.71901227414654,17.2235390383961,22.2235390383961,3.55536279015918,0
4.45612146888885,32.3072821156476,42.1647756856131,2.65432148812439,0
3.53462254253714,21.0694519592305,27.7492880794005,3.78380539120165,0
4.28992954927311,23.3866459633377,33.2991911833175,2.07733112636028,0
5.70851206329426,27.9206051414315,41.3400627592966,2.17268772903313,0
11.5558677645921,27.1019826831103,87.3822499961117,6.98997179933558,1
9.71660378464971,23.4184616902976,63.2225980590504,3.19591281778812,0
3.15067176190939,22.7230102374119,27.7230102374119,2.05493473049826,0
3.86369135627384,17.4536208371801,22.6335423373142,3.17817854932352,0
14.6073159600033,25.6772376860683,121.747532090139,6.59370068048018,1
9.81720554303931,19.6570819448799,64.5205160348643,3.45692823923455,0
5.43951881593189,30.0961570220092,44.6514517780574,3.62883656145101,0
6.02790893484388,28.49741168329,40.0657661448508,3.76735175657998,0
11.9259102489011,16.4385392961843,78.7483878111654,8.54484464042969,1
5.34515377331183,34.785293694716,47.6216831392933,3.73298404076952,0
9.97630712727909,30.6091387114868,70.829823996986,3.89612624537616,0
14.6402398690597,19.556517737812,117.685929018086,10.2053788105874,1
13.1619456178804,15.6148563669939,94.7157052187196,9.04677632504214,1
5.87817310977103,24.567436621434,37.2607814042541,2.2504795752334,0
8.92523657122476,22.0548487500215,63.2208810226232,3.43510519689418,0
10.4394686205766,25.9302299872846,75.1713077603024,3.6112302268166,0
12.9477707946021,28.1932791084984,111.658790365288,8.93406656127154,1
4.88149673575301,30.9443961471748,43.2372790410237,2.97483685209412,0
3.22291442612891,15.2708869367826,20.2708869367826,2.51005165018752,0
3.84026572463067,29.2859102775776,39.7022229986676,2.70471215958036,0
8.83614133124438,20.906279322038,55.1214790293012,2.76107774399163,0
10.27595353984,34.7280515127483,82.9654957154821,2.16205431106871,0
9.82621724503778,31.9248346117556,76.7478619887996,3.10116042032145,0
6.80834891186593,26.2080236216956,49.3302848188719,3.73586844577561,0
14.8633938529494,26.9553137075368,127.741212941714,11.3349196626799,1
9.95694263094956,18.8415134600911,57.6770683168753,3.19869955102706,0
7.5616940714826,19.5250317717413,43.4099368040724,9.54419933419568,1
9.61137862941476,18.080263566759,61.3985733765808,2.40865955329876,0
11.944013170878,22.5562709492888,90.3309447022068,9.96751771286041,1
11.0307947214382,17.2391088868316,72.9698211859684,11.0939774654962,1
6.17903469195371,25.2254578726852,40.4283146405804,2.11631227775415,0
3.7960180131413,27.7695591080309,32.7695591080309,3.29593484406964,0
7.44101037496928,17.4442475647397,40.0404021056235,3.19907035178332,0
10.5566100842588,21.8839271786054,73.9226754234299,9.97931252655584,1
5.52208811897808,16.4069575937042,29.8652759578948,2.18452505171192,0
12.0330666448658,25.5152237454414,92.4674449651793,9.74433561275326,1
3.79843777624938,28.0057953840601,33.0057953840601,3.77437338857893,0
6.12378118294249,27.3094428275021,46.5052157395441,3.08522924394407,0
12.6570547649201,31.2773912561897,103.190962779123,8.33763316817825,1
5.32121139147993,19.7113247300484,36.8119583136863,2.42954004517619,0
10.6735305705593,27.3636368368089,74.7241437006647,2.721596278856,0
9.2960437094848,21.0565703846528,57.2929835410662,2.03139300436002,0
14.0976956447922,16.7753541215828,106.803930977533,11.6096917378932,1
6.15956124584533,21.1052294313163,38.8130168510473,2.66791938095073,0
3.79153308820829,16.4271294988923,21.4271294988923,8.0833221333988,1
11.820791559464,34.1714842203934,97.3109416462904,7.90704213316938,1
12.266136354519,29.5433086985386,99.3746230440435,8.3231135931653,1
13.8937902300423,17.0292171564801,100.170606367557,8.21106353428679,1
14.183664830362,30.7253864469719,124.791567457743,7.6131977632703,1
3.16741887570716,22.0431072019306,27.0431072019306,3.23725305437532,0
5.81234503345705,33.2287028064759,45.7123278952471,2.29667589884552,0
10.4013402840199,24.9099486949423,74.9681729509457,3.30183092396229,0
14.3881958482514,32.4538544596974,130.225395438463,11.6972932921124,1
14.402113430965,19.4105958948745,119.329888335287,8.28356183233224,1
9.67983825834188,22.3438465180653,69.9135263986626,2.03766704924479,0
13.9872761971953,22.3367388431677,109.782304182298,7.95333316873348,1
10.698794507356,16.9426536320657,64.8210359085918,6.06260211770475,1
7.68009256969495,21.6202886813159,51.9352061654854,2.3165289944701,0
8.83188800516292,28.194196076776,61.6718987198242,2.46363842677169,0
10.2517257950397,24.3308698274748,75.3369088846015,3.92114862879456,0
9.59457505810275,32.5846313948886,77.4255594280126,2.1579327944019,0
14.1141771204774,20.393405327807,108.274828709271,8.0504239151473,1
14.0248012276033,22.096386974433,113.530285401764,11.1096453488092,1
7.73850735508266,21.4070858030122,49.3411147777864,2.29113491477711,0
14.5591503412885,26.0347594124342,123.801320350436,11.360735856026,1
5.08746800016557,18.7643883121258,32.3300116332889,3.52597398667529,0
4.51595423327565,18.4648854301635,25.5909661717697,2.09878530622791,0
4.62094989656078,33.7896384841691,42.8432741351167,9.44776929823807,1
9.06794598812276,22.5329542749266,62.2732142023649,2.07569944211284,0
3.25829766329038,26.741962697661,32.3900440639492,3.57849616470264,0
14.3756425346122,16.1030417003765,112.382377687679,7.35576224407849,1
12.9253856540488,17.8171599379873,92.6824978904464,11.0858608513717,1
3.18022776890547,16.9271710372249,21.9271710372249,3.08637233889001,0
5.11435506690066,31.2423113591629,40.3691964358033,2.34640796864393,0
6.98476289240204,17.0629356516693,37.5395658672973,2.48663810404802,0
4.571962137731,25.326320913591,31.5144820349616,2.6895125310001,0
12.713888305519,18.1115579598415,93.6557589570559,8.40677729108714,1
7.13683983219952,20.576335108577,40.2578373483821,3.51904257473049,0
14.2812897880004,32.6520400500614,128.739942360157,6.80081156629042,1
9.98417015936496,27.6318753026182,74.2278158231408,2.30792850655696,0
13.5459838129421,34.2732542042614,117.904311684071,8.36322686615341,1
13.1368133447067,26.9942873123199,99.5980020919152,7.39979511162074,1
13.8647078245038,15.1903943243312,99.0024465178701,8.5216846179233,1
8.51856318980168,23.3128201104084,52.8446713271687,3.65532466613955,0
9.55616179224448,15.4488350871736,57.4325552131321,2.77158564718569,0
12.5832430938245,21.2796865609389,90.4973897287326,11.9724917024308,1
6.42862622080977,24.6324986144148,46.2492918665664,3.49731993525042,0
8.88304227143913,26.5091868224762,62.6573668990856,3.25838921536891,0
10.1893236917505,19.7730040585786,63.9277937764546,2.43287447574056,0
3.18639930661003,26.165731568953,31.165731568953,3.97453178875567,0
10.1217768983596,22.8984026821447,65.9661189743678,2.43886222827871,0
8.2041161878735,25.1316437501385,54.7256422768875,3.80975716405801,0
12.6883263466181,18.9193402908504,92.9434479124103,6.22751926660709,1
6.78293763714448,18.1350322000686,39.2069111522608,3.2595960183961,0
13.7146645023018,30.0903401520477,114.145868632165,9.64242336631187,1
9.93428658341443,21.5994645761104,64.124330574335,3.50289880005785,0
5.20812241952958,27.8839138507643,35.5437151770371,8.65600685850158,1
12.4551508059061,26.3091119318108,92.5462517648793,6.53468874236514,1
10.3443741245392,32.9906183177214,77.6112914003219,3.13043869601639,0
3.64691126488504,32.6136723581403,37.6136723581403,3.25141195971439,0
8.04232416001359,23.8622280065357,52.1704472671809,2.15167125603735,0
11.1488260387852,19.0947017298451,76.3481938131123,8.72772537748534,1
14.0232213357303,27.6438475058365,115.359435352531,9.27624406578017,1
3.00482429869629,27.736719506931,32.736719506931,3.16633260279287,0
14.7211097883727,28.8483500675721,127.886736541117,7.80975568936738,1
7.51896377694929,33.149464054696,59.2304613102368,8.70431314020952,1
14.6854024602999,30.651619560892,124.699417572991,7.69418518964317,1
10.2565932116886,27.5058187171169,74.9733003140903,2.36342819874431,0
12.9461496957683,27.0193119079618,104.227501961605,10.8601149903016,1
9.89653805649723,19.2551807213628,64.6359822369908,3.27027458983939,0
10.5369143796882,28.0273072399574,77.8983808089284,3.88788305723837,0
6.42691538034833,31.2900034155321,53.6465668926756,2.79378466787274,0
10.042000087873,33.4464496170579,74.8561656142214,2.37659065742115,0
12.0002611644319,33.3330022416187,99.5550965812979,10.2627226378341,1
13.2997660371485,26.2219761174527,104.685208681472,8.35702806220606,1
12.0609862616122,20.1966795148098,86.6817939970116,8.84146944135405,1
11.3766869813676,21.6759491364743,77.2053867509925,11.7083396420407,1
13.3737531606552,34.9552473113764,113.511235442492,10.4519016129369,1
6.87217196204096,25.5119557643564,45.7318689395832,2.96413486456074,0
11.049465489451,31.3181334567564,86.3590072716798,9.50293931092302,1
8.41048723696019,26.9403237556914,59.1910734838077,3.32429153165873,0
7.58523302437821,25.1386077465665,49.2646353697581,6.46741783611418,1
7.92973619906623,21.970792306114,49.1073729772453,3.30903183002989,0
7.81775500163449,25.755410564626,55.7958736306586,2.6025915410287,0
6.80860735149932,15.1346941398841,34.9839808009842,3.03469140084867,0
10.4630324150436,32.5337161319315,79.8523488731897,3.89562221475517,0
8.16296724985517,26.2297296306536,52.5909755885326,3.18442583210452,0
14.685624935127,15.4856285064936,110.858707327909,8.26324253274693,1
11.1336106972117,31.3634949066233,86.9950910387197,9.95721014964032,1
5.38283866112533,17.7070878172415,29.5931700559005,2.81820367660987,0
8.12041211217639,15.6127739618174,46.6972366199446,2.44207333421691,0
7.12015487729308,24.2467080827023,40.343235609173,2.43127244000718,0
12.5716656475028,34.2131339057399,102.059556191504,10.4324850882334,1
13.5599794627612,16.8722849692798,101.572787201927,9.20763649385952,1
13.8461034699165,16.3119703227009,101.909925672162,9.06197072759284,1
10.9526377485031,32.5987115244385,89.5371919474279,2.29032841825151,0
6.24249914435709,31.4274408308658,46.3566753726288,3.28442333878108,0
6.02840041805508,31.3993884449017,51.9849952081505,2.80852145704765,0
13.2587753123688,24.3563609563074,100.257267375166,7.63418962120762,1
9.33257575570496,23.5498418912106,65.7018254621275,3.12452232419589,0
12.6259330080552,23.0213661086899,95.8719358006868,11.8669252838103,1
9.86986220629928,26.6443008427861,70.4226561599091,3.15552476764548,0
11.7977103034501,29.5794133875222,89.6528615483959,10.1506696112102,1
9.22813952956867,30.6858400469925,69.3346167858102,2.95774206518982,0
12.2506069260227,28.0959837512084,93.2473000155268,11.4853670676303,1
9.82629588845659,26.2493232935203,73.6606139955166,3.16818605542208,0
8.58851854310377,23.2478521644059,56.2663124545094,2.61882272458844,0
7.11226689543938,21.3983012408771,42.2328432000732,2.11473194047015,0
3.81851218100045,20.7249558565237,26.8445866633871,3.67740269925929,0
7.5350901519372,20.9235343680615,42.1414917273543,2.02752189276541,0
3.95551293237903,28.6550573232889,33.6550573232889,3.72942123105561,0
14.7938053647653,30.2488236431916,124.206638169388,10.8787609359554,1
5.17935421596917,26.9523957397995,38.8161878826632,2.0811674505073,0
12.7423043726465,19.4572778450712,95.3184223833286,10.3605051515228,1
13.4995397394708,18.8879004100945,96.7854579022139,10.3567932080863,1
11.2609590286313,30.3137223754151,82.1749204172344,11.5350443867167,1
9.83393295294451,34.5738763795009,75.6220432288949,7.60828078411749,1
4.93165724178731,15.3181992318513,29.4094412468584,3.308419141356,0
8.60256027315967,19.9779628396516,54.6063877150707,3.88049898051462,0
7.14206461386258,30.846257435415,52.4546586552742,2.53291039735459,0
5.70047949376901,29.3833059550671,42.2140091766177,3.16115163500393,0
10.1101424251896,19.9195991547887,64.3894734176583,3.5786439881693,0
6.747238052423,26.0978476215169,50.5806361234458,3.26571435665342,0
13.9956666416202,26.7117158819804,115.206983117478,7.7890632378462,1
13.9156262994187,29.4276855329446,116.38956322375,9.19428078936703,1
6.08541952538635,24.273474224254,40.4327565313725,2.00418279838041,0
4.33069560892835,23.0969694304545,34.3942535624089,2.80732144189495,0
5.31555278422935,21.1601894164178,39.3774678499361,2.12437014576778,0
8.99501004814663,19.7661781681365,58.0533962560285,2.67167326653283,0
11.7430280156952,16.8500671630121,83.6665257556213,9.67409331812692,1
5.4983332609055,27.9176677483528,39.6945159776194,7.55116887492443,1
5.97640270052677,28.3914089708047,49.403038304195,3.42879346012829,0
13.2200624992364,28.7468694783369,107.012449304801,6.31233660187609,1
7.99018461921033,15.0629144092874,40.5737334848636,3.27281400044564,0
10.4002208058628,23.7650606504197,73.1653916609297,3.4765380116957,0
5.803993670871,17.4510672982273,33.5626937084946,2.58925870285362,0
4.22360711310957,25.5321867141261,33.3713570640736,3.74770460090882,0
9.19028420362236,34.5947924180375,71.4773954497189,2.85230932157578,0
8.72569184459739,24.9855402192668,60.5060740780142,3.43410359188548,0
4.83205972911796,22.4929995854704,31.4704897242143,2.23059821821173,0
10.461674780885,31.2767998478919,81.2037126320386,3.35205621842119,0
9.52812142576726,34.364028764894,75.9904170323705,3.76986910659494,0
10.8496481636489,20.7424675505759,73.1156896186954,3.97539766038296,0
4.73454648149592,31.06000079493,42.3079234406386,3.76914952684254,0
12.0183338056229,34.9228287472654,98.0135913628191,10.6957690194539,1
5.66458967759907,17.2364847950322,31.8796312322698,3.98928895585743,0
9.2322218923924,25.6209470917444,64.7594606191911,2.89104856490131,0
12.4235523386594,31.2705315897,99.4002299993074,7.27655424747528,1
3.26796513590167,22.525883673138,27.525883673138,2.94523657472997,0
6.89234951671424,23.9154905254945,46.9763878044374,3.46623805100962,0
13.4750685168013,30.0180511932913,112.483745119329,8.09843981745297,1
13.1365152912248,16.9669275789684,95.7544324846746,10.7956052562868,1
9.46128711113452,22.2105260999292,60.4776710504334,3.955948988168,0
13.3992992899982,26.2741251057291,105.818063510416,11.7271129188514,1
14.3976718962435,19.7717119188517,114.80435946983,10.8758110417702,1
12.9168839715521,31.7990754344407,108.223690139136,6.93759599686782,1
13.2493853260385,30.3170198457988,109.034489652528,6.33659249837824,1
4.18492082184418,34.3108515918468,39.3108515918468,2.38076976204569,0
10.8156519880919,25.4597615002746,75.6026000391742,3.33360600562193,0
11.4422038578318,17.1304931598119,72.2152381478404,9.28055543005178,1
10.3228897517596,33.7323404612297,84.8668330417576,3.77555486348889,0
12.5953831408323,31.684719789927,100.999815597347,8.44444341844065,1
3.41485463845961,25.8883632200648,32.3081576883645,2.40498767077512,0
12.2428648146598,31.7260455477081,99.5392157160999,11.7841608720616,1
11.7807432088743,32.6338183870788,96.2601559278078,9.36388950021306,1
6.11638071958024,30.521622747338,47.9484042365138,3.70239104043038,0
6.08483158586576,26.4250795408483,40.9156744177586,2.88000290786823,0
10.5876398091615,27.3059744293216,79.1595054625088,3.91275026250801,0
7.14356953909298,31.8878136528672,55.7029539028767,2.01851581525372,0
12.5590641360874,27.4443327262787,98.829633214462,9.90074302759441,1
8.35375478404149,19.1295991837526,51.059458455737,2.85931192583204,0
12.3929929774101,28.8297684710794,97.2155525555163,11.9234878970432,1
14.8856614034861,25.6402750015476,122.358840634525,11.8690491555975,1
6.6029800744068,20.2649411780038,36.8759772447595,2.29739269583585,0
4.71606993909719,15.0157308305927,23.4810693031129,8.15792103933536,1
13.8157012361913,19.7099552259983,104.092956753005,6.3101953920005,1
9.49871254664848,28.4713339595206,70.1566313634202,3.53638153272275,0
14.696884450261,32.5664039936189,130.487311593234,11.9567768110266,1
10.6392528000228,31.6140513848114,80.1437790334258,3.78370629361396,0
14.9269562953257,17.1621477117702,117.938116412219,9.80843494100092,1
9.55284964971542,16.4224995904568,60.0224050512956,2.04299695404337,0
9.31711120686625,30.2318462375801,73.2575573089365,2.34840281867489,0
4.62513483686604,20.6966674423661,31.671123889639,2.5444845118933,0
7.26846205180657,20.4360610499324,46.5252082339814,2.94474291231979,0
3.31462280755648,15.0400060121686,20.0400060121686,3.45875541396167,0
4.92474215423579,16.9707802128111,25.299195780253,2.67512583810629,0
11.94764631249,17.7119409478471,83.927718177976,10.3804820962211,1
3.36479627914547,18.1872041245839,29.9058220641855,2.22458430658278,0
7.39851716692493,23.9062720523073,47.6984790034559,3.07409444139259,0
13.3481550340565,31.2827162944764,111.763776244106,7.19279348412244,1
11.3121326100883,31.245962307369,87.5051752641759,11.8605526475289,1
11.291305704794,33.199792433649,91.0169104532353,8.79777953579768,1
5.26364161146373,23.8718407724067,36.0791495450402,10.3729113025801,1
8.30285136898108,29.1742101589003,57.0480420254693,3.41586857275764,0
9.9789288881315,24.766682362409,70.2333996404584,2.6754520146711,0
14.8770204919645,15.9968511626904,116.64647841155,11.7224542391235,1
5.44687470279746,16.6086286793909,33.9809820639534,3.41590832402749,0
5.97279482114826,19.9188467043228,38.83504990221,2.37636752688045,0
6.14607700527494,34.6324345724603,54.0798000634559,2.08696056335426,0
12.0020689595759,28.8383445855357,93.1364806882668,7.70209510269794,1
8.48370392922831,20.3601516371464,47.553469052227,3.29245144891466,0
3.68315326093314,29.1252648910263,34.5140494094614,3.71636271141605,0
9.10219488732288,28.2269226876314,67.9247615372741,2.21653046962992,0
5.54352197572411,15.8658032174781,28.7398214545489,3.50904932089214,0
12.5832509371225,22.2297516928348,89.5674964690879,9.44338647821693,1
6.56797657808727,30.4745596680459,50.9130089867334,3.22620905681564,0
3.33127214345404,16.5704582966821,24.5311897466171,3.97921469823568,0
10.1211893935755,32.6876823355174,78.1827908364136,3.79629974098123,0
13.1260851471743,33.6173659250912,112.396267713417,10.540145838713,1
7.57219348874657,32.0617102477978,57.2856993037334,3.77401397723347,0
11.9982997287137,17.347552082019,80.70653058489,6.48629497508766,1
9.13369773956554,26.3034696340382,59.3616842592915,3.59255991678596,0
9.49142165954626,29.1511989566445,61.7203488290397,3.0618303797214,0
14.513211852741,32.7596017988035,122.398864750791,6.64211425669968,1
12.6475306979838,16.9155205859963,88.5857574172294,10.2002676417974,1
3.38787679948289,31.3154116909866,37.2065836522116,3.61524989316089,0
11.5126470147755,20.5603266333756,77.3931219335608,7.3785493026901,1
8.58001777876207,26.8457477153183,57.1411173581459,3.33219527582224,0
14.3705872967412,29.3959141874784,118.402257589849,6.64936357663245,1
5.65719281188186,30.5403829872084,50.4756995931904,3.45171065279192,0
6.20486423621239,20.8932969799774,37.584386042352,3.9051006823097,0
3.97768757852714,27.1475307789775,32.1475307789775,3.39710147341815,0
8.14342594396544,20.7494574840466,52.3875306666174,2.06847295731551,0
4.30822516822882,34.9663350056894,41.9263234671158,3.71901188969491,0
10.605441127343,31.290112158847,80.9367568824356,3.36125881703548,0
12.6355588484849,23.2795583253873,96.3593292053065,11.4973914449556,1
11.3616059534421,32.5828437132847,88.8564735793754,10.6997678792112,1
12.1945365729092,29.6500223021691,90.8067491282513,10.3645158836001,1
7.10944943812224,33.5749386145551,58.4551188599411,3.13682338144883,0
13.1502177963321,18.4322138849385,95.009181055136,8.47403188167951,1
8.14522529999331,20.8967000984175,49.9049070735045,3.42240537588413,0
12.8881184449478,16.8747335214928,94.3374313486214,8.72441080363772,1
10.5179539034915,21.3596206335743,69.8860267143352,2.99576851231577,0
4.72107658404294,22.6237722749308,28.517714087189,2.55648076265363,0
3.94064279825938,27.6542507923751,37.637372791293,6.7151270065438,1
3.21999171495609,24.4303987669717,29.4303987669717,2.05438975111016,0
3.80069997167228,29.3533796155409,34.3533796155409,2.01683803190718,0
8.50300576450118,20.3844706700343,51.1868452000848,2.68518756629459,0
4.36010307321109,18.4611343836437,23.4611343836437,2.58368351549627,0
3.33340018618404,22.5824520555073,27.5824520555073,3.1031578624725,0
12.0583377766856,23.7616287485571,91.2562855239614,9.10815994507132,1
7.73820576552767,23.4425313563167,47.0295039357611,2.6854482743744,0
11.9632619472903,33.2713937332305,98.4331476707682,8.41673365463706,1
8.42885792095742,20.3913403669391,50.2143702741114,3.60296789970485,0
8.40104096400913,22.0408680539031,59.1434972721131,2.69009744239239,0
8.73687008061397,19.3041932032665,58.1085707132066,2.00238426452501,0
8.68804711874633,22.4384602280855,56.3207347203444,10.6390033794045,1
12.63796010537,22.7971078166222,95.224600154549,7.97611808624959,1
7.82871023829283,26.5085411422375,54.3492807467755,3.00754103528231,0
13.8562339241235,20.5672995724489,103.501421057,6.30494897055146,1
3.44473257544843,20.189846170157,25.189846170157,2.18039896668595,0
12.286492112645,29.3812279011305,98.9249440348782,9.61821359957862,1
4.50769657365287,33.2035741514509,42.4471835907948,3.31182829881921,0
10.422162802945,17.4419363912688,71.6552382888787,3.89812315360589,0
3.12437113602278,18.6457794149997,24.4724637346874,3.69821493469206,0
9.46352739091616,17.6621928975181,61.4476691312519,2.13356353520763,0
3.03621547943516,28.6721536560899,33.6721536560899,2.44997976186883,0
14.4143254258825,19.2801954541532,113.492904382548,8.53628458878289,1
13.8648244044333,27.0914320661275,117.145187698475,10.2370360956242,1
12.5516033033072,19.0335746960597,86.1654632126039,6.95015336428832,1
13.9832918389775,31.3551438738625,119.7388058769,7.0586657185087,1
4.74669877390076,21.322142645164,32.9261170315027,3.36449129272685,0
4.8927608384464,28.3923352937175,38.1095335544345,2.36864702560019,0
5.25158007482921,17.9746712560512,30.8375651158968,2.36104275264475,0
10.4699508275991,21.1189089417232,67.0546313230437,3.41128935622752,0
13.8697139520996,20.9448289060335,110.602231485353,10.127558213546,1
14.8794621403089,27.701598650901,124.777590600874,8.16937716131348,1
11.5334695051898,28.6176105424667,88.3425211115009,10.1891022632167,1
11.7816049097075,31.9049729300765,93.6925923205681,10.8058660243064,1
13.9115184545311,18.6669381353785,103.970204228732,6.23417265073758,1
7.81048478845345,30.2085952861288,57.2565423724398,9.50906607109082,1
5.99820816270044,29.2387880455872,42.2967876880672,2.20999919549639,0
5.08116204944547,26.1508782815494,37.9556825385131,2.07173419615555,0
4.43348460400475,28.0032597263137,35.8545621240846,3.55265754551073,0
12.7513270563939,16.7999020606539,90.957345555912,9.05717891952485,1
4.76150848100692,17.9375163144514,26.0717272768033,2.99356303775161,0
6.17156979272281,23.3114344143327,36.3268606696976,2.1743418783362,0
12.8290701436024,29.2274137660205,101.446399292538,6.89978434787996,1
6.72704702153052,18.3564232724719,42.9428699388033,3.7540331854611,0
14.7890093915153,22.7795827844862,118.674377396517,11.5843669712229,1
6.19966442581962,24.9589190777485,41.1398349893772,3.98883000871654,0
9.40384013965454,33.7009145382642,72.0460345819977,11.1740572242798,1
6.7736041342302,16.1039249730901,31.2920414830461,3.13843380530204,0
13.929273974086,31.5801498189719,117.745645740166,7.90005889814238,1
7.39867972621481,34.6831969179757,57.5586857560784,2.12188331820543,0
8.20310792727797,20.3454522703978,52.9403759993395,2.95123840339133,0
9.14751230734034,32.8011460754818,65.6497820672511,2.07309241450687,0
14.2666377284366,20.8060027755082,114.611635123712,6.42079631154331,1
3.37138807525381,30.9801499639326,41.1792075873987,2.86619995804831,0
11.6025439635803,24.1971473599847,81.7685056920012,11.0696603306608,1
13.6922274515081,26.9521729775374,107.434564457733,7.08513246433307,1
3.32744668220963,19.733347535302,24.733347535302,2.55298927662946,0
9.26461496703013,28.7522992432163,67.9180381899095,3.57497264428584,0
6.9118777412403,17.9736973222646,40.39501454917,2.782705979533,0
13.313871850387,26.1937299800355,105.679066501779,10.2822688708929,1
9.70219861107021,24.8865786108803,67.5471811435799,11.5357802385254,1
11.282734417953,31.7441199189884,89.4100063524965,11.1168220506022,1
8.43424199941845,24.6293703074747,59.7343229273696,2.72816646296256,0
10.5397084502563,30.6946191997346,79.1033078054979,2.41083610080175,0
6.48116222024911,23.0058861347155,38.5579238855767,2.45931871777469,0
3.11218293559819,21.1581186686181,26.1581186686181,3.17381800381482,0
9.92107121984509,30.7445427275521,78.8020082468702,2.98872264316031,0
6.73733056958955,23.3692852782285,40.6120958507872,2.33434934167575,0
9.20721118201356,24.9353212242667,63.9720647256552,3.6629593248238,0
13.9968702366468,26.5464506264866,114.605444655792,9.12455758817377,1
8.11769746201675,31.3933147577866,63.4000981245592,10.1286472999399,1
5.96875243922863,26.6263994925344,39.8569415201815,2.39887687171201,0
7.45552513534865,23.1228580536162,49.5055289492536,3.55419613787258,0
14.1823333996385,18.2117365701849,110.904097870803,8.39353711308646,1
14.2424205757091,29.0422260982822,125.515218669221,9.97956891396122,1
13.1319593827886,32.6646564330367,110.601162005431,10.5821047574878,1
14.0424781716679,17.167577758083,107.271044341028,10.1167192874209,1
5.7348034794158,24.3242795162616,38.5530866892315,3.03333114319271,0
4.04978651464309,33.6907101035807,45.4086453931984,2.40447618395112,0
5.72771683541627,26.2701833495034,42.3416781317424,3.80927913225222,0
6.77251939336861,25.9050702821406,41.9075582436598,2.91461372849953,0
5.09719051627574,16.2695109975629,23.700648388276,3.2225506429181,0
10.2851299436695,25.7060035925767,71.2381204433826,2.18213862967215,0
7.96303698001394,28.0908260763988,51.9272994272873,2.16689904321914,0
12.7962181419266,17.9318369126629,88.8717369777994,6.35031152223929,1
5.22156477922837,34.1272945529369,45.8544223163527,3.11009776429881,0
11.4225183570757,18.9230158388669,79.0056053929361,11.5321443823763,1
5.88426749818967,28.4785198711588,42.1266281114817,2.0148321260102,0
9.89062906609032,20.486823068164,64.671803498115,2.48724287926416,0
7.18785116664947,17.1686166766375,43.3316491366911,2.34845220238764,0
3.68357279379399,20.2180160738977,29.0824461246773,3.8853909453279,0
5.74576405152451,21.6830366703615,37.8200545224304,3.45706287828327,0
10.9692306642575,24.2946375446205,81.2400380572841,11.5201586764503,1
8.96700112032638,19.6871288680297,54.4625591225933,2.86420105047488,0
9.22819180888414,29.5500777331722,69.4861514546575,2.82017990810562,0
5.09664180130707,31.1438220404802,50.9802479621175,3.87315624239492,0
9.84859021855508,30.819511920939,72.7119884365539,2.94226771229022,0
14.9610411024985,29.3149709678247,129.680686937676,11.7856964366975,1
12.8020213054995,20.3928649232205,90.7767862938309,8.32984343358608,1
10.1324714859717,19.2091558208135,65.3151024247876,2.92386866136891,0
14.7118688199709,17.1825665648283,114.852483550659,9.50054837538442,1
13.8187510160319,22.9336220280551,105.876435692707,6.09059599358498,1
10.1472952032317,16.7453328035207,65.3351176742566,3.16144506292298,0
3.38911590377349,28.1077931296495,33.1077931296495,2.31012600501641,0
4.12292514980977,33.9965782872484,43.3960148941666,3.29915193526739,0
3.78446058050672,30.112665611583,37.9359319199744,2.82205089449119,0
8.4207977842977,17.3378345419679,50.3929556374817,3.82327426838039,0
7.50521799801429,15.409624974368,46.1824118514458,3.82531517258613,0
14.7042004112434,21.6977765957269,121.240584296128,6.04957456650301,1
5.01579951839538,34.8575231351807,48.6917802018737,2.63465060663661,0
14.6734511031919,21.25663495954,118.959726189172,10.4584283771156,1
12.2096984263562,29.7501559758826,96.7239801850244,7.97791720820767,1
12.890854075494,29.3305875318279,102.769396985393,9.15816493240272,1
10.591389801336,26.4511519539056,71.6312915712477,2.95413578039472,0
11.0247932424808,22.3529211533927,77.6820486239459,10.7867945565458,1
8.72258800225432,19.1653138806018,52.9436933060933,2.20099704478629,0
3.15763628307687,34.5999843288727,39.5999843288727,3.20554485679619,0
7.2360730265019,16.3178754001025,42.1443173519749,2.40028682580013,0
8.9048616179227,19.724555038742,56.262183418854,2.46968461153752,0
11.7610945330813,21.1779894102023,86.5832891955503,11.4265903035601,1
8.62354011295331,33.1900670696461,64.4254968008906,2.91248129812338,0
8.48885899307318,29.267385260382,60.5947219021041,2.93239366858758,0
4.65195289134724,20.3074370047603,30.6961881394036,2.45628828538405,0
3.13066480564175,18.2900260587733,23.2900260587733,2.24621641738712,0
12.099339125724,32.6099482705306,98.1769744549214,9.2917788343863,1
6.83943405693214,30.8756626486368,51.7652783348849,3.17388553318107,0
14.8126014023221,15.7677486395281,108.648051185494,9.43364961380746,1
5.64281071390987,32.5860168719317,43.1188453935786,2.62500080255393,0
7.06449630578016,26.7587949042092,52.1914494857812,8.85461000471061,1
9.28675362799358,24.1507439397274,58.6032950616549,2.04334859260117,0
12.0586974847264,28.4770375376651,95.4698088014728,10.1740124694631,1
8.56629340680355,15.7888559707078,48.4565395076607,2.20643027529411,0
4.49787051734012,21.6064240693932,36.444716286345,3.63462443814411,0
6.75001654190459,16.760968356187,39.2792490452221,2.05816251835395,0
9.05423003641194,28.672749295621,64.7892786919919,3.50132845705463,0
11.0861880962024,22.9602343043259,77.2156686520903,7.1862957500193,1
12.2417994757451,24.5790818354788,90.7156768424365,11.3022362530378,1
4.56402937145225,20.7960667838474,29.2437742182115,2.60873144893583,0
3.27498157586858,30.7658904022465,35.7658904022465,2.81013562873435,0
9.22898786654387,15.930253645355,53.580519091261,3.04179858022153,0
12.719864527949,20.6225129272772,93.7273642042429,6.43215500510478,1
3.15124520435852,26.8119172351776,33.3174496628207,3.37440343644783,0
11.0696381358448,30.8026700486908,81.3796223064599,7.10974877266501,1
11.2416987198839,27.0319867182391,86.6990361879647,9.88534275918813,1
8.39096104303965,29.6097733730727,63.6145920162495,2.61909040128966,0
13.9774642409032,15.4705582975566,100.625697023214,6.67563827525143,1
10.7323330170839,20.0984717861709,69.6646580643565,3.2550245895054,0
3.06287805181759,15.8418351968475,21.1700255037581,3.61981097187797,0
8.81314134617251,25.0002479693758,56.8837894406079,2.81819930331946,0
13.3118136731712,34.7828059228155,114.458374065,6.7983168528597,1
12.9647948404481,15.2706101621044,85.2235704596063,9.32929004261982,1
10.7898503653497,23.8175807667451,80.4491346160564,3.94466463154356,0
11.0843810867836,15.0957283621177,66.470679650018,10.4411094133799,1
9.94199495747041,27.2577723865869,70.6396494129246,3.29454176820451,0
6.28943730200223,18.6671745225614,34.6978496274269,3.57693866460675,0
9.72635988643271,29.2548356758106,75.2584560942013,2.01222613679271,0
11.060757417809,18.192970239459,73.1327320825103,11.1916625838474,1
7.22915556259691,31.5715131046072,51.3693186288655,2.43381624918108,0
13.2699404070471,19.1235632746846,94.3383127432392,8.72394356804264,1
5.34044983210449,22.044325476639,34.6735093156346,3.15154690149244,0
11.9678497239831,19.6115694384654,83.2179625662895,11.7491364217931,1
6.47523295424253,31.1536898490329,47.5394655743025,3.90680070533004,0
12.2855914469302,24.8053991117941,88.6733378017875,9.07448935635561,1
8.13284795203291,32.4766701177325,66.0686496967517,2.12088984361433,0
12.6923809093465,17.6017194539621,87.0041133488044,11.7680857116044,1
7.24241835201588,24.9791622073008,45.1844122286947,3.93419479994376,0
5.56431885155497,30.5322726796417,43.1500289147922,2.96439113234293,0
12.2074141010612,34.6242033758227,101.268080020586,8.58810380429704,1
6.70370337156781,28.4675546038908,48.7248701538671,2.57873558155886,0
11.7989408127171,18.6600235957391,82.3666514991075,10.0058670176599,1
11.9336778369328,30.1954591109601,97.7546932652788,8.26685091063994,1
5.65676041089841,16.4927043024572,30.5299636238883,2.9067597065348,0
5.56934564184778,30.2554492744156,48.6089556342665,3.40553842122094,0
5.3873750811248,31.5563046184394,41.6405903856764,11.6918049258913,1
4.71022005319014,26.1841943222365,35.2839708787072,2.42071585165253,0
7.52499119048801,24.8544165961646,49.7374320516088,2.2733101724656,0
3.31953461629946,33.7305484535389,40.3298234872172,8.80493864163882,1
4.33104442841089,15.0019390137535,26.894228743816,2.53638585590878,0
11.0947682851609,15.1913378875702,72.2070662730237,8.63016459885552,1
12.5973184427686,20.0390284629088,88.5288886953644,8.522962647049,1
3.96635432554063,25.1135292651724,32.9556132113847,3.63339716026041,0
5.7804277258295,25.8083330099218,40.9404708783938,3.77475251615777,0
5.49150794164577,22.4258484804941,37.4511329646108,2.2126500559768,0
14.0080027569796,20.8542275039037,107.477516675428,9.50186345457867,1
11.5357742176378,19.0473469294789,77.7948767112927,6.02935061089127,1
9.64661533261697,31.0056378879225,69.1145438427985,6.4600531152144,1
6.65421585504744,21.3184580916388,41.0107784679221,2.83075673099064,0
13.0182485715816,24.8493597109424,103.154928198751,6.89814141553173,1
8.22367149155424,31.2258178340801,59.5276104741354,3.39229957141584,0
14.0814745814253,27.2471788492023,118.106948381557,11.560551190601,1
11.4726216520312,23.1721699235425,83.3156662825011,9.72809347756779,1
8.7363756955834,18.5380844472086,50.7695781139836,2.87990649579986,0
4.5145212449923,22.953041796942,31.9812636102339,3.85812530295201,0
14.712522605613,24.7042530746024,119.720455070892,10.363940761054,1
4.91800380412912,34.8116918512821,44.6005206012166,3.78963966281156,0
5.43122550263595,20.6839015184117,37.0542820097289,3.30695592430536,0
8.17418106192445,18.3127935295846,44.7981719693315,3.9119077656435,0
7.85042286930177,19.4115102703089,42.264926018694,2.46445366663082,0
4.76101776917153,19.2293468871371,32.4191606672305,3.55305925685325,0
11.7518270323335,16.5209538114952,76.3862230987259,11.3698699228964,1
5.26494080252623,22.2981539684691,35.9053125935035,3.40971156968418,0
10.72674773174,20.6946804958129,71.0281970859835,2.97283833816547,0
12.0516714069156,32.7517758428676,94.1998266581121,9.23360858767164,1
5.52878870499985,30.6051921991284,42.7162125755791,2.70355718665901,0
10.2114509772917,17.1812991369469,65.4084863002408,10.6817626735602,1
11.98714050295,32.0100699073482,101.311820849367,7.52889351117097,1
10.658624527444,17.1919721381831,66.7417481535611,2.31189149504338,0
10.1655276353598,29.4041549355049,74.3928439953853,3.26462452660736,0
6.54578742786596,26.456485958422,44.9967424950041,3.38157256860471,0
11.7792776548981,16.7361676853496,82.8738362649312,6.80527626492319,1
14.3437012799994,33.1065607215473,127.703110909108,8.85467327682987,1
8.10673668313856,32.4913302977075,60.5840730053002,2.30873795200399,0
12.3861818019769,31.8770346272385,101.075411834185,8.359633423597,1
3.67369247594298,22.3913471023463,32.6628833665118,2.28392404345708,0
13.0232592298796,19.4590282475091,95.6094615990872,9.46452181796116,1
5.30700020186577,34.9422330971759,47.8945481205344,3.40921967276734,0
7.74116242667968,31.3467673095901,55.3327299082062,3.52029778028276,0
6.60097255110428,15.8425632125621,36.6735169717445,3.29563362450334,0
3.96124372567259,22.4655575572966,27.4655575572966,2.36325023406275,0
13.8555720352349,31.2437395149797,117.092285719066,7.50581521890029,1
7.44185013064486,25.5676939344576,49.9936305972856,2.23222886008558,0
9.36836926171367,19.9426165120026,59.9324106196549,3.01871004813889,0
8.9293951907559,30.8577586089499,71.9222309698845,2.91462021242983,0
4.58593370331526,20.2350208788894,28.5846768279387,3.90189872977169,0
5.4774487066732,15.007967601095,28.7287846071244,2.84568909353638,0
3.91426570838785,19.6263783791147,28.3195628962044,7.7075034683444,1
9.09506039934345,34.8674057792496,72.6518671553983,10.2775347165901,1
6.13859462199585,28.1240166868421,47.3142035521894,2.97071694479244,0
7.2847393065935,19.4133624417435,41.2060020462228,2.22471109431695,0
4.29678394436684,28.7227940395749,39.0171503073335,3.91972798275618,0
12.4506220758301,28.7387379644364,96.7247615503506,11.4169406199026,1
4.27900652146561,27.8148553987372,35.8941215725193,2.58177588534357,0
14.8285058845583,16.4109703344375,112.395433522081,10.7672819357107,1
5.12593397326101,19.8592823397859,32.5263380075582,3.18006030843854,0
9.86886134921579,32.4167438565388,78.1989164823528,3.73778211394156,0
3.53814401506906,29.6948163860304,35.2100394789965,2.21798551789704,0
12.44539547587,18.3563201196817,85.410095071473,7.316302406384,1
5.27527137381956,20.9717892255309,31.5029338648902,3.65473184326559,0
9.33484774089752,26.2544405747129,60.6047084358059,2.67765225553304,0
11.8809305179089,31.5289153204566,95.0074729638434,10.8352935213342,1
4.79917781900707,19.0103261272901,31.2561107006457,3.24758988477463,0
9.61304609024366,17.0333058730698,54.7612700127884,3.96597764286421,0
5.59940649994535,22.637377791813,31.1710284829862,3.25958975175251,0
12.1103525918057,33.2470693850552,100.624547149469,11.3290800859075,1
11.6749823226746,20.2102703851485,81.3512026097687,7.37878625934017,1
5.118588411325,17.1660870542616,30.0540974854688,3.83432864527631,0
13.3435986920049,16.1188593055157,97.2937586627336,11.9008846514044,1
3.23730119419613,22.0334111174011,27.0334111174011,10.5180850064509,1
13.3228439690774,15.7525389053705,92.2034347848362,8.08391458000394,1
9.70684573393126,26.6606784246089,74.9475619717524,2.51764785650939,0
7.83864566527019,28.4511362064059,55.1304888970741,2.26674327299799,0
12.104963172268,24.2096717996948,91.3241677118813,10.1535916494097,1
11.6031480203096,29.8223370744906,91.2159820203084,8.89596149286357,1
14.8479140977011,25.0204992882816,124.05680395473,7.73660431342015,1
6.33702058335579,29.0470524167232,44.6861189562062,2.90287619260572,0
3.04552406891211,19.6128181184594,24.7367726335532,3.12589679043189,0
14.2068312997787,29.8922481892293,124.02957488147,10.0650510953651,1
13.2947652544547,25.032744040108,104.37087057396,10.8859673512977,1
11.7462105302311,29.1073765981806,91.1053808871901,10.1332201741072,1
9.20026539505846,23.9339558063278,62.7318495633383,2.03970114097483,0
11.4834749429851,25.1188121915076,84.212294506878,7.37667867370872,1
12.3663546825209,15.8307036595715,84.6831815250438,10.9068565954603,1
7.49851132244231,24.7861858120853,49.7692005125291,3.98284096131492,0
12.2438703039595,17.8457500439465,83.1957346614976,10.8168841933946,1
12.0074918301021,17.8499169396909,84.8543336162924,10.8623647689237,1
10.3585345385311,23.6670080511909,67.6806119998948,2.71283146239654,0
7.82239108761405,26.5242957965181,52.7516532265734,2.0957340942525,0
11.3676962311721,21.860973903831,82.7130213815581,8.30825909060122,1
3.03735429390231,18.2098318052842,23.2098318052842,2.34784624202705,0
12.2987597606952,29.828208339599,101.601687827129,8.32054351533285,1
13.7569992294822,34.2618314556587,119.263253460773,9.55499087335084,1
5.87178848925006,29.6728457190101,48.3037936244242,3.78737167495377,0
4.44920621171076,16.5412846299485,27.8149170928287,2.78581955625483,0
5.64340785352473,31.8181631625047,41.9589937381198,3.46173472162805,0
6.62516077548118,16.3502810082674,36.0043925839655,2.32168762964641,0
13.596342102766,23.726240971985,108.92503602091,6.44614209372795,1
9.51799716285714,33.5772559864256,72.5461043191656,3.2268907785756,0
6.44053979527717,20.2636020727309,40.680008390727,3.52677899477455,0
4.66025627751536,17.5590634378559,26.7188919816288,3.41344934255447,0
6.4817335572545,30.244775441216,47.1556785064562,3.63360466686676,0
10.366453076895,33.5721624279826,79.5759009457457,2.44699281484298,0
6.88966235876936,21.5153684140864,41.5908226464814,2.33361366379561,0
8.48832218029198,19.6491619569067,53.2640709855,3.76003959230426,0
8.32940528419937,18.6497095282343,53.9139206911171,2.7207034846644,0
12.9376243287781,34.2647104532815,111.466787481899,8.85760958457837,1
8.11617785083477,26.5326926930055,52.9419436786681,3.08576767551243,0
7.14838585410603,32.2017554382057,56.2732263801312,3.63522779528281,0
11.0996592577093,21.1668997210373,71.7171073026163,8.12327379919004,1
5.65778466880234,16.1287286071688,29.9670039404585,2.32835733764409,0
8.60694988711865,24.076083702306,56.1499613142819,8.32507673333323,1
6.7771882478882,19.1422019181474,41.7395152572966,7.59638218930275,1
10.522267225954,25.3796732865809,77.1325454751504,10.9091545024241,1
13.5283256963378,25.7597527123547,107.322543396624,11.2998632075538,1
8.37226800174754,20.8857643448663,49.5914670504885,2.88940439227647,0
12.4134890255031,21.1490776436762,89.3337855021852,8.76504690056493,1
8.4835884067386,15.4834734442967,46.8704838001742,2.75866006770577,0
10.8747519806056,23.4080402786076,74.6198374126505,2.31743923301514,0
4.58209170033003,21.4737882731753,34.532316457719,3.48382101509375,0
8.19577808361178,27.3898025052233,53.0587905802504,3.99030521810699,0
13.9117438638592,32.1952613338399,116.170301295067,8.17520191424941,1
10.2657480123712,24.8528088158583,71.1545965829473,2.06387133616011,0
12.2012950468452,16.6541659606378,84.4438861357578,7.81981670028546,1
9.05640729715073,33.6696091666858,67.78064751521,2.06527533239981,0
8.97666749793609,31.1665393370951,65.4111260060944,2.3959742913852,0
13.1147980823142,22.3103764627155,102.778893267576,8.7330148388681,1
3.81368321209145,21.6145782205029,28.8932293133965,3.52756696847376,0
9.87926725859622,33.7586815748927,77.2091135554549,3.99543770364357,0
14.3131509051954,22.4978868112223,112.17939620443,9.62056714154166,1
9.21432057806786,27.7160443724634,65.5942991760073,3.15709101570736,0
5.33358971433461,34.7068867619715,45.1499266071675,2.43758945005147,0
13.1752727093217,15.7347952906097,94.4072127665482,6.8161163509864,1
6.01966970827023,21.2926195629756,34.4597230807625,3.69910319733695,0
11.4087124377905,19.6247144388295,78.5580442022484,8.37201679275123,1
9.4831312847628,33.4473083830253,73.4501879910918,2.89174352505071,0
14.3860354593626,26.0227346110283,117.945311922954,8.62575070144834,1
10.4920404288321,16.0742707681983,66.4931967016567,2.17134410238665,0
13.0557355445728,30.1049649894679,105.281972553053,11.4754756212117,1
3.09519451433428,28.6816764266923,33.6816764266923,3.47739953283417,0
14.8720806739997,28.2434820687034,128.342208332062,11.5642300240343,1
3.93257484398864,34.1145754985376,39.1145754985376,2.16519854116376,0
6.86555416337723,32.4920319743059,56.3320178045035,2.19068532090823,0
14.3538287454812,30.0650297033148,127.376199036192,11.3252025515148,1
3.10726922845494,19.4533190874328,24.4533190874328,3.85905109903581,0
12.8727600650632,17.7602992408644,87.9760825302854,8.9661349722086,1
13.3345396604015,19.4177667268281,99.4749076888507,9.77034229530756,1
8.27796977050287,19.110197221873,52.4993045096683,3.62985286286022,0
6.06894232567117,26.3592909162912,44.3819500950287,3.96728882917867,0
12.6322742355996,28.2608764633544,95.3138913277024,8.87809895490361,1
8.73434405318665,25.548350408033,58.4552865442708,2.40558596093938,0
4.61206330386835,16.1269878346895,26.9593133438123,3.43010769951791,0
14.1341879139001,22.2632518990626,113.708509754554,10.7059655699259,1
13.7516396040798,34.3545481821612,119.192523534583,6.05272539446585,1
8.89854180020322,28.9102315081022,62.2161261522155,2.88187968731723,0
13.2804299582135,22.3947955908303,102.274875147396,10.5819057420596,1
8.02293630916918,28.4325229720467,57.4372709114577,3.52728727118915,0
11.2015788019956,20.3021938794693,78.1311600759117,8.41278191130933,1
7.77588767289507,16.5495512800592,42.2623199255517,7.10755905641737,1
9.06890420940972,25.5613427851122,65.1488709404474,2.57903770591774,0
5.27462043400713,20.7953825170379,31.4756372774332,2.75184317515562,0
14.579867089331,24.6330379130833,122.187538935529,9.54725670976872,1
6.53058825893106,33.0398918909865,47.9192151437819,3.50306544619151,0
4.24151467339682,28.0348073349745,38.2831685881583,3.35910316132894,0
4.73178480274858,29.4663827125189,41.4433746404707,2.29386030055605,0
3.16910753030932,17.0517305045427,22.5144269168489,2.04265643658678,0
11.5913483935487,24.5931617158542,88.010897856449,10.5196224192586,1
9.77397984289049,23.0868378077891,63.9363127753287,2.4133428968023,0
12.534940214217,27.9371448550337,97.4764544152356,6.47528796188184,1
9.08495907940964,20.7547026910992,55.4697044278308,2.95083560518867,0
12.5018524740498,22.6612942443513,95.1073725593282,10.8231150486408,1
11.3491705712621,34.6203358390197,94.5922066516919,6.82394217480925,1
12.3341817223101,17.2962113557053,89.236427734003,8.53190086339688,1
7.87779442772504,18.9981572612275,45.4689089096522,3.80292962441917,0
10.7732475982498,19.7809232869154,68.8960015029896,2.03655720299759,0
5.15753157231569,28.9330840088046,42.903153482245,2.14176967541312,0
6.86183956065485,29.27376182641,50.0663731914236,3.05561225449603,0
5.07125544143751,30.6950987315134,43.6441802606046,2.02544228618879,0
7.90364670015915,22.620887496557,51.3261396454234,3.99712725768787,0
5.89702497558719,32.0480657531511,45.5840878995628,2.97924025317402,0
7.88306392955229,28.9469307917798,58.9470741622334,3.64741973429729,0
14.7026681092477,29.2651979515347,131.432206033993,8.40075323695709,1
6.84383190986438,31.4397728863014,54.8744569227813,3.93392912498127,0
14.7898913396987,27.5784887668162,125.171673144432,10.6117422930769,1
10.6356735102718,23.444552456966,79.2134924918456,2.48280657538039,0
7.50109222072693,15.6159762232935,39.0235048505577,2.44022084342561,0
13.2898139890032,26.90911326578,109.944333555662,7.76960421278045,1
10.4350408724229,26.2752713900365,72.1124922232899,3.93993876994534,0
6.02439696157007,27.0161604309824,42.9642775370441,2.6810115194705,0
12.5142681357227,21.4570693735314,93.1533608665646,9.2614424741098,1
8.19526210480996,26.0976395368938,58.3733921484546,2.41394976024223,0
7.2901340079653,18.4331260856817,45.6391209645309,2.34482131709282,0
6.96332323830097,27.9971885241898,47.3923307462697,2.61443091234378,0
11.3684265073577,16.4334694738183,73.6969207763134,6.57111590929444,1
6.22380148687472,32.5015426759949,50.7382403404366,2.85262837016415,0
12.6993361644646,19.322759002932,90.7623541340504,8.18653502807217,1
6.54346553279817,20.8768914115651,40.169148228254,2.23038945120926,0
9.52945660302429,32.6947383727887,73.6477510010628,2.75051433490553,0
8.85505790166243,32.6718418005137,70.0436155359698,3.56503787094072,0
13.2642769511444,31.7253443230283,112.459849786186,8.74251909986914,1
13.6606372127446,21.5387123381249,107.576066593857,10.5071004029047,1
5.2126133084132,33.0468927840913,38.0468927840913,2.77191467798849,0
10.024181507259,30.4360459154977,74.814040625238,2.60200198664179,0
13.7784605522056,28.1616596197151,117.318490977329,10.5970905165276,1
8.35340662841316,32.9960614764494,65.5318182002912,3.4305450553799,0
14.0624196658058,30.6626294452567,116.398647196387,6.81225047789326,1
6.34789068548365,23.4949901836618,33.125214472463,3.80486970352205,0
10.3059740903255,21.4851044825418,65.1053658623728,3.58994810086393,0
11.1894445172018,22.877562755403,83.8770033179999,6.39364495709743,1
5.73846880020581,16.2282430811633,36.2246746337442,3.2573018269668,0
3.1652101506926,22.2686178605239,29.7591394912097,2.32772162876396,0
8.00068754844835,22.0608737168988,54.6128092536933,3.49789739847953,0
14.2617827022808,32.3124897511485,120.734242557687,8.02029722672585,1
7.11633731796488,32.7740009906052,58.5542660504932,3.18477130438384,0
12.3569315457912,34.2610417372482,103.746912491322,7.04971519141571,1
5.09683575392889,21.5639849522927,32.0434825461229,2.56718059132305,0
7.10343403562943,28.8664031158193,51.5684423987252,2.96216513929308,0
4.73517265005716,27.6613253579143,41.2366899025479,3.55362102555427,0
11.6012497697565,19.848874911799,75.7908601148634,9.9096899083058,1
11.3916914843618,32.3997525268536,87.8504754700926,11.3768892379505,1
11.261967815387,19.2820383153926,72.9689324454145,6.67034850415951,1
6.0407524138356,29.9542800530156,46.6146423512926,2.45361112783093,0
11.3083214594809,17.8932787102846,71.8615500224959,9.54092197062601,1
5.7275704909914,17.1363931247922,29.0895217942103,2.15072833987219,0
8.09578939117608,29.4064442024709,59.0480960203386,3.34629001358432,0
7.46306546001225,25.5263623208942,52.6846760601246,2.82263537460762,0
7.26369493944147,23.8583166267251,49.3095285931124,2.86549805173499,0
3.69185768689508,30.5636113550914,35.5636113550914,3.77499175608319,0
10.5797595223913,22.1748670559651,69.4344033213456,2.10768877136498,0
11.4877992321804,32.0669919702781,91.787283020269,8.32100753544519,1
10.363064334034,34.2434499431366,80.9388144187203,2.54128860644849,0
10.7797530739575,34.5825098714898,88.1360645405937,2.34055742781533,0
5.03928857060709,20.5525600456051,29.8752264330676,2.20545775356811,0
4.79336158726635,23.3001407276959,33.3407382746435,3.20037862841897,0
9.17010052231059,29.5001976863471,68.3181644035327,2.59742463505237,0
13.5039927162545,32.8973186802591,118.175195590921,7.8632417977064,1
5.20744129856666,29.2262222020933,40.3119524546361,3.23861417175593,0
8.55406942449912,30.162645655581,67.7431267875564,3.87730304808348,0
8.14718800835884,32.6680730393554,61.9701677549893,3.48543706329203,0
8.96747023103419,22.3389647630023,53.3136208305362,3.80744555781325,0
4.93812924583214,25.8508988329431,36.5928805653,2.09417083564651,0
7.10928769361773,25.6953995116549,53.5249388571225,3.7046481838958,0
6.14256484924224,27.9516516040859,39.4309482408641,2.20168957812468,0
13.1343233187537,32.9036775944826,108.209998782857,7.14099774374759,1
12.6039869493168,27.0165495225227,99.5950423885387,7.00776226599221,1
8.11966989921772,34.3987707543201,63.4294543835993,2.3110847989808,0
10.2841855294685,29.642711095305,76.9336030437634,3.47426738671347,0
4.74558732319464,23.3058298310916,37.3476938697093,2.16661356064705,0
9.1153595306107,26.6227692032818,61.6155284669474,3.03022397512968,0
6.56336502944285,33.4464156483409,51.138100346036,2.21496079538964,0
13.3158114428304,27.3700076785395,106.12819048587,8.51582853959892,1
11.0591805708767,29.1985720683672,82.1312876104026,10.8967857565017,1
10.6016881514691,28.2258406418896,78.9309401722865,2.97225186105246,0
4.49701560083015,21.7229287779913,28.7232865235459,2.62333023412436,0
8.64705455398663,19.066697102454,58.7362855688172,2.51537132377472,0
14.8388733550426,23.1562592520084,120.68160481162,7.34091694173705,1
14.379590088872,18.0153961226347,114.826369789429,7.9399924540874,1
10.7410276831253,31.5266709544203,83.6075808042403,3.49105648957332,0
4.82069845238368,29.2092122700163,43.5645066621961,3.4352434944898,0
10.6695221846389,23.0211237882103,67.4353515368571,3.56829725492029,0
9.78794535052713,18.4276539217664,60.9651478005856,2.99932526583866,0
8.62399005193502,32.515986797721,65.9959555535675,3.84928750971659,0
8.13644963361924,27.7812781207605,55.4291480525507,3.73504620612688,0
10.1912370678964,34.9320563996309,81.1928450980831,3.41717527519416,0
13.1996386621916,17.0219577919549,89.2316891539958,11.1430426424669,1
12.0134524844632,19.8969671826452,86.2479962002925,7.66582341504899,1
9.9523264835668,16.6730986832612,67.7508740574284,3.34420942040764,0
14.0964501784323,29.8948355151939,114.957617216527,7.50395680569274,1
3.77687980129859,18.1915061891408,26.103197414932,2.87469042746655,0
14.8961581047817,32.6331906787003,134.984337191823,8.44241586347849,1
3.63593451201587,24.8295905307779,29.8295905307779,2.54364756815854,0
5.39394655366274,25.5233852533703,38.7656952753254,2.91472798773082,0
8.07303193973473,15.8504057758201,43.5173297321455,3.74634615489173,0
4.29010651422201,27.2810727146325,37.0625150801014,3.30928667570019,0
10.4840449319724,19.5522957819013,66.7535957574541,9.54007792133038,1
3.57591076858641,19.2700817869403,24.3808574439813,2.68519615605978,0
6.41548657208331,32.9063713784838,54.8069654355967,3.18064615419055,0
3.73244017343605,32.7602669799398,38.811245492861,3.18368457998974,0
11.442231973261,15.1053036865264,74.7709861787151,9.00320236172703,1
11.0214740110738,31.646079191722,88.5166640231475,11.7802944054766,1
7.54296711900723,33.0459768003911,60.4775895882794,2.0100110834784,0
5.25833112035785,25.2389531618495,43.0704073634938,2.52923533136206,0
11.9640579483593,28.1234763610277,98.0861842364558,6.49628460320899,1
7.08455148918561,30.3557136786689,50.9731433064218,3.64543161835068,0
12.5436140088677,28.7087994950514,99.1590277919262,8.01476397995919,1
8.85481127015544,24.1823283928536,58.1426787002466,2.87835540566808,0
9.30803333221175,26.4690446396542,63.2192545118662,2.11324262724014,0
3.34189019389881,26.4811886346088,31.4811886346088,2.99400367707201,0
10.7307842385484,31.8426104004851,80.8096706103042,3.25118609038117,0
7.20787802918601,19.8088341523829,47.3958575183412,2.9212866539464,0
5.75046032750479,30.1445293253141,41.0835991832503,2.84278860115185,0
8.20660051454041,31.2467421943667,58.2272741257515,3.14485640446657,0
7.58960948725101,30.9406472228995,55.766107638588,3.14418096120355,0
8.63746848103632,31.1541563798397,66.054041119952,3.23354760658387,0
14.7538002501577,31.5856004477311,130.002815048823,6.80987778576745,1
7.37253684441877,23.3503150260448,52.4715054622504,3.33136449846563,0
12.2929216000325,27.3577347120109,96.6571693251722,10.8413121383103,1
9.63321115859871,30.1049103229372,75.5540375941521,3.46894064566946,0
13.6695730692898,30.3953113868337,114.373291430205,7.40529915864449,1
7.25943421379486,34.1720924585107,58.2720731258315,7.87833406669396,1
5.94622416223809,34.5015055118401,51.9486870640709,2.68653492973521,0
13.9322308758836,26.2946918381808,111.507967427894,6.80309676171281,1
3.52241116509318,24.3147813748381,29.3147813748381,2.88025985795821,0
14.409041136732,31.7105065337284,122.196480766498,9.37484991155197,1
9.6768829880511,19.3992184791331,62.2753929351286,3.05052007420275,0
7.51635860024505,30.3279617892179,57.7510241484413,2.49875364804092,0
14.9406278680693,18.8402319825355,118.221326036985,11.613862776353,1
3.70035175377158,26.8325513190613,33.0493231617229,2.61236703061219,0
9.20047631721135,27.1366291325113,67.4658357322737,2.05680411168345,0
3.37316490546657,23.8368760560435,31.3295912025903,3.06923921842429,0
9.8541088702348,32.29101305616,75.6820994395384,11.4768282376944,1
5.16562210794139,25.8696437228354,38.8061634622736,3.95458915564877,0
10.5715104040744,24.8545942184915,75.4622244438161,2.28759197171378,0
14.771084109007,23.3625127134011,119.007410645753,6.99657867923003,1
13.4988306145486,16.244503667727,99.3463782120492,8.78317558755877,1
8.42203499305045,22.2429891985379,57.6689893453616,3.44717584693349,0
11.5015304406206,16.8563071638828,74.6487824594175,8.42027330899301,1
12.3296250000383,26.3127699935211,93.4546995625151,9.69841861368874,1
8.93811701019076,27.8100326311518,64.5461456561049,2.46130364323948,0
9.34240188213078,30.3556452523632,69.7808771184161,10.8463847691977,1
4.80941278046631,27.6507051268829,37.0592213737075,3.89256644097318,0
7.43279910734288,18.7412151035093,48.6698688371364,2.36961899684781,0
4.70665503687344,30.0048790155823,41.0710910087642,2.93463532799233,0
11.7227250401348,25.9771880086157,85.2854977005126,11.4111867134656,1
8.72415593282716,17.0434071866878,53.5257117699761,2.72436006496382,0
8.38654604048119,15.4965405837582,43.7251918717154,3.79032349828678,0
13.6319756539842,20.9749238476669,102.424530169449,7.43459777596306,1
9.33142526773874,28.8003005852985,67.2062413325564,2.04675224889596,0
7.90908998300232,33.6557670088827,58.5292681251691,2.69347154915378,0
6.22670426655175,34.3299440136044,49.6249575068551,3.95865126587209,0
3.86414442203724,30.2909617866929,36.4164567558576,2.05279254826477,0
8.01763360470379,20.8649837141379,55.2815279417907,3.72813542129456,0
3.309041788879,27.4413825054593,36.6311472378342,3.55004301483504,0
6.49384728662914,19.6219225507365,34.8944153979911,3.97228824364573,0
9.04211411818076,30.0138074330334,68.7292273014838,3.12873977094833,0
14.5911967802367,18.3173405895906,112.526726951446,11.4137769991803,1
4.31259497032302,30.1294077104821,36.6466553759798,3.74287401907908,0
11.0764926505995,32.3717799786096,86.0682905776858,10.1106865095946,1
8.9991884531904,25.3901270717291,62.2090693698877,8.17548980775014,1
12.3251787513094,16.3126967651701,84.4807307396468,8.80747279750535,1
4.72328397449051,23.9778404149159,34.6579869128138,2.05244244225172,0
3.99843163723051,31.7565722275964,37.6290598747321,2.79519642807253,0
7.79062326422945,18.5950530686011,44.6398973291728,2.506337986633,0
12.5635470237588,15.7711812252559,88.4133492201223,7.18535051721459,1
5.30010886691868,29.6538714895836,44.0778270882999,2.29468715908142,0
12.2133263057673,26.2608144714679,92.0588632537476,11.1557725914824,1
6.48357596474242,15.8412125289847,39.1520342309937,10.6258009533544,1
5.60269785134154,34.697705281166,48.480346531366,2.01146041171026,0
3.20058706892408,26.3866477496745,36.9268177498246,2.13852546301448,0
7.78390871906854,26.7031334592531,51.866989234903,2.13329782009584,0
7.57297789552143,30.7981328373289,55.4285449964195,3.50528400580519,0
10.9121392343444,33.0526934137262,87.4086194574852,3.66760765950315,0
3.85102080564465,16.2150147265939,23.2864059927265,2.52901871107511,0
4.83124784450726,21.9702641877763,31.6214041525661,3.44729369564318,0
3.19891059481121,19.0018372613679,24.0018372613679,2.42885443039991,0
4.36555627736888,24.3030306330992,34.2603539377859,3.25481045136658,0
10.8214713121211,16.8293588393123,68.4977867741439,3.5428012702563,0
7.83188222609903,16.3617154847945,44.9419039975706,3.54369733340348,0
6.85231577000779,21.0177886626057,44.3114473123807,3.50357435447205,0
9.69494393092527,33.086905155437,80.453206809096,3.33784875234497,0
14.9215255571982,34.5108395577499,132.359230986168,7.65638354695431,1
13.0138381682164,30.2744006356679,107.12841279838,7.17362157398778,1
11.395478188795,15.014818259211,74.4811271287975,11.3037089782647,1
14.0191030695847,29.7043110847247,116.081474789842,6.3157232226836,1
3.47674448019702,15.4398501997005,20.4398501997005,3.09438783882596,0
3.8440012993863,18.3713136451012,29.0604207220097,3.29919254934902,0
8.68807547985666,15.2102801656906,46.7858236898093,3.42690937666883,0
7.19000895548493,17.9825399753452,42.3758455648524,2.63480052605421,0
14.2470247455414,28.7501105032205,120.458506945643,6.00391885597463,1
8.87477953374202,29.0403375068271,63.0480296770972,10.8314838149343,1
9.47578932112021,22.4215481324371,61.2711557118179,3.34141068256593,0
13.7431243887746,29.6238164840073,117.416667996152,8.81330271810781,1
8.35962054988429,31.9460841084928,63.2366711503603,3.39663335773584,0
13.5244126712442,17.607150288831,99.8339810028613,11.1925744439736,1
6.04298099245954,16.7481463232349,35.2274843207523,2.61137482334752,0
6.2857164498973,22.4384291302781,39.9086526405264,3.64803202108468,0
6.94033668105108,23.0776727510235,44.4352085779144,2.1378763335934,0
9.57077124577144,20.5280843972074,59.9744421634826,2.16887042432237,0
5.64154408832377,30.0833637188889,43.5554473029255,2.668412671156,0
11.0571500529753,21.4357240110478,74.2182683297801,8.72616642142833,1
4.71351939363601,31.00288623835,37.1045149988865,3.91049508071438,0
4.12920329399567,33.2261670854729,39.7032590401343,2.75987606162256,0
13.4423009544645,25.2629801508243,101.205793524146,6.27331964912574,1
5.84242444268398,23.588440593613,37.7833550707163,2.34190141032282,0
7.63204813227115,16.8318960434309,45.0698088704793,3.03475846220803,0
9.85850511270399,20.4735460760993,66.5347661125964,3.65096082932557,0
9.30962363941764,32.7329562909171,70.386312782138,2.80049860675357,0
3.91228655330528,19.9188868254711,26.1863260761836,2.79183470232193,0
13.4895112271763,27.4237877374175,110.185881722021,6.72230847728163,1
14.4136274210243,24.900147916856,121.115066580708,7.8687001679286,1
12.7500876500961,16.8874507186843,85.6719187432085,9.34305599904512,1
6.40562201936249,32.9873706278575,50.8916983548306,2.64621740020212,0
9.33416155341551,16.3554166491623,49.7857880142597,3.81259610446539,0
7.07300068821131,28.6140465093316,50.9088959396999,2.55700325924331,0
9.656007729452,34.4399627996877,80.7456222892416,3.72094617048648,0
14.692841626956,29.1874758164149,121.333432764174,7.57860217990487,1
6.74043501262778,21.5181744091675,41.5765714590546,3.47027511268727,0
11.0255592710744,16.46880332736,68.2036469695194,8.77783324571429,1
6.91160648770783,26.5947409409469,46.2787499881319,3.13478275689474,0
12.293727192181,29.6703403650619,97.1070343766362,6.84508620078572,1
6.90971959935846,22.1769206730708,42.4342035942918,3.39569873506233,0
13.6779280973685,28.0750294502061,115.215906242647,7.27155854588843,1
12.0204926510312,26.3318281639692,91.7033843552949,9.02740781051672,1
12.1515851453413,15.6821283479666,81.8125691454832,9.6704051635854,1
8.63374834271911,33.4138890609753,69.3039481813959,2.22652670205331,0
5.52917402962446,22.6001160690496,30.391024084053,2.98905863688364,0
3.49770095491799,22.5880388799377,30.2168056710849,3.39546899069983,0
6.86194559964293,31.9271175159534,51.8269424847446,8.11076591903606,1
3.44535197392793,24.6855580399363,30.0580964642451,2.63864422831306,0
11.3262649364868,24.0213758852661,80.0558947058009,11.604675749889,1
11.044200383234,27.7971343068869,84.6449434238656,10.8180854700121,1
8.1656613929397,19.2354258157767,49.3351035892782,2.26720412189172,0
12.2134677318981,25.5660138539451,92.0845864891428,6.3464977302117,1
9.43210193687476,28.3713704883147,66.2586013679341,2.22875287648493,0
3.47831911962543,25.7755339996581,32.4865545666629,2.26770519615681,0
4.61751741552815,29.1752227501613,38.2167415418151,3.11661221288522,0
5.32099678817902,26.9707298392628,41.7427968923143,2.08698026718399,0
7.0279656139758,31.8281106739952,54.8641909535665,2.34393009577983,0
3.62775535724972,32.5834152560288,37.5834152560288,3.31640996185744,0
10.2614013660044,16.9567840606542,61.9546433320299,2.40476553565021,0
9.14473233028703,20.1718798904415,59.5416546577838,2.97404566652144,0
10.4095321442059,16.0931231083864,64.4958382655148,3.73016219972136,0
8.18826713717213,19.5778373553766,50.6565732458068,2.06570692796524,0
13.1724056188493,29.4183341422422,108.081329550232,8.64001844070424,1
8.44870867270982,16.5709047898524,52.3544071348069,3.86644509015539,0
3.18484223750305,18.1023902610007,23.2401840463211,2.53492133396069,0
13.4768177813652,30.4153665485153,116.281909629856,9.91172044707801,1
10.8744185729292,23.8865035474556,75.0543028324573,2.24889655710779,0
12.8760364877817,20.8024147538464,97.031052180705,6.57294348516495,1
14.4213083164062,27.8796939254593,116.636174997091,9.5619451887067,1
3.61094860220265,32.7387680909675,37.7387680909675,2.68139606357363,0
5.82086236909217,15.7521088075154,30.2699538842726,3.53117034691941,0
3.76012132147608,28.8618868900276,33.8618868900276,2.18110595861879,0
8.05989463238941,28.3710144804578,59.7776528077454,2.62024021336468,0
13.3659497460174,32.3602419719516,114.664661301944,7.40541033316983,1
3.97948779258082,18.92744080047,27.1177167106717,3.78182673916831,0
8.67734343463054,29.2558525906794,63.0977696871527,6.40841762417955,1
4.50651731770468,17.0780221651057,26.1532473423223,9.40145653771909,1
12.2746272260054,16.1325271358802,84.385969369262,9.18692794609744,1
13.0970658815501,28.6159206851574,106.570678141877,11.3923695482998,1
3.5194912582339,15.4526942826729,23.4923328899178,3.78829064661534,0
8.83728891804474,15.8859817760425,47.153827336461,2.54147388408247,0
5.87293252965307,15.7390604554667,31.3557793188676,2.670768894829,0
14.4296853803191,24.3082101746667,122.047806488827,7.96170432860597,1
14.3267115334056,30.1573888848934,122.290452144535,10.7850715447118,1
10.3672080286164,34.8439844737987,85.2787479159698,2.15551882314252,0
14.6818487679024,19.5321539310812,117.089060076004,8.2075243345403,1
7.13833612459501,30.8476045054105,55.0788449531953,2.3394086717224,0
13.7742086120122,30.9049172835938,115.755414029158,10.4682965488087,1
8.21513968090211,32.4448541868434,66.0332068549974,2.56016015139054,0
5.82977564577016,21.2851198059078,34.8486710219971,2.62879190406473,0
14.2899355584168,17.6585011027442,111.281522875447,10.4244636224322,1
11.2106166117987,30.9340315996829,84.1863454193931,10.156898743726,1
3.77893902406955,26.3492667533581,31.3492667533581,3.57935750520074,0
13.4450982818768,23.2930785360174,104.428525596839,8.50645850006525,1
11.4165635356002,16.1728335437194,75.6482810770836,10.2032740131583,1
10.2591224756914,15.1311375077187,61.0582586646404,3.9656453837855,0
11.788498790152,21.3204692660917,82.8950212722969,9.95173318497639,1
6.04126850999737,20.4291757066576,33.2760400676975,2.78936290459425,0
10.2058674632945,24.5144725462074,73.4234400653198,3.57558130920981,0
12.7754301751399,33.472237294044,109.173769262646,8.73230435250937,1
3.649363923888,23.3336897212132,31.4317992007113,2.4085940355527,0
4.56612805607119,20.7576774175882,29.7122760744078,3.69653528064391,0
13.109349719477,31.9049306649311,105.999197508124,10.8340676137972,1
10.4201504319346,21.1389973474103,64.3894103597398,3.41036414261476,0
9.3754537257727,33.3116804489997,75.8672035302276,3.83824368969808,0
5.97948874796518,32.2682368656845,49.6158102603424,2.33822088819854,0
6.54094290299395,27.7763837633621,48.2436859864214,3.85969659256068,0
13.4722339790335,29.9535038714749,114.435293611081,7.24923048554774,1
8.05999121819651,18.1464559106026,47.0189308457053,10.2539935802017,1
3.77316306695528,27.0574854022291,34.7200181276874,2.3016461797184,0
13.763820834091,21.5407456773249,107.735520348471,10.397200592568,1
5.44056999388861,24.7735610712385,36.9822184882059,2.2711856169882,0
12.9147304259087,19.5077091619581,91.4365198093094,11.3957980923761,1
13.5812474769937,33.0391535533645,115.021507913939,9.82407916868571,1
8.84100893782006,23.2306755436925,58.5643970568393,3.99094088895161,0
10.1815763172556,24.534681063937,69.130565753335,3.68571391086442,0
9.327209477825,29.4280550586853,71.189694873342,3.36068757736139,0
10.497855530226,17.4439362584541,67.5666564207727,3.68699188708376,0
13.2605006561682,25.061300971022,105.144502602115,10.0040795724861,1
6.38567338085833,31.2629532657286,54.3386777316016,2.08336138645345,0
13.6050660981672,28.5468371984111,116.031906445557,9.02628002687935,1
9.81228396142979,21.4330145204927,71.4733938942613,2.80805299386651,0
4.38123649160284,29.2133079333239,38.2343921724183,3.16291298304093,0
5.7240139825759,33.6887919735896,44.245524546029,3.34001711532281,0
10.1517886273562,32.8955247670268,83.256782728913,3.24390741057225,0
5.87335484285616,29.8446957635025,47.4902947528284,3.74299726056434,0
4.57698792644953,20.3220233770033,26.828047469531,10.9166453530322,1
4.94217256948602,22.4497481387389,31.5112473982368,3.10493593704399,0
13.1384702188289,26.1683584224706,109.808592682488,6.87019186074651,1
10.2262038467125,22.6209779371283,70.3606126989094,3.66891044999793,0
14.5628050462601,24.1149372412497,119.752187360036,7.90167527830415,1
7.14815055955231,30.8705188823538,47.8522811458529,2.76864999723389,0
10.1475011776194,17.0788026422023,64.478751141889,3.78094175850869,0
10.187823467681,34.4599315645435,81.1671040241462,2.34238509332307,0
10.3884514464474,29.0923813242208,80.0337355840003,2.61806973017891,0
3.71012648622867,32.2945573675265,37.609868621357,2.29790827262558,0
12.0038062148962,30.6336010788575,96.0760720132663,8.72747025989899,1
14.3785139782515,23.6436742701776,115.909842822887,8.3787557746815,1
9.41614868615506,33.8502228676643,73.9486958506384,3.4241190944958,0
5.31067225146082,20.0617243421706,31.7332696897812,3.85505604204031,0
12.0351109797593,15.924968463791,79.900176739217,7.85818841906625,1
3.08782763193437,16.9375646052961,21.9375646052961,2.5294065645987,0
6.93907324380937,19.0147324384416,43.4648969288803,3.00241617329626,0
14.0112761717327,25.7816107269488,112.664805360698,6.39742305429171,1
10.0604079947265,19.4720510513187,64.7133369532397,2.72070305624945,0
13.2622834068496,31.7064163970281,111.950936608958,9.96699729516841,1
10.2560646281903,15.1867737448561,59.6160850025879,2.45896748443208,0
12.8709378302865,29.9180185758935,106.522865827891,11.1227312089005,1
13.5538022811518,34.3801564448407,112.719131979679,11.1359765954459,1
6.85183649429344,20.3436642216999,40.0674370567721,3.45778517286476,0
4.47545725862614,27.4763101285683,35.1855483187666,2.47575741696499,0
11.6556401302389,29.2955926989121,90.0788501102655,7.40056555564834,1
8.28416504197486,21.5391483585927,53.4543713739603,3.12345422183474,0
4.5208285097041,23.6625314382568,34.0467054668144,2.36577565635562,0
10.0778837773187,29.6881769222958,75.9333505081073,2.66319560270239,0
3.43281977483832,17.6230037437611,24.6939716877806,2.40060821186561,0
5.40218539693184,17.8737194599764,28.0868233655055,2.6800025278332,0
12.4596142760156,22.508126454971,94.5395170100905,6.8944871996958,1
3.14516112018429,19.5681810362328,24.5681810362328,2.58006717248256,0
6.64014806050283,21.1397278756,40.1223427057171,3.72010500685495,0
3.25651153305685,18.0013136977181,23.0013136977181,2.24818294570124,0
14.96981991274,16.9327211967797,114.943014756085,10.9663374716567,1
9.98435971612154,33.3196806223268,76.4078203771961,3.48702627155793,0
6.52051534183268,21.9178681694339,38.1622823601926,2.79830870110976,0
14.1473935427174,26.3193251347018,113.51880405291,6.07228460039777,1
9.08543308257845,25.943975301448,64.8501770153378,3.966927102488,0
8.45630673062888,24.0071509630462,59.3323662912383,11.3805455682959,1
10.0544580755542,29.9564116068488,73.9148421368789,6.45103484657351,1
6.16965173052684,21.6315291469295,38.0680446435963,3.90355147624836,0
6.6634595921692,32.8495491371469,49.320114285873,7.58729721547937,1
7.45985492069019,16.3606644461417,40.0280346326188,2.4905020073437,0
5.93337599245933,26.4977918545016,41.6745417753877,8.0610634085336,1
10.0145671933996,21.7810515390348,63.0778110031151,3.09096660557943,0
11.3501536071879,22.2780068977559,77.9338101352647,6.76585251532784,1
3.86336664196801,21.1019578849522,27.7540110101248,2.86150577834796,0
14.6529998355056,27.0717259902107,121.932345828787,8.74837900057513,1
12.0368478704335,19.688158590677,83.7859358937427,11.011139619823,1
12.6739579554409,20.8861239938084,90.466130715956,11.9630746828052,1
12.0196848489755,20.7098918108991,82.361819146943,7.62970229926526,1
3.96073172725461,15.1359089068233,20.1359089068233,7.63227256657398,1
8.78035539625412,22.4323701890782,58.0332431580819,2.26552929709735,0
8.34807547681987,15.9779470234492,45.1758007949544,3.80569654866941,0
11.0696718062992,32.4875242504081,88.3019020726606,7.90141833772415,1
8.38484710589186,29.4364526280685,58.84970222411,7.14717656171818,1
11.4517607806069,26.9061420905468,83.7603374768719,11.0490593094003,1
11.1797440512315,29.877566699772,87.0011660515689,10.3812677066162,1
11.3657823450331,33.0218816758303,91.1703634318075,8.00821017245816,1
10.4232089107384,28.8818112674091,76.0521479782109,2.49774116844032,0
4.81176879935575,26.8151263425706,33.4780775915503,3.6699773769826,0
12.1296294756691,17.485184872509,86.2530005841111,11.6414074949842,1
12.3725498663275,23.0916530304438,91.5443645951068,8.22733600914172,1
13.8492358309657,26.5790249652181,116.475483183184,10.4273930134049,1
5.80522431124927,27.0568873163826,48.3977641282431,2.14178145671538,0
5.1201467168681,34.2155567356771,42.1282958259085,2.70603757639552,0
7.69318947728115,19.1100064215105,45.7674229117535,3.74620353275179,0
6.84677584794192,28.26302655126,48.7185656912026,2.70249234169913,0
12.7857231480675,20.128582813229,91.7244227080397,6.84159964155234,1
10.3623107960212,23.3552248502089,73.5841839205159,3.97812865897922,0
12.120021028197,34.4390092421907,98.6458838402722,8.84971158411662,1
8.13198119636357,21.6215486118211,53.1264076668854,2.63165931163461,0
4.19328675498707,22.2404633075108,31.0172064832113,10.272708183379,1
4.38042014460295,23.7913689692989,29.3117030748518,2.61357436402551,0
7.48088558084634,15.8133557977831,40.4751740633885,3.75162478376175,0
5.32617321011409,22.9714047700886,31.0845881680643,3.15918830380276,0
12.8489579834753,27.3797019914154,102.064527457548,9.05376182166534,1
10.1956321010846,26.5615997370047,70.4727538454542,2.59189777509583,0
11.266143108224,32.4682545557755,89.6470765164482,9.31566371324327,1
8.89331953565155,27.8237311563035,67.1020486305628,2.37194844168563,0
4.05808417490617,26.1391188935866,33.8976083480831,3.64516612556652,0
5.82093164023404,27.8129431414421,43.4467113730336,3.71366683038361,0
8.53922497069946,15.9523356682128,52.376246642962,3.45716493753879,0
5.38309803664712,34.9224269711701,45.7458634876939,2.64200131463687,0
3.30571482934584,18.0341083523893,23.0341083523893,9.50118765853162,1
11.7527723790738,23.3689377347085,86.0327652855311,10.206905688234,1
11.6990009666294,20.9050294028738,80.7876049207337,9.87455408318547,1
6.96470095634043,26.5443378819127,47.7918921689777,8.30002496774178,1
13.1219295127639,26.1912204689523,103.089154303684,6.78164564909202,1
8.14130971141288,22.0422864851955,55.602772978146,3.26369603245732,0
13.3762337371624,34.4725892796212,114.30816650776,6.90498660141533,1
10.8847850954747,30.0254327815893,83.1243833977769,3.14586536729587,0
9.97242788901708,32.7968272586845,83.1264456257622,2.96184108993779,0
5.40872985642109,24.108203907226,39.1801364395098,2.05296161254205,0
9.35455932574074,26.9881217726891,67.8496591992174,3.04192807403397,0
13.7331890211309,23.2690655151156,106.257229368039,9.84279529182999,1
6.65992771002259,21.0851033088,38.3159782001524,2.46003199852394,0
13.4513473099326,25.5094114150219,106.040596318927,11.4602050897961,1
13.9049432743007,18.8193461785599,101.642831248876,7.94215653841878,1
6.95813475218259,19.282034478709,47.6462057092149,6.23346555694356,1
11.1968923960388,25.2157483662582,79.0972295713857,6.1654110421311,1
13.7906513947916,15.2770414899304,98.4457121284004,9.9694068678107,1
3.90836258109964,23.9097421734996,32.0948576532446,2.93155613674497,0
13.5430543584572,34.9340134270716,117.192299904732,11.7976233836015,1
5.29007235922177,31.4536596229981,45.1162175639493,2.08840041465886,0
13.1972269202152,16.6692109297378,96.8081973022097,11.932665837463,1
11.0054254643904,28.1178063403233,83.628536001661,11.5053079240259,1
7.13207034540065,19.5078586006155,42.3773903637948,2.86732203712896,0
4.81650683991359,17.3591170452488,30.8175526330335,3.92971596940475,0
10.6244515378614,21.9735452558523,76.0301729465164,3.33064897246892,0
13.1734565245769,28.5433363586498,110.8381686771,9.91207606422527,1
12.8621924971681,26.0152912104575,105.502419584122,10.670058547017,1
10.5388751655679,15.8792532706315,68.8102923455964,8.33488056145266,1
14.4756181170628,32.1350853869416,126.392378680523,11.6120108655146,1
10.0790775249092,24.5519004722001,71.7680119911451,3.60857882709663,0
5.37399341577503,32.135524497368,45.9133602119816,2.58097435636812,0
8.15196867139791,18.7530802310996,50.1072053833958,2.3320081445358,0
7.04095198441401,16.6746653230082,37.8464490052071,10.5672016599629,1
14.9033401428874,25.31939324083,129.214404021445,11.8911944457892,1
7.56283795340718,24.0908932599324,53.1222699832357,2.62696196270673,0
14.9124104839778,15.2778879797969,116.658740741401,8.39491118373083,1
9.22565100880097,15.7870917938153,49.7252442258375,2.14454982442834,0
5.06735641772551,16.8726567146272,28.4427251151678,3.95739601000609,0
3.89488885501776,15.8135495984454,20.8135495984454,2.40362506187807,0
7.44366832528665,18.5147813468832,40.5443266071187,3.05462867940047,0
4.48102631777676,26.51072302222,36.037508108024,3.21298170231974,0
10.6142245955021,24.5350523993302,75.0352804081568,2.6220056997443,0
7.96703814875291,34.5953946572322,61.4997249682885,2.2169121304908,0
14.8909875903054,16.4147426803268,115.807030473657,8.2274805802777,1
14.1594674838398,32.3483126420152,119.397799066701,11.5134080956814,1
4.790832387717,26.5703956428028,37.0880595797474,2.83949695869677,0
7.73858715044161,32.5295109142514,62.9937274045832,3.84879159344899,0
8.53895653154863,16.1142722070627,52.9914394862018,3.20308308865444,0
9.73138506146334,16.9830704284321,56.1098096511745,2.83967123426042,0
12.3643622794712,32.2618943549391,98.3189245111983,7.5253639352069,1
8.84632690888109,26.4076805289476,55.7900142007386,2.31506977014735,0
8.03992262412289,26.1698760217971,53.3265650363415,3.56701384482887,0
6.14399645663203,15.2602533588325,35.5500080827753,2.15255951900696,0
13.9296736690411,27.8450560823288,114.695524580783,11.3730766099342,1
3.26725813839365,31.9532896287517,36.9532896287517,3.96991510257914,0
12.8534627786276,34.9225238219807,108.24190392412,6.14293541446953,1
5.26162079599702,23.6590958143472,37.5044543491025,2.46417845983139,0
11.2290827900706,21.2281809211674,78.3957440620117,6.67423280290437,1
7.26251267207572,23.0954064996449,44.7440922205126,2.28296551097805,0
14.6905515347411,19.5605019262201,116.339432048267,9.27481364675869,1
4.47326555339304,19.5219716946709,27.4358588771223,2.61946594938238,0
5.25083871140687,23.672872173304,37.8791054359778,3.8828314479565,0
13.6733097055737,28.6907901643372,110.883042229461,8.58275826205869,1
10.0008757752987,28.21474577185,69.5201035354549,3.64176523159891,0
6.71095661590536,30.4498033652407,52.1954507985214,3.35432177398371,0
3.00917262573826,19.3362937614105,24.3362937614105,3.75779890386787,0
5.73117285986704,29.5741275746564,49.7846729905571,3.68237055129232,0
4.74484361005483,30.9050765483818,41.2202250979146,3.24187475232343,0
5.44120589244109,26.2362572816781,43.4974015527488,2.76037587734475,0
13.7558706816481,24.3134137990405,112.145211089726,9.77444117964433,1
13.4771325392357,18.1639974369263,101.591161540527,7.86392392717266,1
11.4034732516014,15.9290570208748,71.8301783428324,10.2793349150085,1
8.64597211382651,24.2766429554582,58.8904079784589,3.31646407039697,0
12.9256320279875,28.0860416045044,100.667881558242,8.57591946127536,1
8.94991676502255,19.2509263309631,57.4668121137171,3.51997023742577,0
7.36186419941886,22.998992097514,52.6748274874751,3.23747420504519,0
6.30723723313031,24.9527576901963,43.3547945470607,2.0226627460643,0
14.0968897624605,34.0980791330439,121.624624464956,9.26546937237078,1
7.64387081107551,32.5489025716206,59.8372474166789,2.06962963136835,0
8.91457048117584,32.4809929625703,67.5244948085017,2.22885738839279,0
6.05325722777306,34.9320107767982,51.2387521690819,3.49879829472292,0
13.6195982260568,30.4690656628091,111.992625263503,9.01144720192849,1
7.59916148166344,19.0611975611975,47.0430126789338,3.46174728878042,0
6.5708965837665,31.7977468133026,51.0222423998851,3.71397891708192,0
11.6111395463371,18.3249649707205,79.8044967025689,6.28264684119717,1
5.29043931806769,32.7817415937962,47.0235065839529,3.8864983136784,0
4.41831155216446,21.7715959186927,30.7560417225755,2.76358916998791,0
13.0439733865621,20.7588932781352,96.0085194722982,9.8295694226381,1
11.9296310564344,27.1244599982373,93.1831089518678,10.3179470549517,1
10.0862465717654,16.2122309294804,65.1117276951128,10.2652027394646,1
5.91469889957845,33.1417634920693,47.2761674829693,3.23400003840405,0
10.478965742251,22.6214139673073,74.9263443372371,2.65529511677017,0
10.6602638488941,30.7996634180421,81.2545235217062,2.80014472929608,0
6.9308333293479,29.2109487030592,50.3613154020723,8.56329498981772,1
3.80987211681051,29.0829626001464,38.1711403400002,2.91602103033118,0
13.5664631707719,25.6525233378062,108.845435394304,11.4798831751737,1
8.5194807728911,24.333510208903,54.4102639618,3.53402116050456,0
12.1664726167972,27.9079586427018,95.5010633641338,8.73603971738422,1
6.04666345131288,28.831544142923,47.3009933603542,3.19207292716552,0
10.0966461872102,19.7163639055656,66.3597655503658,3.75297280580146,0
8.14554192418557,30.0761641659019,63.3895412176058,2.77060258910041,0
7.58520771058967,33.732343363715,64.4453230789054,2.19442307867768,0
4.52056060616307,31.3019529527711,42.071797228624,2.3624440812066,0
5.93119995850771,29.6121933767026,41.1267483427746,3.76767105670088,0
3.95209899549983,31.4342187766453,37.9250850462353,2.14408573692592,0
6.63429965661094,15.1390983507893,34.9644650191047,3.68929730951053,0
11.9004576027787,18.4964809320953,83.1251040462552,9.958485696684,1
10.3801886996526,21.8395840303274,71.9154182319537,3.84347584423671,0
11.0689331872071,29.6703626781072,85.8686732580859,6.29786978934253,1
3.10059695430038,34.5674657837128,41.0800993752922,3.12505023679033,0
11.1405236670158,29.6575569335386,86.0527767885376,6.31239836089005,1
9.03816828651464,24.5798586565636,67.2450842086649,3.82000206016046,0
5.77090140581015,33.4210362384978,47.5108492527789,3.38518154014665,0
5.09875810778307,22.5539828012891,33.9985681819734,3.55756795747616,0
5.21979558660996,27.8338126497793,37.654748286069,3.38915682324122,0
13.1311200609012,15.0300894037086,94.8694577927069,6.31940588878512,1
14.791077471661,18.5871908887587,119.185837469662,9.04213621713822,1
13.9648754980996,20.8967753778577,108.878982107333,6.49618472035046,1
7.16843304447375,22.7397959684905,45.2300976804194,2.78254249677491,0
12.3626949562964,24.1964101394634,89.5004788285971,10.1798274676283,1
9.55745508841717,30.9343751790823,72.7656478796768,3.26683272053816,0
12.7973087706713,20.5969116794621,92.1889109032007,8.01649754645236,1
8.80472341426687,16.6532317030882,48.4028746777671,3.86078398154629,0
10.0794155795928,25.4274024859071,73.0515855320437,3.0388796579024,0
12.4471613702911,34.623039762922,106.432515060378,6.68471997322852,1
4.20281571723759,23.0151694297744,30.0132360644613,2.35429048542515,0
9.44408540208649,20.143821636837,56.8440257817019,2.61344072803477,0
7.39180016003585,30.526829975688,55.2189516561417,3.63015785653175,0
10.2516821240265,27.3116707354551,74.0236023242593,3.09626981507223,0
14.505630187644,15.1509667245293,109.573786447831,7.07554476681316,1
7.71387533996355,34.7241020994624,64.9151846158733,2.90834299064917,0
7.7156759752994,24.7783706484223,48.5396255021995,3.07505637513118,0
12.4876439230752,21.0804374173623,91.8646036449085,6.78878165029375,1
10.7409407890251,28.3015410196339,81.7761200440835,2.73916286949086,0
7.72660809426452,20.7112156242906,50.8174753543249,2.42090476303277,0
11.267460578763,24.2708786257239,81.2658918893148,11.4924158869407,1
7.84801930865255,28.0364214265252,56.0317862154817,2.00650254950413,0
4.63335785097746,17.4376405435215,28.1041557235934,10.5747416115995,1
8.40771922406561,24.3444625286221,53.1546708542389,2.08939880622656,0
7.01303271236727,29.7041148686506,57.3178382554427,8.35412948594793,1
5.61562716073401,34.2103608074506,46.9601035704696,2.40160152106648,0
14.1092976196373,15.4277898403193,106.533318705825,11.280732893301,1
11.2756727889547,31.6495842102241,84.3303230434881,6.12332629934682,1
10.1858506874811,33.7829203987334,78.1554454542981,10.3499332373706,1
11.9598896654761,34.7163564072544,99.0128667587664,7.86617495699061,1
9.5036527412573,33.7566327003781,71.7248242898206,2.06136291720326,0
11.406396871434,17.5850281615498,76.1628078497142,10.6283371031669,1
14.1667178309981,32.7204038788881,120.2333541368,7.31421387712437,1
13.3514003340627,18.0572425879166,97.9256302460117,10.9254168997126,1
5.00930229007826,22.2103271398642,33.0297233682609,2.94200719233414,0
6.15766828708649,22.2232387696289,39.870545849938,3.89900252396947,0
3.85932335330165,20.5957078454121,25.5957078454121,3.2888087387602,0
14.7440736619002,22.0960848770826,123.611900824206,6.76539052588799,1
5.83660918392451,25.8600312965762,41.5824353124026,2.05789311789479,0
10.9271802711432,16.5703403331549,71.6625009322313,3.55209427458903,0
4.07556838712954,22.4573934222239,32.23641044036,3.00546927380708,0
5.52925130504422,26.6643776200028,39.8340881155833,3.59395387185512,0
9.03389260222085,17.6849881995945,54.5707034024218,7.27858151827378,1
4.25944401995914,19.8597589058393,30.7388678962748,3.01246124247987,0
7.66648083233669,21.2555816511531,44.9192724734526,3.24875865243453,0
9.45585264167617,16.4906770236701,60.1864658033198,2.52439148568443,0
7.0704502186212,31.1538159060399,48.4745091152473,2.89474829235411,0
9.67080253351891,20.2679494565224,61.1147937905273,2.02529170744881,0
9.44121986330957,23.2120201839106,64.4887857459087,2.76330804304208,0
7.68732598484287,23.1082573187872,46.4852502251015,3.25828163245168,0
11.3552409972132,21.0947127257631,80.3737439317888,10.5955253992552,1
11.1417894479751,17.5547609395882,77.5561540190915,9.34154087051659,1
11.2476377924927,32.871187481437,87.416341323608,8.38247998863835,1
9.73789510559249,28.627896957527,70.1617211502251,3.86739651803512,0
7.29695896815523,20.3378292385081,39.1149150227786,2.34171603404435,0
10.3573480244041,16.8486185374674,61.9841748239694,2.52501870389547,0
14.2288351992984,17.4699003217106,107.552731110593,9.41182450774443,1
10.1626622993517,20.5287280273076,70.4521616362713,3.34963892278381,0
14.7550820923131,15.9808695773102,114.019999566616,7.47351956448001,1
8.29207944490645,17.9029372791404,48.066110813997,8.57629285594833,1
11.8753435500906,24.5005909514068,86.2570499300821,6.16241897810701,1
3.4512465437952,33.7195880502988,41.7061109107869,2.9435211070163,0
12.1767196680058,23.6813797136262,92.0469294083568,9.65863121474093,1
9.21937896392175,29.1828090897028,66.0936511624649,3.35375421682518,0
3.06379839553324,26.4061014823927,34.1952036733535,3.58599535883949,0
6.32640125739118,34.5248837117565,53.1286339896808,3.26370495513868,0
9.41798679023774,18.564224142484,57.3007022655403,3.42713368060489,0
12.2155545393757,29.7821016665689,96.8320520870926,9.00832230775505,1
3.6371111454303,22.0081338971445,27.5728639380903,3.89416358134812,0
9.58864132620624,34.8242420716114,74.2339267399222,3.17188373327345,0
12.6119346695803,22.056234702132,94.7370691324906,9.66826944275355,1
10.7949966585417,34.5756636505115,88.6913423832506,2.88062405948373,0
14.1773641799149,32.2074289398028,121.385792453115,6.90238668073277,1
3.89677734017713,26.9547331995423,33.431512942828,2.41882385157416,0
6.32167755120704,15.5489591340316,38.0964710737771,3.79685792329561,0
14.0308500510741,18.7106409889821,105.851847374417,11.3240650391634,1
12.1800617795777,16.1302355097549,84.647724766928,7.73224695643322,1
10.1968841336652,30.8492352316814,81.2282275233101,3.42786200561918,0
12.9956177260448,16.4790216791876,94.4421904734238,11.339902772638,1
13.7525218989,30.7291887134038,112.329239849881,8.00594331940277,1
14.6726442342339,15.5590369807959,111.873014155209,10.0586809047335,1
14.9822460850777,20.1041250611283,122.490441347288,7.05404853420941,1
4.67579200420924,20.9516677328107,32.0410083958165,3.160020814356,0
3.84650453692439,26.2921298073671,35.7337425626083,3.78655354608797,0
3.88159985232148,26.2412248797316,31.9724903813746,2.8404508118484,0
3.17692549079936,32.7480192920479,37.7480192920479,3.83140854928232,0
14.6618408757351,27.7475488008666,123.836937024197,6.96120909197804,1
4.13720299748675,18.2292406072364,27.5509762613156,3.00231539127823,0
13.1008419142302,15.5398958584877,92.6447122429756,10.0206534145419,1
11.2220759628924,30.2396499590864,94.0795002610872,7.34918830467109,1
8.85068600979502,25.7113759563366,64.77118270166,10.6779289844255,1
7.16033857630294,26.5725829910014,49.6426371292834,2.02863731174098,0
7.24377344480406,23.2821009573272,46.8531691763917,3.89096944403476,0
6.04606658816625,26.796301761956,40.9833819360205,3.34563993996324,0
13.9322156843835,23.1126275611335,108.158576485784,7.06203713768154,1
11.7077105459384,23.9138481095038,84.6399475644604,11.8440774746417,1
3.31110951341124,26.8547927201758,31.8547927201758,2.74082813441395,0
8.53825503896537,24.8468902107065,55.5415806586109,2.16661688959673,0
6.37561527044174,16.1820678190975,30.5391869916219,2.24483594366382,0
3.34759423413478,34.5357941583112,39.5357941583112,3.69573681010177,0
13.6161827317115,32.1027528002409,112.104155011803,7.56288138772201,1
12.2520642954562,22.5817125565626,89.7883235872435,6.68887623709211,1
6.95682095093113,25.9304968543897,48.7382117813262,3.45531038644684,0
12.5587030504405,33.6574865327919,102.923180178013,6.50993935234662,1
6.89565986643596,22.9593068340155,49.0298041262362,3.02335568083166,0
6.69458932581176,33.8954539873532,52.1089794085525,3.6463515908355,0
14.1373089420087,15.6097255237119,102.074287235794,10.4981221963985,1
14.7229939433502,29.9159904447033,128.901685985517,9.31692126463633,1
9.28266365660271,30.9401322212661,66.8684001213169,3.33446401502226,0
14.4232220108151,18.8767022525747,112.010906002095,6.38144854825866,1
13.6559579271176,18.2573355058492,102.789382726127,10.5475788295109,1
9.2163907391329,26.8215657130275,70.0800780022354,3.77580206563723,0
7.47298562516983,24.5938342371567,52.5523555264422,3.24796341423789,0
11.5242549398353,26.7308520484796,86.2793568616545,11.4171369762238,1
8.46772109570465,17.6454219376246,51.1950297835599,2.67598845665042,0
10.2625547414786,20.5547413954004,69.7922982368841,2.37189717604083,0
14.8848743626794,16.3934472145925,114.365481823134,8.72191421620536,1
12.2869949994776,17.1599344531855,87.0449063812137,11.5801402053297,1
7.01131685992592,29.327553551222,53.0727172133552,3.92261237784957,0
4.06797864986854,15.528039110487,23.6621626528747,2.66942415695076,0
5.2188670833409,25.7930064419899,37.2530974435459,8.89101395213791,1
9.32222251070201,20.9732597927341,58.5408109712177,2.93396549825659,0
8.0052290172823,32.3699460033347,60.4126622514007,3.65711184953866,0
12.6079158975509,25.9007775497163,94.3499632073698,11.6061826909551,1
14.1984280582402,34.9509546908979,124.247996334586,9.11917875434202,1
5.13437697541618,26.2215178123853,42.8163732088342,10.481435095025,1
13.3208012505146,26.2419562592037,105.903505322513,8.07000971874881,1
14.48873911592,21.70213396031,113.79945093847,6.30257059605595,1
14.5136472821974,20.0464986800492,118.208757042424,9.01048008176837,1
3.45435105264517,23.5473935513467,28.5473935513467,3.85010800693139,0
3.69100206729808,19.5435070899214,26.7700555422274,3.63571749975731,0
3.06956871501227,16.4175201517548,21.4175201517548,2.96547657850621,0
6.75217387386572,23.5010246656815,41.8703361066609,2.62826019017032,0
3.66838095254526,17.1283418630305,22.5411650978439,3.28316661616449,0
6.52634982564653,29.4624162920176,47.04709296182,3.70909219506321,0
7.27219783237424,20.9678805720166,45.5911389092826,3.16293923406078,0
14.4441242216871,24.8072331739904,114.465929145015,11.5801561458018,1
8.72341106984133,18.9116656449975,52.9553531996635,10.3991663332193,1
6.33886130905596,28.6165301781935,46.0827809594682,3.37527936808859,0
9.03606234061146,31.6165229361063,67.5082385741451,3.75196809773435,0
10.7202950957896,19.4081357193067,72.7456163437718,3.7323695685648,0
4.33494807080922,15.1561733818768,21.9108760482307,2.23274310676014,0
12.0967398975973,20.0180861691757,84.70763049533,9.06069311139551,1
13.2233492554475,27.5527260447516,104.621498298657,6.39440964236598,1
13.1309983148331,21.2163365447488,101.236145641604,8.83838196216981,1
13.6860819889451,31.7241227661984,118.459572401692,9.45466254403862,1
7.58210876106913,32.0547839857573,62.9382288286928,3.14528455078021,0
8.32566238039822,22.4348112559313,56.4343343825311,2.67640459688451,0
4.21897771135399,22.3066898403987,30.1774251939469,3.5751521794376,0
5.70968306917482,15.3312514344858,27.6874848145136,2.98364566466433,0
14.6558456312785,25.9935749674948,124.303765297115,11.2255564100665,1
6.41548762762483,18.0854118817729,37.7865787469084,3.61766465211852,0
13.888753706892,17.2535907626702,105.978141620786,11.9917862405539,1
13.6866274365397,16.066762585097,99.2625518224404,6.31977290604397,1
14.0700539671247,18.585676148307,107.03076024295,6.23988553504446,1
4.87379477328954,18.1186162193019,31.6805600055872,3.15445364359625,0
13.5566657220166,15.7098075847252,96.9879872152547,10.5268628511424,1
10.5839394055576,34.6486490903841,84.877065658774,2.46070372521661,0
5.52753814102563,28.1660900299754,42.8435867848641,3.35431648793365,0
7.14139097736097,22.7398814316493,46.7258555301207,3.04726814279773,0
4.9190254630714,16.2497095673321,24.1585433182469,3.56967273493296,0
8.33217788935353,15.9449061737172,47.0907386273078,3.10252079856525,0
4.00529944614553,31.0990486941332,45.4708757297619,2.5812519372952,0
4.98382188576288,23.4555961185324,33.5734622241775,3.67904953728334,0
5.36635615760003,17.1652046319057,28.2011580040519,2.65111120059556,0
11.2923280986804,18.3406827605436,74.6836168033947,11.81667163237,1
9.88563442998424,28.6038906543435,74.0841245856885,2.6889220193017,0
13.4798776084408,23.5446828485933,108.18663675557,7.25709614486571,1
5.9356087886305,16.9361657992636,36.2162806753572,3.79274365028282,0
10.555295480627,22.8401931985941,71.9751966620844,3.31212283822065,0
3.41317518368515,15.8951163386104,20.8951163386104,3.87310881419497,0
9.19438153292483,20.4205224532451,59.7197490413824,3.23495453889452,0
13.3587177805662,25.0615939689519,105.999432920896,8.37653199325416,1
14.809518526619,24.1495857253597,121.711734852317,8.08813036833589,1
3.11847570430702,30.3726920855248,35.3726920855248,3.50370078660999,0
6.03409778492178,18.2046066338352,35.4552302237819,2.5029452104505,0
5.6861960439303,25.2008847282599,38.4934304133012,10.1109659892026,1
3.57045113073313,17.8305406211309,23.2417199075173,2.45853945005408,0
3.12206947514131,18.7873918106531,23.7873918106531,3.48275063366491,0
8.88234374693078,23.1979720741814,59.5686923674225,8.32904880755266,1
3.54578574804353,17.9172516652483,22.9172516652483,3.89714815680476,0
6.33993757016282,26.2465505172658,43.891976931561,2.83862500083214,0
10.6796948293069,24.1046363935009,79.019869971672,2.72240132663326,0
6.53630449873085,33.841933154951,50.519729834065,2.73575881598993,0
6.23585641390862,28.3998980966082,51.0128345337048,3.47662415543585,0
10.0865582669228,17.0628447237185,61.0623024134615,3.35646148497822,0
7.56640892651568,27.1421371082908,52.755561410332,3.05634151494593,0
11.4302764075368,23.4065849916131,82.1614955186653,11.8557894022986,1
8.95348741499833,25.0126394622286,58.3503072034901,2.71831787367964,0
10.5985111896777,28.1161108290429,79.9247622365369,2.34751400781394,0
7.24073216401955,18.7143619795019,44.0113802099635,2.88214831978489,0
6.4445273538661,22.1906899063962,39.781449772278,3.6185851896847,0
4.59848536501322,24.6075959340421,34.1613272451572,3.81587390604664,0
14.2449646175876,27.29565929303,118.49651042945,8.87159458890114,1
12.6580301521895,20.7111429042033,93.9186698464985,9.51227607805147,1
14.2563425178762,25.0554691101303,116.479531843738,11.5412806353467,1
5.22456629577363,20.570922258205,30.2124607424891,2.31703784399567,0
14.1978691538787,26.4477970841713,114.861294454051,6.61532940658251,1
14.2290384923056,21.8457880797139,116.162455150328,11.0788316644685,1
6.40253416324385,31.7832191731143,50.5290115326179,2.71060842256771,0
6.29561098108636,28.7182561155061,47.5963127881866,3.78406991440234,0
9.61717888408047,31.3225563755,77.3785571649373,2.37396497034012,0
5.22347087242263,18.0849213483924,27.723232877472,2.68731019956029,0
8.30521332752119,18.7038730328331,49.3791118693654,2.38677011097031,0
5.22381175125221,25.8518956213284,38.3120832060956,7.68937574071544,1
14.3685110154475,16.2279651781726,110.458352598846,11.6289343612485,1
8.92589588989303,25.7611703674478,59.9864445978945,3.33571836352904,0
14.567013209088,21.7199400237111,120.452102135947,11.6201844772077,1
10.7393000701465,21.4890865475931,76.8888456950962,3.93927367088823,0
8.81178927638863,19.5970637827004,51.0181124530098,2.66081591800346,0
14.6123429515344,15.0937347921278,111.347615811206,7.78476852405388,1
4.71827738050515,28.7414669211554,42.567339766001,2.08038825789049,0
10.587958495998,30.0556238497787,74.5731470942515,3.06936871589399,0
10.9426604140416,21.7656683194504,74.3329768444164,11.4543100581257,1
8.20607792583271,24.3960723709385,54.2263881829883,9.30696806887837,1
3.71228670406749,30.9476454796157,38.5173196004145,3.92686173588717,0
8.9126712139924,27.9493547791051,63.2773504817274,9.02694296164373,1
8.58160732221693,15.4595634356519,45.5132179572044,3.60577922065349,0
12.6809617292984,20.6794497089719,94.292102249051,9.56704248605911,1
6.07993187943572,34.0878966369714,49.3817518813187,3.80920873739209,0
7.69716435581122,32.6630931080405,56.9418111296893,2.91945298769888,0
5.88206648665653,21.5043590215786,34.9096497655291,2.5200007624482,0
11.2373209820684,33.2126777858715,92.4109893940376,10.6439720228783,1
14.8786014400454,24.5835016373382,118.589051564248,9.50624415542963,1
5.12915444241914,19.0413744157323,31.0065521594117,8.42903541001833,1
12.8573608827156,20.4289881623682,95.1650893645577,8.1461341632035,1
5.7718627113796,19.8196383278334,32.2364070225701,2.53231004461625,0
3.6957097604732,16.1115091262947,21.1115091262947,2.94915550562063,0
4.66579821654808,23.7427222248604,36.258573677137,2.43104047506117,0
14.2218373865087,33.0916577504745,119.461541206904,11.2785833332984,1
13.6625052402747,25.5151492835853,113.865835821542,9.05801244796321,1
6.47112594579492,25.9091294581106,42.2493087765416,3.66482682848749,0
14.3731687932193,19.5399922033107,115.329603474887,10.9745515240026,1
13.199166422777,15.9280165948232,94.1470567385034,9.6984349335791,1
8.21585752886008,17.5161604559575,48.1432443023592,2.32972193730697,0
8.61659465839767,19.3025138562329,47.5049067443861,2.7229006278631,0
10.5582362590011,32.4678683081871,77.5061995011442,3.79193552243386,0
4.89638201956575,34.7665721957242,43.1580424712051,3.55913106600757,0
3.17738504090511,15.3553249714202,20.3553249714202,3.69104497785558,0
6.18614420966863,23.8661991048017,40.5672657679652,3.87195762762229,0
3.18532358331313,22.3839458157095,27.8557788933979,3.7508688594258,0
11.0939861299471,25.7292712702414,83.1326054998077,11.3863066274803,1
9.61762602975332,27.3304563727816,68.3762432444494,3.43238287197954,0
6.85977774723333,22.9199952240166,42.526783666615,10.1007822774524,1
12.3624280454371,18.6772812837489,84.8432910543056,6.79330687599517,1
4.74942517457732,26.7054849164093,37.1596093248177,2.91984283611496,0
5.9385676651426,15.6659353927292,31.2902850873782,2.02365631300549,0
6.5077651444714,32.8795533003271,51.3159221111604,3.86205905487864,0
5.35118335798791,27.8882159479531,36.7545951240719,2.16952852849351,0
4.05526420524724,16.8908852851143,22.6710397357593,3.86911533944742,0
13.4397141632593,26.0274997137638,108.331859841434,9.08023876137583,1
4.05826374685812,17.5794864228806,29.8146812412126,3.69121208549058,0
11.2045240298597,17.3764168028438,75.160557521689,7.33089592752814,1
4.44481052229268,20.3109780318427,29.6033188042925,3.92327084754936,0
3.12838803773009,30.2581660314314,35.2581660314314,2.54608574732347,0
9.68721876089896,28.9644189175175,68.050340503991,2.97058256888308,0
13.8853086626444,26.1770426886865,112.966136519784,9.73852442319533,1
13.3254800080426,20.1045323758368,101.331800333476,8.96332260582196,1
7.061416609419,25.3573753404619,50.1222567433363,2.05340555328217,0
3.32590595191035,33.5950198721702,40.9193889831492,2.56343906229109,0
12.6103122615604,18.7063840616388,88.0552216002116,9.23531973556843,1
12.671819187476,29.6841481429981,100.952994544927,8.33897185206807,1
13.4218573956333,32.4436579350008,115.629315637976,9.6559636162597,1
11.0357591985064,28.3891241678092,85.5649246627661,11.621630526757,1
12.6933463477809,19.0739133731172,88.873874835349,9.27934253271893,1
13.7699793876338,17.5833199274335,105.641206560778,7.99193694027138,1
8.44595940588015,25.3006598274537,57.7599519620904,2.02508082499717,0
9.69390364457893,17.6061636234768,53.0484001726809,3.63421027174476,0
9.07357354593882,31.5140000166966,69.9397142098344,3.37066297667239,0
11.3038068542906,25.4728905742746,80.2184226139779,6.03867745966465,1
11.1948824115585,20.8284737488977,76.6170822032458,6.89548612264645,1
9.2437636303598,26.3625346689842,59.9243930701628,3.69079913137873,0
12.9416177770257,20.2127476089122,101.554216335216,6.36104336249965,1
9.0693526414784,26.689404093637,65.5588007639002,2.07488428186644,0
12.8983027486228,19.6424485450611,92.3651499640206,6.30056011777957,1
6.38214105771891,19.3810410444311,40.5383495477195,2.42322126559744,0
5.14193799572986,25.3701216319966,37.3613835694162,2.03880583308848,0
14.6384468441366,31.7083156648028,127.214477285553,11.3301525063527,1
11.9032743054729,27.8954154092247,90.9385362517574,8.28385212486039,1
6.11750031965297,16.8838148238918,32.470631868484,2.34667185852417,0
9.97482410749406,17.6813665069389,58.926839798973,3.18002162083101,0
14.4631470424582,22.8060119162921,113.65911370498,6.49602883284772,1
3.96904689374495,21.3912938574156,30.2333112957481,2.01468865369518,0
4.00241048474089,32.8244120368258,43.4716637049282,3.34785340119341,0
10.4296179770389,32.8258297595843,77.9606983507399,3.66198049827653,0
5.69392174603149,15.5964820204754,26.5145589595957,2.67091763645375,0
12.1822074808021,19.2104387558194,86.5231061699011,6.18470128467248,1
9.81783051538926,22.7670542543538,64.7974969393706,3.1409375710044,0
10.9942570826819,18.527494899699,73.0436944816761,9.30232151057748,1
4.29376680953511,33.3737267987669,41.4405847767141,3.40233577552514,0
4.01139661723868,18.7919710699072,23.7919710699072,3.78727431084983,0
10.5014528196659,29.6797192303498,79.7521040145913,2.20485646255287,0
7.91677513360825,34.1383126707247,58.3343210365008,3.79236176509364,0
4.04703028646378,24.5543609049166,30.0782081436659,2.33951981888088,0
7.45276734019427,31.2843858674136,56.4621246403058,3.81672121238587,0
11.0657329158822,23.5643876375507,80.6925315355617,9.46301684632908,1
5.27504880229903,31.2689850983849,42.5531194628135,2.83736752355092,0
13.7487493023445,30.2339699261538,117.915773869604,9.71122121218107,1
14.398156666561,34.1920729546997,126.706630977449,8.49093278737825,1
14.5388705092144,21.7320001329087,118.57340840002,10.4512658176604,1
11.7609906928831,30.3318880892811,94.4945128728699,11.7005710446133,1
7.87546113225978,33.4323560766606,60.6863788391236,3.08829177774418,0
11.9249903562146,31.2154336583602,92.9733644571109,8.77886691369909,1
6.45584255129702,31.2867498384429,49.9228724014246,3.82025801094202,0
6.77300666868895,33.9659647756359,50.8040121600844,2.63299509254876,0
10.2707563346143,20.8136580541405,70.012322696945,3.4479399057551,0
10.138165600895,23.8029311891655,70.760386280283,2.83257528147262,0
13.5439317157897,17.1211500178168,99.638750809818,6.98760460649329,1
6.05520906792692,32.5456424704462,48.9003309001943,2.24564154534955,0
12.1942603824339,21.8739865587684,87.0657884789244,6.29697882271278,1
14.2921592018268,33.104897604986,123.73627666454,8.4608992340059,1
3.01239519189282,19.0771514319068,24.0771514319068,2.78861899869603,0
8.71306941602526,21.9921163052795,56.3403490425569,2.25486689606519,0
10.8844839482968,28.8095875515458,81.6648225703461,2.49186626602121,0
13.1198785670343,33.4541304819218,113.885270637362,11.7874640544515,1
5.20487294251202,28.7589202601498,42.8229995038023,2.9135507974901,0
13.2739108558485,21.8018703597751,101.080393160827,9.6573362005926,1
7.37238575828434,15.8008691981619,41.5278051919614,2.82331981181062,0
13.7072871513141,21.6350143496957,105.134443061413,6.91060947909578,1
3.33254088146838,24.5232211940819,29.5232211940819,3.08697782508068,0
4.02468166947805,29.608002708236,37.5141399144294,2.32804024869496,0
14.7769255890494,32.8725718662609,132.11320766499,6.98457305122385,1
10.314023109282,15.1261808207866,60.449109858625,2.8438705291608,0
8.0115881617702,16.5346892449181,46.5254286289801,3.33464515670679,0
5.03057021632429,20.6358109268774,32.8324079817217,2.76908800352687,0
10.7988138370763,25.7123785942989,79.6656088819711,2.0702632762865,0
3.44370082031229,25.7157119652307,30.7157119652307,3.66556743335161,0
6.73936696152846,23.5052695865149,40.4859211728786,3.76004591254309,0
6.8817503638689,32.6727483584078,55.0536305672612,2.66736055265795,0
10.2893027221746,29.5470409006857,76.9299671999851,3.67355073753981,0
10.8099750801084,17.7192272665963,72.8537953097985,9.95445788950129,1
13.1526551908376,19.7027269046714,92.0438114225156,9.43780509667648,1
14.1309713111705,25.1061171102936,115.762518697955,10.8696569296753,1
10.9254927313332,22.2503710864762,73.2469203338121,2.802548009841,0
9.93808702090246,31.1724008768634,77.4184838909858,3.24812938502178,0
7.7845865235481,23.3867107261409,50.2964074768045,2.30147762487062,0
14.5993499117057,33.8232511425231,133.816361777607,6.54141701047053,1
4.84895006198829,18.6491304868708,25.982040364529,3.07848511877319,0
13.7410417037838,24.6557495631537,108.942397871852,8.32729329886562,1
6.7321568146181,32.8849474317496,51.6618527250015,11.1872697814803,1
9.58186907599325,16.3147208273586,54.9168721165798,2.15307758328271,0
11.1847951011938,20.5846332657887,78.4262151933697,9.77739817923922,1
5.83763581591387,19.0554585082877,35.0704466471732,3.86619900798042,0
5.01284022060326,34.6962551857245,49.8337565165099,6.4113709086137,1
9.10178416115539,24.3690751293624,58.7120639978613,3.17187989750629,0
12.5023665070161,32.7634229606548,98.5346423662489,11.8629836373514,1
11.3089735460049,32.0785081855038,89.5536550074459,9.03953915493186,1
4.42768004607618,17.0793716648267,28.8931160566684,2.19544858160508,0
13.8089065808608,21.9988712542205,103.511469020504,7.2306953025771,1
8.75685080458986,24.9339103188511,56.7526004854279,2.27981715905872,0
14.3601201508758,32.5779008833534,121.69443084107,10.2428574132378,1
9.64120447497919,34.637081360175,77.1365116550292,3.88191812623347,0
4.01762185992424,21.7389785863434,29.8968948594136,2.7007737239371,0
5.42955642809443,30.638971900687,43.8621157761606,3.61392607590506,0
13.2508556749966,32.1743467241519,105.941708400851,9.74953436505588,1
11.4711284011766,20.624985827652,80.9450870656656,10.5362127494744,1
13.7392742418351,18.9785487075539,100.040396110625,7.79981979302554,1
6.9497520215316,27.9322735832,48.2554326125301,3.9014062429712,0
9.33601675965151,26.2827866608048,69.3119220083363,3.27338649717385,0
10.8047775898094,18.0915111669973,71.8456682107232,3.02230571786845,0
10.13149024304,29.8434506251096,77.3873362164972,3.96288301849711,0
5.77755522641097,22.2018537606056,33.7140890457036,3.9693254563405,0
8.12185619337883,27.0934804076398,52.4698844145022,3.20522401540435,0
5.9773375687221,15.1298594516506,30.7293139621883,2.26255177811201,0
13.1473795467737,26.810307328419,106.584545218353,10.2884283030696,1
14.840129339617,29.6685202210931,124.819570973549,9.99683864812823,1
3.79884963758855,21.9134867538153,27.882413907261,2.67186621394313,0
11.5671363872035,30.1865964707582,88.7308279180579,11.1365653339823,1
6.96138662638889,23.5394024230933,49.0269553774842,3.80320773737733,0
10.5052245397372,23.4640011648411,74.4974112075065,3.41996697776176,0
6.09755579138245,20.9870527519247,39.542206762243,2.15063228961529,0
10.8120913117019,29.821178376563,83.9696518901566,2.72906253724658,0
7.45376621355275,33.3416972775416,59.4634120853716,2.34669194165741,0
6.53785055444356,23.862024775764,45.8109615109805,2.15553416121563,0
13.9411580843736,34.7396929779632,122.10431595108,6.93324724028956,1
14.3099864907145,30.9897547342057,121.34211786148,7.08352192300801,1
10.3626003187216,21.2247049854737,70.1235936078134,3.01368510691855,0
5.57361336996831,19.6621059636826,36.5598149540843,3.55523107627121,0
14.2730264508739,22.1787200807529,112.307069974727,7.5976818463864,1
12.0054425606799,23.0933857205474,89.8168446617281,9.54242923744686,1
12.0130776878737,24.9179658087674,90.5232213554776,6.30196993216324,1
5.54065601818183,29.030674846702,42.9995023586392,10.9736447752295,1
12.9618783139476,31.8199666951417,106.600333406897,11.2757959473403,1
5.88114184993452,16.1814804349187,33.107997060833,2.27723130774887,0
10.5794489430019,24.0614402401433,74.0484144314187,10.2848978497509,1
11.528874838795,23.5511177985861,86.7311030706591,8.13428232491028,1
11.9086011564852,23.4806482900112,87.5726995645158,6.62561738146939,1
7.68317645519497,26.2735417718568,50.8458005039789,2.2942563822905,0
12.1179047605932,33.7960362033897,94.612525515337,6.07539925015195,1
13.8352308254605,21.6064283219102,109.314391267493,10.5183567771965,1
10.0490402308509,33.9793628428674,77.4144294419257,3.83240244641652,0
4.08491658833758,19.9176851581931,26.2915807257637,3.74483413151388,0
4.54771180970731,25.9681005544044,36.7239691806772,3.87764673172978,0
4.26315031995344,29.2680167203933,40.994835064121,3.18454006137758,0
5.07272955987456,32.6124339198504,41.2221425044614,2.15286062913407,0
4.51717068347622,30.6339737955996,35.6339737955996,3.92816806483662,0
12.3396106808115,34.315225179751,100.183622209492,9.92925236884385,1
3.47293814621333,26.0228620545193,31.0228620545193,2.77908342485973,0
5.89870100809037,33.1085267508097,46.5041751451724,2.94419730544581,0
13.5487968163016,28.0936871391266,110.710216594958,11.7048293441155,1
14.6822263300355,18.380201923957,115.888845564434,11.6540768267793,1
10.2650640927246,15.6132143028417,65.9406054740035,3.56173088049912,0
14.7148591747247,30.215610035173,126.861442907346,6.49943556348524,1
3.52141850057972,28.5524014416828,35.2121458372684,3.05374048956752,0
14.3828732205121,20.7662692994626,120.572405288417,11.788231325178,1
6.73555298947401,17.1203322598881,32.1687659138803,2.35479088060934,0
12.5876740843391,28.7892044284051,98.0507207257914,9.00287236474139,1
12.7275492413628,29.9890503079377,100.908035182262,6.43276134257486,1
13.3199830989641,26.1656401959102,101.51225756892,11.7708342633961,1
8.50260973083001,28.3047472678844,57.4038810104041,2.93894099957333,0
14.1677327059854,23.0812196391714,112.253959526813,8.05468082846536,1
6.09471581312448,32.3217503917396,48.2406696787022,2.51623412122381,0
14.213345910355,25.6480256350257,118.09929235899,6.86482094492764,1
10.4294355990199,32.8967840336002,87.6572140191152,2.69649612891993,0
14.825338979338,29.7941911012657,129.510089631712,10.7486262893218,1
3.39172639155111,25.4580375599526,35.3160429678952,3.89706862557091,0
11.7019999059925,29.3931426192455,95.934499881299,7.25509717069019,1
9.78665082456457,32.7349202474602,74.5343504893457,2.59219046898771,0
8.90908856877983,18.8902257024582,54.1470653390322,3.57154444971343,0
6.11061750780884,23.5961010353974,42.668040374868,3.12702647376452,0
6.9219682183965,32.1870201746274,54.6119397832025,2.89467904007495,0
5.99354648041665,15.6099273021372,28.961371681159,3.25878647848442,0
5.63121492390073,17.6616436431107,28.7638981300166,2.49092313629314,0
12.5959300502981,23.1069376000623,94.7823974343386,8.70129748925541,1
9.0287400707791,17.2471799617137,48.5025378105592,3.3816172375892,0
3.99827866436397,29.5230402509845,38.3090525460786,3.5412166505148,0
12.3238103043286,34.4961999918334,103.780909736578,9.26244074290604,1
9.40378891300477,24.7813313035826,61.8745410225104,2.7253014797087,0
11.8726534481566,34.2053498518769,94.2517689655384,7.9225643699535,1
9.18472431771746,17.7153823611574,53.5380858119148,2.94323413351463,0
7.79935108782158,29.008868496049,57.1030930144783,3.26037183401722,0
14.8349613892355,26.6571662864499,123.727147977095,8.51052976407852,1
3.33891144195495,30.8346712496766,35.8346712496766,10.6915306183956,1
14.1931668955783,25.7540122468958,121.555680468056,8.70038525272481,1
14.1702596131196,34.5978559412315,126.803018309251,8.38951868327822,1
7.6910245380175,23.793055632268,48.7604683205019,3.80255495698429,0
5.57357845359984,34.0054470700299,45.5550527173237,2.52967377522459,0
10.4305595751989,33.3655704444502,83.3424929570243,3.85136463493567,0
5.13566802564203,23.4773934579098,41.5733754190855,3.40226246213738,0
12.6384983319361,23.2104381204645,94.2437376026595,10.8012475930473,1
6.04720627053282,15.3989413061733,27.0967021935722,2.08607123527564,0
6.48967386039214,23.9698822600674,45.7117818418525,3.66416055705562,0
13.9909894801195,18.9882002409377,106.918926583381,11.5851902850653,1
13.8350020016929,21.718512681396,108.628476885543,9.33794312520569,1
9.42457070076626,20.6503158520472,61.0155096692371,2.8323863635937,0
13.3540677669434,28.403959350168,109.899511549034,7.23433123477402,1
7.23039082566074,23.8034714867971,49.0339914622755,2.30852824175228,0
14.9746113386988,27.0049804223738,126.143963868801,7.35931526421916,1
8.20427687285972,31.8703686496875,64.0372824501515,2.67241078568903,0
6.53774414158194,31.6554400973098,47.4113965606465,3.64310248366419,0
3.49889080739001,26.7111468538112,33.5221166122797,10.1322405501376,1
14.8764834454409,23.810728938127,121.733834836958,8.40529441576673,1
8.57865157094187,23.0082051433103,56.7668022498816,3.39102672831419,0
11.8150201686044,16.422542721552,77.4641148986682,10.9163615182288,1
10.6896914885505,24.3476396145103,74.3421949314712,11.3698869155883,1
11.6771207959921,23.0608563093913,85.091413359683,8.2626558519352,1
3.6133308459134,19.0306138552856,24.0306138552856,2.54121686279374,0
14.0405448649166,31.0544992401595,119.701108364225,7.75135057085572,1
14.1220946148269,28.9629595584503,120.022299085018,11.7171222067534,1
9.62394032585037,34.5081622761943,79.9915148282861,3.68064101668058,0
14.5669906642146,22.7103164240199,116.143645638096,10.8076573404427,1
6.37146644388441,23.338551687448,41.8115044215641,6.94535821191199,1
10.2257595256385,25.3946983900862,73.2643745278813,2.14329071560323,0
7.75755228063149,22.0657691318878,49.6331794881266,2.85499384637753,0
10.5362787810627,25.9049348879062,77.830609965333,3.09867279480071,0
6.60758746228498,32.795050834719,53.8575031870808,3.48754430190747,0
12.8323006158722,29.6103877334663,105.232558078202,11.3720678646115,1
3.8374317420505,19.1302389960112,28.2103171994797,2.54771942685,0
3.50253084359996,31.0030575913718,37.4597701775995,3.24181960073885,0
3.59275661559977,30.9061612607809,36.3643741687502,2.21152112548943,0
4.80546034041196,30.9818192080367,40.891076794004,3.69300037854046,0
7.74420568553628,21.3360530792547,46.7008419711433,3.65739354650263,0
14.4646798710861,27.259030414511,118.424375915671,11.5233132430978,1
4.32954527635147,28.0458196389355,33.6296449823776,2.16991736808787,0
10.7706358297971,17.4045000782184,70.8821392988556,2.48639543080063,0
9.33145810147619,33.3735058076876,68.6827031261598,2.82135210646421,0
7.23890887179671,22.3627154703429,47.0718814905383,7.17282562834721,1
5.3783907518423,28.7675344726976,42.3420136126593,3.32471107273363,0
5.64712898216803,33.5667675872753,50.0757866101944,3.10275488571077,0
3.52585811672576,28.4974432634326,35.9216355959176,3.03712987278911,0
11.5579676779178,33.7695482545484,95.2368332184558,10.8191055692281,1
10.8460823903551,28.9821531404585,78.3396388616862,3.33095610184286,0
8.32523751269667,18.4171578924769,49.664812178027,3.1720973016836,0
11.6272738570781,29.5781101815,92.2309868816082,10.6604445176592,1
4.31971166934385,23.1144029458099,29.9972017685205,3.88228296412616,0
14.2646300804272,21.371465867596,112.913674070445,9.37583242330014,1
13.1715205108727,30.6129254220203,107.234582004332,9.22627728854161,1
10.9084279159906,30.8097827072671,83.9031829674566,3.69906407232405,0
7.54597402394078,33.9802353131279,58.4973465726155,2.53949650034784,0
7.99880074817697,19.0637059041832,48.5174356177124,3.13304551607963,0
8.78584706588961,25.6532866225594,64.4171861704924,3.70005586800621,0
14.2234052400816,30.4424491726237,118.05696800182,8.26318354450094,1
13.3631154590172,25.3269773751966,104.993712682589,11.5444218115003,1
8.73508619059871,19.5757290789577,54.4998411511595,3.69055835137798,0
9.654221979338,34.9058058263008,75.7400673773976,3.13509628399607,0
13.5048463473519,32.7863968712756,119.870125077102,7.03853795423309,1
14.3911732052675,26.5428667427313,119.422402760049,7.51046588794791,1
10.670217070419,25.7609561368694,74.1775447877292,3.44156925215901,0
11.982243841077,31.7995223615657,97.015247359305,7.34967905574725,1
7.21949887632531,33.2926796271632,54.9317975171007,3.06083451135207,0
14.0163398290342,31.3917071136356,122.942566075466,11.1122024416982,1
13.041024598246,23.6561955110527,102.383647151791,7.92654672624069,1
9.62467057469715,32.1124626295838,75.8924133444921,3.90402036652466,0
13.4115265153821,19.5121066358392,98.8732989181997,10.3893591173726,1
13.198462577284,25.810321340377,100.598404760176,7.57119427210802,1
12.7009362792737,21.3030057723969,94.4487942925672,7.12917119999999,1
4.56831389276866,17.3926899145105,28.221299256795,3.88998873246335,0
9.43203089786175,17.9102390550641,57.1876615111853,3.04421661863946,0
13.809397376483,33.7320963537571,118.514623921407,11.7046412565039,1
12.249981966646,18.8998485568297,86.1339388638865,11.7888369155793,1
8.0485583883023,27.9982025848256,55.5320288682018,3.87127805416451,0
14.7345647203196,19.7824231588016,118.60937987883,6.19978396909962,1
6.00927788007603,25.5093914546465,40.5476725801096,3.98407987507526,0
7.00332274617477,17.6126840822909,40.9917906854891,2.14702424464774,0
14.4504060891551,20.7908069207288,114.254362750376,9.69433744047992,1
12.7045841782235,23.0104906009623,94.0249893458798,10.8552156186555,1
13.8040800541279,29.1335754844561,115.815541046195,6.76232294034715,1
3.13907507291874,33.0213987070253,38.0213987070253,2.29445513243421,0
7.55717319640794,23.5715426396871,47.7423216336842,2.26664846867461,0
5.82626347931843,29.2764393715944,42.5681956669589,3.25144625157257,0
6.55122062264894,17.7817292109896,39.0029281517365,6.67088001186893,1
11.8559459568461,17.0115014894529,79.1692492515059,6.7196156709122,1
11.6890181383689,23.9621918074683,85.2338336804575,9.24130214205517,1
8.54159292238874,30.2101246695988,65.9528367599722,2.70711754639903,0
7.38329353448512,19.6323056814736,47.7363047675424,3.75515421572831,0
10.0162993560543,31.182656473886,78.2694423654515,3.34851327015357,0
9.40449305561132,20.0481547112241,61.0972357964366,3.98394847786567,0
9.60695470809434,16.6760245384076,55.8368603210474,6.38995054216277,1
10.3857248533759,25.2600122805958,76.2890336280921,2.66084235656076,0
7.74777926721059,15.0195561631791,38.0750167977708,3.70642724482828,0
12.2606217889855,29.1622607911722,98.4902595479806,6.18144193997309,1
6.01443820019264,29.7811849722251,44.8780272791151,3.27779926351724,0
10.8691292148404,34.466391926077,84.7986168479413,2.57095136219885,0
14.5247657786402,28.2632921373752,122.572020733313,8.46027521780556,1
3.04265712557311,24.8843345186048,29.8843345186048,3.17668960696736,0
11.6803325327317,16.4724663423297,80.6114256602328,6.22887160120189,1
4.30794040715572,25.6859005424533,30.740958009776,2.61733680814931,0
9.5254498999659,17.8366078807565,58.6124315721825,2.61579236301455,0
10.522992200164,31.047775247753,83.5255796370143,2.75929710847201,0
5.91536550924961,26.5229770107349,45.1324908504856,3.5175331182869,0
13.9661265029593,19.2582847530125,108.898095571567,11.4390949867644,1
10.4677503442994,29.1411035734963,77.3799196007497,3.91137448720947,0
5.78033629673832,21.6601695383198,37.7051180939588,3.07912786434345,0
12.2415862511977,28.3819642465402,95.6015275101096,9.81407786408896,1
4.26608495996802,30.591021762936,35.591021762936,3.91705184655433,0
9.66270382237613,16.7315223739222,63.5253047339221,3.48005179298838,0
4.1394728376299,25.2131292514149,31.6170062596051,2.47730542559336,0
9.97180887210023,17.0734872412781,63.3982224282398,2.98792671006685,0
6.03576135264226,27.9892301150036,47.2516382413232,2.94068405447987,0
10.793601695457,21.3099576501476,72.5766795579063,3.0734707524615,0
11.5899234342982,27.8700238084907,88.3804000204459,9.79921461578968,1
9.29022737482394,15.9710756413684,54.6398306556117,2.14942255976006,0
10.8902568924373,32.3399279404006,78.966870664509,3.53532844677108,0
12.7595261439007,24.5631851002413,98.8217002684703,7.29050703786981,1
12.6901472597164,30.871063772551,104.757388534861,11.5720269468506,1
10.4361839046464,19.532739563357,68.9979353868339,2.48096760753173,0
8.4132295454493,21.6994748450587,54.7769910438486,2.39618739674095,0
7.89539986856841,30.2754984642286,51.9921132321493,3.72652185068552,0
13.4969714388524,32.0684583310838,113.702211082585,8.39203779729793,1
11.4351807853725,23.7424772969147,84.2773587144325,11.2747050886637,1
5.21922026848082,33.6066466001273,49.1812594549493,3.40441253888451,0
9.78878575955116,26.5922859768072,70.564496852946,3.66339854212929,0
13.9056963876007,15.9819496286181,103.178862833285,11.697063547375,1
4.80827990697925,24.0572267591001,35.3520470299827,3.37562275276636,0
13.1462121063685,18.2080009265536,94.518976618162,6.47058525192041,1
12.8424295957842,29.656488938429,99.9201885708513,10.9471493968635,1
8.99209321557401,21.9470533586134,56.4297257535315,2.11946508911327,0
3.45100621782844,19.0235527941231,25.9766118977048,3.34632458237948,0
4.77003006476323,31.8557606812865,43.1745206444296,2.95802339128245,0
14.0716643362641,31.3559266360457,121.911961151934,6.00743568333772,1
3.52985755238235,21.8729338171116,26.8729338171116,3.37984167158238,0
7.46998519686431,23.0724558248271,47.9234478203764,2.68941274546279,0
10.4284756167057,16.2119962035814,62.7952189401415,2.1185795247273,0
5.3633764669682,18.5776943475346,34.427241661449,3.10288867129847,0
14.7729570868836,29.7183768769375,129.449817937401,8.05432355968572,1
4.87170279652107,26.3226069698173,34.3284283192444,2.01011727021537,0
9.47615034193529,31.4647394020261,67.2288788205781,3.87801007742748,0
10.4161358921597,25.0230019624957,73.7926052968999,2.27584160246774,0
5.77187938403645,30.3572483135094,42.7979662167271,3.06924524042766,0
8.5957078705121,25.1983600095414,57.3532038614355,2.45257580216578,0
8.89210234959515,26.3613806115589,65.7226579148429,3.43373176543104,0
12.2023485159185,18.6923592859437,83.8275003611207,7.56144166192935,1
10.6113690332865,25.8880204903357,78.0251807201359,3.71811469364164,0
8.61060063678407,19.0206629742334,52.0447948638674,2.41874647098942,0
11.0033105183277,26.1243834419396,81.604755095357,9.18729476373628,1
8.44052911826638,17.8288247531652,48.0979248377892,2.27206896612016,0
9.30853909609691,18.7201997858278,60.9192108259589,3.56830849956865,0
10.9028164987003,30.2956792038616,83.9687841497997,3.65186334948529,0
5.17434458344634,16.4177253142286,30.4224680711459,6.46471099048671,1
12.4565946140677,22.3862729118322,91.9185918103263,6.26671548342645,1
10.2343840504608,32.557560378371,81.7933753369489,3.13332022764264,0
14.7639946216479,17.0867479962934,117.236357661532,11.37198117837,1
5.66859832237411,22.183064305215,40.7178767171926,3.7779916028392,0
8.59519768999888,17.2792073519641,52.0798000175792,3.57967916831462,0
13.7477016311934,32.5308151514092,117.344754549121,10.5894804692413,1
10.2172009163855,17.5247422576068,61.5558159027754,3.82046377547809,0
11.7115061501858,20.0911101568545,78.035953941695,10.3006627335555,1
7.96404197041632,23.4381270503795,48.9561724767681,2.06025796467765,0
11.2117154619758,28.3051203560039,90.2513655467257,10.6202607381425,1
14.3526603581708,21.8941061909641,114.281211342223,6.82237283014024,1
5.40223278887187,19.2700333059344,29.8457418029285,3.28533674354067,0
12.6883831665278,22.4677021153292,96.6118267724417,9.73698203531257,1
14.6344561451988,26.4204925232939,119.292777392429,11.0653161298989,1
3.17482478115998,34.8150269878607,41.1295622046476,2.59620257250408,0
5.58251503913313,21.5433035162274,35.7714793385119,2.32062247084404,0
4.40852304375756,22.2440667276197,35.9928251476505,3.74898864557736,0
12.2090822128974,29.1247050734403,95.1139460097285,6.33139127436268,1
3.9745990313128,20.9787138282055,25.9787138282055,2.73407539565102,0
14.9809627030909,21.9940144209774,124.331358561845,10.7915792695136,1
7.67534419055166,34.8941547095866,64.7330317433211,2.25616827733351,0
13.8624331911965,27.0853475756555,114.851286221594,10.7965706169747,1
5.26293124199361,31.5762159007627,45.6543768901546,11.3278784258626,1
8.29046639786749,15.6333138097324,47.551383818798,3.65390475326214,0
13.1377418280744,17.9098043945242,99.7492150613002,8.35105649229621,1
10.1432373680791,29.5545658843391,77.4462623491464,3.27144204392734,0
8.54589716029628,25.7948789118203,58.9938648142202,2.83092217718832,0
9.15179696108541,34.9052901291996,68.763932274319,3.64678030306433,0
9.88662632270817,24.9125931890162,70.1603589870966,2.32365471479275,0
8.28383049102712,22.682077370158,50.5707604311796,3.49392755533064,0
5.32270749268573,18.8874800246752,28.6100075091394,3.07632865272062,0
4.36758913751024,26.8033288913217,41.4576963591804,3.41741680132878,0
4.81473512844178,30.3325037309031,40.3879039570569,3.81722063848093,0
3.62989156623761,33.4887837444206,40.0368773725896,3.9140462718231,0
9.70411693276358,17.7525165252081,54.0870210722231,2.56650450553669,0
13.1726521684321,15.1617984661017,91.7354825539327,10.5343153741041,1
7.30943206708933,24.5592097844307,51.7653887105331,2.88265045167311,0
3.90373047162981,18.6589517251384,27.9090368630864,3.37437914175619,0
8.1086929438214,27.2067722301286,53.2268894985563,3.49403456170916,0
10.224094061664,27.4053860915287,75.3808835239909,3.14671650354265,0
8.10484158690765,23.1926037014277,52.9285713625974,2.44745540586084,0
12.7286548032884,28.5441052777506,100.59468754792,10.4575208801033,1
14.3026349542405,18.9934113822116,110.69571302755,8.35037606670491,1
13.4389292792203,31.1716396096957,112.204562339339,11.7119257406197,1
11.4479939793587,16.0067936841128,72.3785840436784,6.24118240718423,1
8.6435870973861,18.4372371730681,52.4984757942525,3.79482362970001,0
11.192376514839,34.6120463813913,93.6011075367711,7.14455045487236,1
3.16101972667835,33.0075435881363,42.2928660922359,2.72139536227086,0
14.7897374220245,33.7945804224741,127.010593048615,8.19412029771877,1
5.06492798194675,33.168885866909,47.956698462647,2.8236447979588,0
13.8751247515402,23.8283439990671,109.670682806963,10.7683876598021,1
12.6853188199933,33.7760820726796,108.251884359908,9.87019254489931,1
12.6016762126439,19.7482692613738,92.3070706527307,9.04416993542927,1
6.22723269342078,15.9902862387758,34.5379149413144,2.9629064798224,0
5.6298456690871,26.1452814894586,42.7718456933843,2.40783569705584,0
8.14560831496907,21.2664047024902,49.6187570680266,3.80883886541566,0
13.1924532087679,25.6415463279441,108.365418249715,11.9051126866663,1
8.40455570966064,24.4321713890715,57.9653421081026,2.55177063570275,0
14.2250413680847,24.6626481903157,111.412992857866,6.79630763921999,1
7.23215192702086,26.4015505870993,56.2860095724203,3.39514297134851,0
10.4327059883611,33.4688455531019,78.4407930141021,2.54230772661343,0
14.7683884362694,19.723849871185,117.140567508655,8.48733122754448,1
10.7215502668897,32.5216029819855,88.2921507916669,2.18222092109056,0
3.54597859248725,29.6767086651729,36.2363573181323,2.85503078241039,0
8.56268509142054,16.584215260062,51.3553123149921,10.0770003575262,1
7.01701612456397,31.7077497200612,54.1056056805244,2.6884469902188,0
9.3861785822601,22.9528803709047,61.0552260379282,3.3177766797658,0
6.41695450335758,21.7147621964233,42.0642715333517,8.27542545173558,1
4.46713476276003,15.0078600638432,26.1367723381349,2.23349095508797,0
11.0194678650096,19.9161037197238,78.1810348533104,7.2413901746973,1
11.1763170586957,28.7589269973509,83.8911711087641,8.63201563150857,1
13.4056715999891,32.0234527022737,108.299804978358,10.7168508831268,1
4.58857792275285,19.8209893873904,30.631907302734,3.3193994200709,0
12.5834436993364,22.4187954102002,95.643011493992,7.82981523398056,1
12.9212248608615,18.0084667553047,93.5433246323009,8.74617986095526,1
10.7585992290138,31.0700032821452,83.3035554581228,2.80412634948111,0
5.45906574936761,29.3404744680899,47.2325100956862,2.70688208651701,0
6.13704857287006,29.0095637475905,49.8062943149401,2.07535209065761,0
8.02196181047011,28.5770904821222,60.5983478125356,2.60421083337444,0
9.50158887339278,32.8409000817144,70.3593986305585,3.04444033592523,0
8.7292554671066,32.6606198479702,63.0697579832654,3.15589778259203,0
8.60951870454443,27.5073569695857,63.4896355817989,3.86810621625113,0
13.078088522372,20.7755675407979,98.5649057841076,8.508669361189,1
13.4412283836908,23.0620557064311,101.539501872177,7.28897304742229,1
12.8010475725212,15.5791450091044,89.1773482622902,10.0833988480162,1
13.5336170236164,33.3296802800428,116.863000651508,8.6609544906531,1
9.85210514324488,28.7489546774406,73.8482806914432,3.45999151816822,0
14.568433600069,33.16341647059,131.796800208776,9.50771328094052,1
10.2785321790056,21.041742742372,67.8267123629932,3.23290029665282,0
10.2473728929562,33.8965290792176,82.3027462590134,3.70914562387043,0
6.83157284489543,32.2806234348107,53.5848773591527,2.22902794944184,0
11.1744502094042,32.720255181763,88.0726556213234,6.66767028910323,1
3.62358826206433,15.0028266041685,20.3794384557013,3.21739202084857,0
4.61455705214331,22.5448043785062,34.1895660295061,2.35972978622861,0
4.56290601087318,17.4465058456551,22.4465058456551,3.69182162833642,0
10.8624154466968,33.6561581293809,87.695811730532,3.59325341790492,0
5.10399110125606,25.2741450503017,35.6185427272678,2.05012838159423,0
7.09376187901857,24.7867282685381,46.0046256814821,2.51509330786318,0
3.53173986999726,24.7384233366833,29.7384233366833,2.1122797511515,0
5.80481232139813,26.4058380204643,41.2802212622948,2.55811421711261,0
14.5706918981915,25.8901501971099,119.999207855922,11.2436175082729,1
9.10967283019641,33.3422172172666,69.3558563545843,2.8400456518483,0
4.81289422165718,32.6876909305438,43.8914798922821,2.28888440191508,0
9.27610238081357,30.6743851859017,65.4113122587116,3.75139791552103,0
14.322112606933,21.4545467154914,114.800227028484,11.1521291649485,1
13.388232168076,30.6887484314268,111.543550710201,7.92428719099258,1
7.70479042716464,17.9037095022358,44.4960364313717,2.20624053757163,0
6.40641019168083,32.2045240034073,53.7503092097765,2.47269952299547,0
12.1407583523129,30.4599948324249,97.6021565997373,7.76911016748753,1
5.88581189763705,30.519342711375,43.0453452185033,2.13611532909106,0
6.05078825588823,25.5739738872277,44.3237503248128,3.51001602376776,0
4.00903625015915,24.0037073338154,29.0037073338154,3.72079841584924,0
13.3697291371683,19.5326298538501,97.1720924458097,6.92373994883889,1
8.37478698744336,31.173563541391,62.8335889265978,2.84345869189249,0
9.74143512731968,34.3185819312375,78.35161299727,10.5840314330213,1
11.8405314923222,25.8706394440071,89.0007414265801,10.6836451958576,1
12.5578664055743,33.0441491409478,100.583790607958,8.30250787837726,1
8.37009766788377,20.6470088394924,48.6659316557533,3.60279378902676,0
5.20953067410958,25.3551050269905,38.4596660560176,10.7632150927463,1
12.9447942183396,21.5632517885033,100.560155774397,9.1288803225112,1
3.37197551793907,34.8360231841357,39.8360231841357,2.16061277339625,0
14.3607392352954,20.0063330364556,111.863857182853,11.6282322229872,1
9.92373415773002,28.5751097502298,78.081420070411,3.97000599831777,0
13.5046648614082,30.2840415799941,115.897577183654,9.7186787622363,1
10.3027852436827,15.6445327744486,67.4440945370271,3.44184955814911,0
6.01991500982788,34.6454245670066,46.7263472661318,3.41183044034767,0
6.55355908195085,16.8264547960744,32.8400968677129,6.71934952671049,1
9.39507070837984,27.2814966387802,66.9366248982716,2.63224549066266,0
14.5449385541651,17.987016216513,108.793772193498,6.04897831073467,1
5.21394725388213,25.4159299341016,32.0887352610608,8.27210889637373,1
9.11878053771731,16.8669018720061,54.5705050044167,2.07032146857494,0
7.12545724124213,30.6240087997951,52.7047359519899,2.71706876590971,0
12.2367041394862,30.458620345691,100.31646788428,10.9049118409508,1
12.6343978371891,26.9629752985819,96.8715001216651,7.6227219570521,1
8.0947189236266,15.2908663915113,43.8050245435371,2.2377196460131,0
5.44946999993203,15.8404844108928,28.7240447900011,2.15544365595784,0
3.80507352394626,18.6194131482184,26.2138201477002,2.29678742201526,0
5.38377917304674,34.4406134196415,52.8653938823654,3.17654909568182,0
6.26881020155259,20.0920037786119,37.221932870675,2.57629845229518,0
10.1854670149105,30.0201765172646,78.8406626164321,2.40508264783455,0
13.4770019672932,20.6247041913173,105.766816578019,6.98714950923612,1
4.53877126614584,20.1103723507273,31.4026709934805,3.06626005063243,0
14.4982649005788,20.1572747195725,117.371760270224,9.8898840835211,1
11.1980501262498,20.9410599102025,80.6187069271036,7.41060625248352,1
11.9035708281406,15.1788920987427,79.2550471725266,7.80837690010178,1
14.7945694310519,34.7435236413585,132.758410273995,6.18405179864962,1
7.9932092714177,26.3292127164463,53.5438208744331,2.99057545222774,0
9.37900159075082,27.0368482257358,69.8916150070247,3.10224751991779,0
11.1505554023486,25.7652014171889,81.0067523826421,10.4113630727901,1
9.1545017110799,15.8767509607722,50.3492275744108,3.37190523996757,0
6.58934813593003,24.4304097779751,43.3650076722429,2.25703030869253,0
4.26461607276047,25.7935300241718,33.0542328883684,8.14374044436238,1
6.41918574866574,28.4591158150372,45.3809189816082,3.43507845345158,0
12.2262341794531,25.6833600543353,95.4188299046991,9.52609977941801,1
10.6893924534222,16.1014461797326,65.9642158018199,3.70803383868065,0
12.6159684384383,27.4019797987275,102.895694304713,10.8343256094065,1
9.20544638364512,26.6235040555339,66.1456099234767,2.02713539986366,0
5.78520026215602,25.9119265164827,33.0372569077355,2.46985756059314,0
10.5355431237828,31.8656256042651,84.0961205177396,3.09816310030211,0
6.64806588026764,23.9477351940776,42.064444826559,2.73953917938344,0
3.35434493930425,27.0713089261647,33.8476737481229,3.05919325419689,0
13.8399741218025,17.4722577279768,99.363271656503,10.566369564853,1
8.04443482563342,20.04758505986,47.8661158211478,2.93510475002494,0
8.11356936509655,32.007086515086,63.3745605147161,6.30737455895617,1
11.8950208239823,15.3244872497293,80.6387427637265,7.83541255067033,1
14.3815008516695,18.125019562058,108.125686883362,10.8791172218507,1
3.87018633654556,31.4676994951932,36.4676994951932,3.62572817521765,0
5.0724130575873,19.586753629587,29.3211015044063,3.22264184886741,0
6.86828986959253,20.1838991067624,38.5633710151532,3.19448980770692,0
5.98109095596239,29.0158121334535,43.6824796566703,3.03410958848,0
8.94593977633432,34.3305055825787,70.1429445666748,6.37368893175963,1
12.8935153295722,18.9655963992896,89.2406654834825,11.7681867321478,1
13.2476689793061,29.9499457578769,107.454772637113,6.25514855252906,1
10.1499593047044,17.810124899635,64.8852707296816,2.03741162736838,0
5.8820848059728,22.6499514255862,34.3440835330007,3.17164187135371,0
5.23791225927222,21.4657850280677,33.5529715251046,2.76746538503148,0
11.9206861488245,32.6757103796807,97.0207045361635,8.18873862232947,1
5.84656869172257,28.1076279248132,40.3569538898613,3.6121037213499,0
9.4738906911186,21.6715072000246,58.8969776285549,3.20400224669014,0
11.9913694455263,15.4321591829585,78.1141464369416,9.84037142489949,1
5.73898925538463,22.3801731825636,34.3395672043014,9.58686371420537,1
5.09401425087293,34.4436134368785,45.3965289853363,3.36097653369972,0
3.47682823891021,25.5819817356418,30.5819817356418,2.80526716118909,0
4.77082605239937,29.8428964641122,40.6135450882523,3.89720069587654,0
13.2172668833639,21.9077767378804,103.839981396284,9.82453403868186,1
4.2556309409395,24.2117973065046,34.9195888470176,2.32477104500305,0
5.68374054632781,19.2327139643596,34.8772552208519,2.79860096503965,0
3.39308639695173,31.7391946027457,37.2083236168035,3.71910015842282,0
11.1162796254153,22.1961771880024,77.3278565593759,6.96243570839065,1
5.78043769757664,15.7417626590137,34.0166747039513,2.03599080894236,0
7.96310061362117,28.7797837998145,55.4325629773998,2.05764419569512,0
4.67161405588472,18.1157776821794,26.8234090373479,2.00931620430356,0
7.52660745133808,30.9750233862096,57.3140445103732,3.9244816307486,0
8.09324959487538,15.3052490525066,44.8348939560029,2.78135838168725,0
8.67557942232016,26.7124629462646,62.3306992690868,3.69895718814461,0
8.07410175646336,24.9103255405123,57.2371300524713,2.965982907108,0
4.23307876648997,34.9492346751698,39.9492346751698,3.40711900754123,0
12.2709631995785,17.6874147285253,86.5165360436198,9.04242724817379,1
4.64647204187894,28.4510736444882,40.6029475015969,2.54724529827345,0
8.09150849190974,16.8989095059944,42.7777930667806,3.83819745170502,0
6.26347334943335,18.2353682863804,42.004753643453,2.7553863541816,0
6.61209531695888,34.7666258325599,53.7648459239311,3.32895858799407,0
11.0690492710372,31.1333013492278,87.1993769949775,6.92532095965868,1
9.21344068576097,19.892805773342,59.9311812580739,2.8927400781726,0
5.28104460575929,31.9260089140158,46.0303626689685,3.38545745270157,0
8.62961327800052,15.7120051806985,45.6340145350371,2.73331730557574,0
7.07449042555564,25.7121410236366,50.4508867196399,3.62364632173292,0
11.4539663789775,16.829495112164,78.3722390826244,6.19424303136539,1
5.71314242919059,34.4181133328418,46.4743219685274,3.1276466553105,0
13.1398576483001,26.6620187344937,99.5782765293341,10.4885850841727,1
9.31475597869956,26.1148254927512,63.2381799692755,2.88611544591225,0
9.00743487507707,21.3594614604813,62.1020288638985,2.97513946981225,0
6.04422968265216,31.9980908429857,52.2560693366776,8.35285577508191,1
5.23386803683997,25.6030902693144,34.2008922166573,2.62948526330611,0
8.66182875285116,15.3419644830345,48.3787078011496,3.76408831181221,0
14.7818930139031,18.6978978109465,116.435209173397,9.35818329543598,1
4.59487485194192,23.6693661966454,31.6268725326909,3.290479102269,0
6.40154918913669,16.5995282221023,33.7982703138772,2.99012632009577,0
12.6076940914015,20.6131510677092,92.9326378119589,6.41647882963307,1
10.9773227821291,20.0079057271618,74.2026754048902,3.80326859975089,0
6.34510090432124,15.012172846184,32.5715175850926,2.93928395933727,0
6.77577128130134,28.8577063845872,49.7163546451676,3.38181359831344,0
8.03937905282315,30.4777927296231,60.2885622344447,3.01331784478031,0
10.2334411469076,31.4069859604268,82.0725421237698,3.09862668910427,0
11.6320652066529,32.032592287732,90.9606070857245,11.037450016361,1
13.2876040014148,18.0304976196169,95.6168852804352,8.43800982455533,1
11.1733376455009,32.8007327690598,87.0438930337027,6.92022641955171,1
5.84378477366038,28.1642577962906,41.8964944065695,2.57847751903365,0
14.1086464240351,28.9226732562838,117.239954749226,7.09802121254457,1
12.3743448081092,26.2814332841777,91.8935589931606,9.96134932708684,1
6.68857776513413,33.7936399669421,52.7644595862473,3.65149192786289,0
6.65958769970476,20.0369408700224,42.0812355118343,9.91331926332747,1
13.5740198211469,30.7376856744548,115.564168880626,6.35111256203461,1
4.51294176476638,24.9051693273762,34.7536426360346,2.24529730786781,0
10.6015300108287,32.818004134924,81.4683281786031,2.73446414242314,0
6.33255278968109,20.5239737958838,39.9260028925552,2.55024658949994,0
12.9264039016717,15.3049381838171,91.3890224568174,8.55797510038605,1
7.37428137067066,16.2978200926886,40.1459365885173,3.60831835786241,0
11.800393133626,32.9927017244273,96.8874175538719,8.69848606801915,1
5.30901468496487,27.82300446491,40.7827501051211,2.44638813305936,0
8.77735077048887,29.6053744341373,67.8363403715421,3.23433943483025,0
12.6431355171723,25.0872340907601,98.5211123492675,8.0540775480603,1
7.76385854006849,26.1514920082504,51.4319756706837,10.2328069725737,1
4.93888847827308,22.2778896531089,31.8969887521162,3.76458209291032,0
10.7877866717838,30.652712965455,84.2146486410537,9.70919001912912,1
12.0399096707327,30.1373050241505,93.2831312578267,11.9159655424084,1
6.36231162447712,29.000122738956,48.5932217724684,2.44894873955332,0
8.41634233478882,34.2378482988371,63.214127224861,6.23271375951214,1
13.8053869486328,30.3767674216545,117.997043395981,10.9485821014798,1
13.463827574291,34.5584518228771,114.237023199985,10.4202817025697,1
11.4862513174102,26.8055289938732,87.327440473885,11.8866781559869,1
10.0908071938849,27.3851818137306,70.6005327378629,3.42623067431471,0
12.8085872447655,27.7810643417398,102.052139414214,8.45457790083025,1
13.8917357531981,21.527427739024,103.866799711404,9.7023368342913,1
3.03009071601508,15.6605803612308,20.6605803612308,2.65544085985906,0
7.76673319480514,30.7635275722743,56.6607206345829,3.31381096304037,0
9.73691620462178,29.2037570117046,69.9208592562429,3.34058309956316,0
11.8070776354185,16.5806338333375,77.799007176104,11.5605984162157,1
4.04967314622052,17.9716367287394,28.2836354936818,3.32519062600452,0
7.79705985217037,28.7268048839249,55.5796835048458,2.53763238779059,0
6.35545415339819,25.7007475462747,45.6542588959252,3.77336314973583,0
8.0821206372622,18.8242888551799,49.9473848705435,3.30310269860317,0
8.97574359207946,16.1190670176992,51.5597942459729,2.32526569651857,0
10.9201826823126,27.2282460061472,80.8489398085181,2.46514351048302,0
8.95483366764335,16.0722325375759,57.9447678753423,3.86832968360979,0
10.4456184072623,19.2715062390455,69.7177441352303,2.41292276305541,0
9.98927834267067,25.0532534062406,69.8648274679634,3.74766114357308,0
8.13998877646628,16.8806221924081,48.2068567918747,2.78693917701701,0
3.05971637653518,23.1781222143004,30.111262654437,3.00949788149521,0
5.33419696631522,15.4023159616614,28.308629845411,2.07747827810889,0
6.84247985143547,17.3892749161168,37.8422674632955,2.42821130873527,0
4.76373751025918,33.8012502763434,47.3438747014212,2.91197295508522,0
10.1839665792772,26.177221779961,72.2796734730778,3.41444363764181,0
10.3379937199152,28.7292275197607,76.824007576703,3.09728582143597,0
9.00111911516315,22.5554040628148,57.3348786513368,2.22016082681052,0
6.85018681921037,30.2624282137076,56.6571278715142,2.71856517422176,0
10.8390966242935,32.9277806968057,85.3441884001956,10.6507129604963,1
5.28340179214852,33.2038432586782,46.6875062180518,3.80200920873609,0
3.07057177733554,24.9297229626332,29.9297229626332,2.37673123617343,0
11.8193042242075,30.2522046392237,93.1706016430844,9.87154109284362,1
8.32204610284722,29.1792406642302,59.2391317634522,2.01435178131815,0
11.3740998725982,34.025937076385,91.063339355012,6.77976926909968,1
5.22052019564371,19.8310898029437,32.6587466406574,10.4070553556683,1
3.75143762380699,26.2267941556604,37.6390116516463,3.24844492822858,0
7.53730304139625,15.8754653513562,39.5056481586909,2.82526905151206,0
11.3519581253459,33.4635591803507,92.3326619746165,11.9854398474388,1
4.23382040945179,33.9051315751721,41.8743049742973,3.35367524945039,0
5.35001080409991,25.0181268977907,37.2381198957386,6.14984276610617,1
8.44743180487824,26.7223489637173,57.0572002077068,2.6817193223218,0
10.4537902763238,30.4388369011376,76.3644494817608,3.84758438201573,0
12.0014909768278,19.9866236855491,80.6698145907725,10.9866586909583,1
4.31682025542788,22.5798095209238,31.737310618336,2.18559022959435,0
10.4954832858677,20.7721119239799,71.2715555238809,3.7807789093892,0
7.64832626573377,25.7760793042983,50.8600456424734,2.06242018431956,0
11.0410844249737,33.9791364762803,89.120370912724,8.98894990536031,1
5.44272453194282,22.7080139909971,36.9022226219396,2.76838257939935,0
9.33502557036877,15.9001953162748,59.3615497111457,3.75822937950021,0
5.06595065947119,28.6503726541897,39.4689060364095,2.78674709225542,0
3.2241720719565,24.9006132035976,29.9006132035976,2.52300781888229,0
8.84340295708749,20.9302400179744,57.1664369594882,3.74234769434401,0
5.21013331873072,23.3177721341842,36.5047604710169,2.74489543233455,0
10.6601199600406,32.2502059376354,84.4501374766651,2.56102291222723,0
9.4388978320852,31.4203542709971,77.0101775298989,3.00005596518408,0
12.2993445599729,18.4169268020099,84.2815788018759,11.6128506915608,1
7.71551883161044,28.7026655649213,61.1469192569736,3.67852020007059,0
14.873425570035,34.9532672254517,133.318006574564,6.86150293329042,1
9.18257635394489,30.6871859608168,69.4207433142698,3.0734409794822,0
8.74588081422566,29.5009271087074,62.5879881140844,2.39296568785088,0
11.993309649026,21.2003995842067,87.1173477969225,9.90738085869569,1
9.87225951950898,18.1894158116882,65.5863559159628,2.85691677611317,0
7.3495838076003,32.2864430804684,59.23229764208,2.54485621396733,0
8.87093742552171,27.2069243683325,63.0412003240075,2.35919073309667,0
5.2696604992662,22.8018079706755,35.2395409642499,3.76311815723766,0
7.72300097156234,30.1118146964176,57.1975442626207,2.43955719004639,0
3.35954103028858,29.3725577144261,36.5810890828039,3.03416294996219,0
8.55034872410643,27.9466625095481,59.7407438247502,3.36169353288406,0
6.29368935364285,19.1452672312668,38.0610991270277,2.65971669432827,0
9.32059032430339,32.710556355894,72.8026750984615,7.25594231316481,1
3.35126545683735,29.3801192485699,41.8871463085544,3.18802946695542,0
9.66104119826609,21.0526112682924,62.3248978094142,2.79997534010688,0
6.51597460354029,16.2719699775341,36.8967020765853,3.15644542350337,0
9.92988817216257,33.2559283099174,75.9631693127128,3.08681321187322,0
11.7932382391364,30.8770011690326,90.9854354009414,9.57608818731306,1
8.28405392155725,24.9716728594319,52.8507715576249,3.95842393939015,0
10.9578818745836,23.2785038841633,75.8065829692051,2.82779491677079,0
5.86691945844254,27.3112494797818,42.0948545707697,2.65047917877115,0
14.9831890630378,22.9703035220616,120.760893998504,8.96059517275487,1
5.91454225943721,15.7783608005098,31.9125258951872,3.88737643809926,0
14.2899409725783,21.0393666421072,115.701353575712,11.2175464251016,1
5.60663700469222,19.9255711624707,34.0614978273581,3.77384937760359,0
8.97077261526081,34.4460517534425,70.8814913046469,2.46171022028297,0
12.8541235787128,30.3499609819871,98.49852187266,11.9422511014107,1
11.5990565615368,23.073932276712,84.4313802106698,11.0935460323425,1
11.466964945448,29.732544174145,88.7033926105272,8.80588022476073,1
8.28528671970862,21.0531003028118,49.6874817881204,3.70016404946747,0
12.0501003054619,25.5459165486434,95.3881402617978,11.0504865587768,1
14.0394429241783,19.1428647965731,108.581169839908,6.96496144211608,1
8.29622094379005,20.0852056717145,53.1893787486138,3.89879282327961,0
9.33558580985641,23.6804613763875,62.972176245742,2.9536678649291,0
3.79242700819965,16.648517179289,22.0984242456782,3.34246439701788,0
7.68927688404831,32.065759134579,61.1205420777917,2.12890587440867,0
8.60686279599895,33.3265843258395,64.0537921721167,2.13594732840559,0
13.7416525296429,19.2621572510309,105.442521281327,6.10758825653852,1
4.32668928306529,24.4744402352143,35.1883851465459,2.81419582410563,0
11.7736512383876,31.8291940335165,95.8029369138882,9.75035635885904,1
9.54565402258463,20.7655794691771,58.9234818979563,3.49446205959204,0
10.2784251661985,27.2141764410131,73.2144455469458,2.98935901193351,0
3.35739532955472,23.8409602391128,30.9596107898233,3.22137434225982,0
4.76096855712935,22.9498295674393,31.1938889602695,2.13987631153803,0
6.40779870559422,30.7874844261781,48.2553042260799,2.11320573807779,0
3.05846457544327,24.2902522801233,29.2902522801233,2.90624091087783,0
11.0298935735656,24.2960503683055,77.2437166485848,8.54701000413556,1
13.4430953870712,34.8405700865089,117.289002926943,11.0883773261232,1
9.56361971125489,34.2445959089337,73.4794222527772,2.50132248519839,0
9.51796857023045,19.7016177596445,63.1468636485596,3.02829568403427,0
10.3887111433564,19.5390753424278,70.3327980836449,2.00558387257962,0
6.62617800498965,28.2547603508757,47.5043503453772,2.19121240370751,0
7.4007837799313,23.2389287040644,51.5329076411471,3.1017731996231,0
9.8992767273332,29.3750808110283,76.9979558374427,10.4782093390794,1
12.7105990046081,29.6690671311822,105.747000372396,7.10617847473314,1
5.41915961289805,30.6658972239744,48.780669073822,3.49235693795095,0
6.93028867017947,20.2662897559767,47.6233886746604,2.17809370296532,0
11.9150550046764,34.9671643061013,107.328568937837,9.20484180595482,1
7.09104298958811,24.8740087354088,48.6999606557791,3.35880232350243,0
3.57133114447866,16.6785302871542,21.6785302871542,2.11118961385975,0
4.87628314411502,17.2403136648912,30.2031510617454,2.5891410869847,0
5.32637831591456,26.2299944829289,44.3673893581011,2.65518736002141,0
8.94134835073414,25.2021788485233,58.1155704267423,2.44167136668365,0
10.6214995330961,33.6967101310243,85.1007977773293,2.60580520635916,0
13.562639726623,33.016521216708,113.145107515901,9.66628423610055,1
13.8304386770669,24.3080729570748,112.883568485878,8.15742473253443,1
6.68592922182114,19.1295426645623,37.7800892607277,2.40681934376564,0
12.040560877507,26.2883521183266,87.6302591021665,8.21664017827024,1
6.38913636670767,21.1746676355484,42.4624127183983,2.69295866793185,0
7.42292243718331,28.0117126791189,53.0805660945571,2.00426166616567,0
6.51271874511756,25.3020801376152,44.9218571105005,3.807143171224,0
7.96428883438922,31.8636018288153,59.4781229546329,2.06059685947278,0
5.57658834802057,17.634808298664,29.073855164806,2.81090012488018,0
6.82783207764227,20.0201355450554,35.6854802124922,2.48070300016212,0
4.46303776668105,26.95062868491,37.0003630281784,2.72019911331888,0
14.5562188751464,27.5042956253395,126.220434515105,8.11357262132134,1
9.04779611278539,23.2518817075804,59.7621437489021,3.56268605654569,0
14.077208191064,33.0118434873747,121.049835035821,10.4853593455348,1
11.9539216892811,31.205500500849,92.1148418618596,7.84081427117744,1
8.49246345216503,25.8169976563077,58.5274774989199,3.45230613041876,0
12.0554667036976,23.1005872077574,86.8241841912354,8.89424206800256,1
10.5362769432831,22.9435628846547,74.1549233623266,2.16582591176371,0
6.64510120982242,17.2797769478623,43.3523745351847,3.02910303829105,0
9.25991176095926,33.7448989377391,68.2383306456631,2.54881911661278,0
11.5477463477692,19.6907102735373,76.5148621791084,9.47722253279539,1
6.66376237737968,18.0563365533231,38.490541378825,2.35155281657849,0
3.15027404263768,25.2003161291104,30.2003161291104,3.48777748981842,0
6.21915394963124,24.1008907092105,43.3445538054661,2.29983695813609,0
12.560945707081,16.4805394098554,87.4073024454067,9.20654378127778,1
14.159917067562,26.5114574495819,119.659994503525,11.5460485302002,1
10.5039738588391,28.9707056275232,77.0338641446918,3.43733853544681,0
4.59368981496493,24.8109746936337,34.8287415460744,10.4095620870147,1
12.0908443109691,16.4578730457449,82.6529737773513,7.41658661450377,1
9.32286415256813,18.593279770777,58.9964394723622,2.18252571846516,0
12.0464288594546,17.3187091870417,80.9789579631114,7.46068986870224,1
13.3033404368402,26.6692514827538,106.596860558661,7.70996853224027,1
14.3704986132219,16.7017560594778,103.871066365051,9.96266080202637,1
10.854450415474,22.6810974813278,78.2208281878341,3.30603293445068,0
13.2510985181118,17.9431279088221,96.3128700560994,11.1088026530029,1
11.9110566923586,23.2297247171119,86.305987066951,10.0592179382297,1
11.7252142608441,27.5054991772037,86.9612270130033,11.8196306515162,1
13.3054890752036,22.1907932340491,99.6868866146065,6.57042027420252,1
14.076036489044,32.919686954966,120.56373881963,8.62978428258907,1
13.8249120182981,23.3496069524981,109.120228378385,9.97951279402294,1
7.74900313878217,33.6731047261867,59.7917438752371,3.37055487554649,0
4.0082553575847,31.4091366578673,36.4091366578673,2.72784482264204,0
12.9548846214978,17.3328497511603,93.5908323833768,7.94403980262347,1
9.46717863969161,17.0793124319555,54.9905879190942,3.87591061975454,0
9.50491385686948,17.6562027676918,56.7169784646767,2.43526410296499,0
12.902103966797,27.769367350491,105.260261812802,8.51923835957497,1
3.38381021250929,28.6918427037655,35.590530784953,2.59584257007368,0
13.5355250247019,30.8002016762953,114.775833452469,6.86321198443487,1
3.41560801605264,25.8465172787415,30.8465172787415,2.49372524288817,0
11.3183347005407,28.5071573840052,86.9572390074826,11.9913359270471,1
10.0498137522049,28.7350334251907,76.0011528740792,3.46651892437169,0
10.7009901700032,21.7645973627897,76.6160302379502,2.27612687633395,0
7.48896225285907,28.0103262545358,55.7897903979715,2.96776995954808,0
6.30554431980125,23.081920370601,41.4435856492357,7.05905339466923,1
9.11290297726515,27.8032899431009,67.3329802703838,2.59430596544101,0
13.6298774057967,33.6924043666972,114.639635464517,8.71479522356929,1
9.78347604438682,23.5994138454285,66.7699643069429,3.04801802177861,0
10.9577866975718,25.1233509043128,81.8634364879392,2.28105022768975,0
8.29655077144201,21.6412960402596,49.9769770552539,3.66808456077501,0
14.6656690454574,26.5744107396143,123.370981148935,8.06390725853313,1
11.9102694282205,32.2684060646085,96.4562006153396,11.1352855820921,1
7.25883013020928,20.6729871202111,41.4921493574617,3.84505224021773,0
10.8423723919639,31.6878064439906,78.4750661444829,3.10568948817931,0
9.51139694246064,25.3895440944581,67.0551738064484,3.95999993954119,0
13.6086745485442,19.5215252011359,102.341498747607,9.10873834979733,1
6.30064861278494,23.3889445693806,38.9555491351911,3.93809603719057,0
4.29680982206805,18.3398934769723,28.0106968733723,3.46123938353576,0
5.29526462089404,33.2478904945988,47.9723478713324,2.15999144948631,0
7.64455479126103,16.1589429493243,47.1676889647932,2.31890517590369,0
13.2487175392118,27.0800686575603,104.171662026479,11.9157534118176,1
6.250138966031,17.0790333588489,36.0095105619257,2.94208454137584,0
10.5163056385042,21.2695614186897,70.953389282702,3.82810505240117,0
10.4826216125467,17.8588331982287,65.3955392680288,2.17193645483645,0
7.89656562417514,24.9902097508785,51.3439840189536,3.91292049732125,0
3.60402155591342,27.7219554916478,32.7219554916478,3.90489312398701,0
11.9380064763899,31.5851094203968,92.3155104867541,11.6282199505775,1
6.54870641308657,24.0002586976225,39.5800520875681,3.43510009398328,0
7.78149835858848,30.3889823433337,59.5322599635903,2.23960538399995,0
7.52687481036611,26.906756273577,49.3061729411192,3.56115173188276,0
10.9632315800531,34.4452866609201,88.4488323842109,8.43096288319345,1
4.03599944178197,17.3943159063487,27.4695902452416,3.77753099851643,0
9.59867904566377,31.3263536519565,72.9552406694698,3.78529059126304,0
3.18506186811907,31.7031240982545,37.0854284538699,3.60222478894482,0
14.796467802473,30.831435654549,123.559447941145,9.59695988211326,1
10.1811266686562,24.096497453256,70.0663908888352,3.7151251787648,0
7.60937073595472,25.544188122381,54.9847925854378,3.27828587467615,0
4.76097516872979,34.7076923484256,43.7603637251292,3.2890310002063,0
11.3625399172417,33.8927162686749,90.2904895281694,6.00535277684814,1
13.8697010004786,30.260035073316,120.074453976158,7.02821472050108,1
6.8173050281354,24.2052266811777,39.3972522349503,2.26813903795713,0
12.1979057358748,25.8047112056663,91.6975797092997,7.60613390210566,1
6.44997722449425,31.0912066249201,50.1622958171153,3.11415505264506,0
14.4867041084927,20.5373917910978,115.826448994609,7.57745722532108,1
11.4277890575377,20.1306623560758,77.8428819545112,8.19443420662954,1
10.5001871183199,19.2772269079175,68.7623054824507,2.86835701068622,0
14.1688167978018,26.0241232155216,114.377035960702,7.10423334594716,1
6.22850864702302,34.0279120567758,51.891057172411,2.5181719136796,0
14.0833889560891,19.7547338897933,106.470286559478,9.63551747893706,1
11.1369952094878,31.0319870951948,87.9566238664575,8.74667893972394,1
12.2563500864175,15.6082003656405,81.3636989739618,11.686470566023,1
9.85962403721942,25.1244002277535,71.468578791412,3.5320158676088,0
13.0068561299908,20.6805071741055,98.2204436220632,7.08459178748617,1
11.3793815915024,20.6544345974532,75.2726080849722,10.1424840422666,1
4.75930442132291,22.8394778145099,30.1743160506609,2.85112629267721,0
10.3495335435369,25.7091472202734,72.1400723023011,3.52711574597232,0
6.35184402739598,30.4577072685105,49.5911390564731,3.97240443182706,0
13.9905446768076,34.2331650899451,122.868213931526,10.8780575201392,1
5.37878748252185,18.0077127562166,31.1338449154972,2.91193719307807,0
6.42859794445563,22.8958028288798,42.4288198054313,2.91274858644156,0
3.57185645963615,18.2548052035043,25.2432394001089,3.72402551365823,0
8.37094972860766,31.7328430962305,56.9573834113623,2.28021166208722,0
9.69105378205334,16.69604833283,57.6048919344837,3.60887230184542,0
9.88273299092514,32.1257144330873,75.7534116336149,2.92400241184974,0
13.8645285595161,29.8169031425093,118.799103399015,7.74036123377872,1
7.16896719360726,32.1667301681159,58.5561459364613,3.69887956013981,0
8.37034055509506,32.7984041964424,64.5542342107061,2.57929722610835,0
13.214851950018,18.0155329206963,92.0369887769901,10.9858757187334,1
9.9219516387843,26.1337208858387,71.0423024260546,2.64180468027829,0
10.8479152185328,21.0503521999297,72.7436960415102,2.78079070366926,0
6.34031196473179,20.4244639224625,40.6008762285632,2.30792360471888,0
8.84965561951019,15.3286875118555,48.8031102865885,3.01609993958827,0
10.4514286509657,25.303615423564,73.7785265432385,2.99935700899445,0
4.60072836174288,15.3809879923514,28.1473062822545,10.2498061820389,1
3.39490459911041,32.9645715561924,37.9645715561924,7.77396824597771,1
4.36093201356991,20.3396338286854,25.3396338286854,3.04198885360237,0
8.72953291607584,24.8674681109927,60.5249793336271,3.17725141566752,0
3.2883208155697,27.7283504794215,33.0920283117501,2.70436729282642,0
10.5145071496467,15.0299951368393,68.4334369899862,2.67382633421644,0
4.17099141571301,17.2647789209642,22.4361281191216,3.54677468189631,0
6.01153845259495,24.3308285979177,45.0273130852667,3.86002632085557,0
8.11791535027462,27.465556030832,57.9815598478646,3.45271615854963,0
4.38992096047499,31.3934212469563,37.6226714631171,2.1883630697604,0
6.2466239255696,23.2961122883071,45.3194397035789,3.07049110689776,0
3.25295607402614,33.5370826962945,38.6681123596347,9.05638478265705,1
14.8205466433256,26.9476649141488,125.602053693354,8.71255142559838,1
10.3388832974569,15.0366159423879,63.6581688853961,3.84869832132234,0
7.54024606602299,28.6007585120503,54.4203749078794,2.9966703775299,0
3.31834021332539,19.2554729007599,25.4447491146347,3.44606049425442,0
7.67806498049981,15.3051166446332,43.4066660531666,3.04516388539394,0
8.43070351663721,29.7149646327099,58.3245571606789,2.67425899538994,0
14.172038325174,26.0382076462698,116.441241817584,8.41866514446291,1
6.34205006205668,30.6724217854092,44.7010870814486,2.83740147109968,0
10.3773826929996,16.7633814590549,64.8481247430565,2.51482439770662,0
10.9820202549863,22.1139936680484,75.356098507599,3.38455898557046,0
5.23153163755607,20.9940327752323,36.6604533192651,9.58631182335269,1
9.06916018783718,26.3800599543595,65.2466031183147,2.4284049327562,0
12.4380091543192,25.2030641047524,91.9852917248161,6.3491904388855,1
4.15894841314096,30.6425250004324,35.6737680188437,7.9332706875834,1
10.2724235780275,18.7411581661614,66.6210900897511,3.42160974173352,0
3.31271919226072,26.5299101312248,31.5299101312248,2.55000983831948,0
3.08456068572091,27.8875481669351,36.5729158398023,2.90066989986102,0
3.71434328568086,24.1973597457256,29.2741427905914,7.40493653371581,1
8.77680550978844,26.1595445993989,59.9061892599905,2.90975097260345,0
14.1084493042828,34.4865212667726,126.497909770787,8.88133885366494,1
7.86668860966829,30.0334483510442,55.4609066543717,3.07650763706061,0
3.90039167203849,22.6197272200166,28.7345221028697,10.1436083326098,1
13.3362296937963,23.6803257093692,100.965492918193,6.44966269834563,1
9.23157102564528,29.25662968193,65.49669037376,7.52136286502586,1
6.82723042700909,16.8742418748193,40.2200446761121,2.42627622480684,0
14.5563880654161,27.7561644527921,122.385897387172,6.39554824999847,1
14.2591412220285,17.2871699175428,111.02390101004,7.02716697525332,1
6.12022766348031,17.0369597579803,31.835016503323,2.98481578635078,0
5.41670224456464,28.3333755833404,43.4198548335455,3.874992243683,0
10.0669044396729,18.3419975507394,61.3238791075057,3.35271129391843,0
13.1102185180987,30.2943693799852,108.469891161991,6.73813950339981,1
7.04065307694066,30.0118082215486,49.8920740747547,3.39903528196578,0
10.0371530575711,21.2404054335742,68.2404526579852,2.2830258467025,0
4.94693999374569,26.4172919924408,34.2903690768138,2.73781087934637,0
5.3351248228577,27.9028129001312,43.7915505200446,3.48677951213018,0
12.1360225919051,31.2292921873503,95.9844489093639,6.20294146976318,1
4.8011815362246,19.0293263936064,31.685743478371,6.40301232870854,1
6.19088449257393,28.5248543277847,45.0044418144696,3.62589072809582,0
11.273938358132,31.4578116696458,89.1674707093258,10.0604062814077,1
3.18107169159575,23.2877135777046,28.2877135777046,3.54892562452418,0
3.38633284642285,24.8739361003665,29.8739361003665,2.94495727912259,0
6.45031128028834,25.2849879217785,43.9006750890229,3.48071909542633,0
7.03947816614759,33.7865725543534,49.6078591218059,3.75172306485901,0
7.34659326636013,16.0330152272386,42.7533903939755,2.31017565833615,0
12.6862869061622,26.431056481882,98.5897779207372,7.41592876984676,1
3.4317716119037,24.7952018469384,29.7952018469384,3.64264862484708,0
7.3007429355039,21.8765620037945,44.7545403774784,3.30704250607636,0
10.6593375992019,28.3983343970287,78.6615539787408,2.64944629736044,0
4.71604931421987,30.3888002132356,40.3147888523612,3.53632142768241,0
13.2928633741373,25.8011915391764,110.592948217139,8.87330672979894,1
10.7467728992812,15.8327609423362,70.5078351140137,3.58723341718727,0
4.38352110576032,19.7016173028018,31.7088607878333,9.04605463401457,1
5.49716891998737,15.40879502661,29.0537475644136,3.61522619948001,0
11.945979968978,21.5555658471792,80.7255061981904,6.11847611815382,1
7.84087954001007,24.3611215575128,53.7985537437756,2.05151356533057,0
8.81364073138208,30.6913822617911,67.4956297980712,3.38231656431999,0
13.6494609368727,25.6454591165699,108.040600451658,7.52902337148229,1
4.64932259549077,24.5485300135798,32.671919394607,3.64583307491059,0
14.5724735686334,28.9589944135712,124.607459284401,11.986814592932,1
3.51155618155896,15.3483437060443,20.4015134521798,3.00283776798374,0
4.19328308705862,28.8998152986806,42.6174038026504,2.3754992512728,0
5.67886117128532,21.2391917359059,38.9350628211816,3.56527242839213,0
12.6790209871262,26.1958191893289,95.6681226068603,11.4727508359515,1
8.47047368843403,27.1361329081907,58.6071913439801,8.10132312994021,1
10.8390137071358,18.6428531430007,72.4432796923185,2.7350993521977,0
5.09185365023805,20.0054518051833,31.0623035668098,3.67286244625578,0
5.00066319511834,26.5763611710762,37.8902545937777,3.56869873264875,0
9.25018008664547,20.2524534349219,60.9605348891484,9.33813003772373,1
11.8835236233627,19.7883409873343,82.5093011149657,6.1111347179329,1
8.54969358258034,22.1806270051396,56.648960636402,2.76268026509282,0
13.4353690214534,33.0882199650359,112.214533583781,11.9614986708613,1
10.9249432160477,32.3842061103108,87.3704941710993,3.03970296075313,0
5.98908106142319,25.2807155707517,43.6337122093817,3.63591221300046,0
5.81882664962526,16.0349536221405,32.0922110049516,3.91467200093339,0
7.48856060240484,31.006758138206,52.7422012849496,2.94893565607653,0
12.0793926755546,18.6237837583883,81.5168145326891,6.42493661348117,1
14.2552519717174,28.3748250881702,121.192736944798,8.21097538625066,1
13.342871991826,31.7074342953233,114.403820899686,6.53995666546069,1
6.13932951219506,34.2959311354127,52.443956806483,3.40992604768213,0
7.94734713574284,17.536918173764,43.7100504214832,2.12879206423616,0
10.3385291934039,25.4662264340616,75.6983909000993,2.92844604576412,0
9.5620134697897,32.0122208932459,71.5145698060358,3.57731118306125,0
7.67129934490759,25.752185080729,52.7870641838996,3.00488518692574,0
4.21704932257532,29.6009295217267,37.9167660318813,3.81436901631348,0
11.5469376527671,30.7091929244658,91.3897436066793,11.7153842872298,1
4.05762196710521,31.731910895392,37.5827432888395,3.53498273619126,0
13.3929291524846,28.3306485429974,114.057370957158,9.36816289506576,1
13.3613812839916,32.954783794585,119.100622946089,9.47389114106707,1
11.5014094981845,27.9558246802005,84.4779476083039,6.93663932727678,1
8.83709488569223,33.8927478070942,69.5222615329413,6.66455808849954,1
11.389758784955,27.5859676380715,84.7857402250533,8.40557137972103,1
7.73984472122118,32.448572477805,60.0155784928943,2.66622931518251,0
12.5699518115202,26.9131072085633,95.2859643000908,7.78905095832664,1
12.4370049873582,21.8869796858126,92.8479080040395,11.1714444580482,1
4.86634300648346,31.2691497262077,36.8950811382188,2.21029774091612,0
6.81381060420717,23.6476205597552,41.7271031807042,2.05522210594424,0
7.12779812143188,17.5309132087592,38.9626111792075,3.39492289030556,0
7.37004358384231,34.3713746533107,55.0715881745526,3.64922031521102,0
9.79974668025478,32.0512704779643,71.5134846344375,3.06316813698824,0
3.50024931024345,26.2251884717612,31.6472527343045,2.17165093745697,0
10.9196366275668,28.4122459512536,85.466838439779,2.81426182439843,0
5.41958110867961,34.9544844381833,44.6373747598981,3.03413878694768,0
7.9975506740773,18.2261744057165,45.5050753442194,2.54185578745235,0
8.4107118780084,25.6907992020868,58.2527247056121,3.487472721714,0
7.18472123457175,22.8195741564323,46.5658274537417,2.06428808372642,0
7.59936372153615,25.8229513999615,53.7354720301477,3.62196711162279,0
5.16367273017311,17.0675570655025,27.8950855042862,2.18194176088098,0
3.81756068872889,23.8148451621883,28.8148451621883,2.94323185043215,0
9.61507978723022,24.2292827489512,69.3517862533355,3.6041802337429,0
10.1504033473998,26.9178328838199,72.3999818358858,3.93863310743325,0
4.74599747066051,28.2475036216972,40.1563524158244,2.0418999974092,0
5.77130049986549,26.8029874706201,42.5943032802758,2.76172690648014,0
6.43652557844859,29.587655201923,51.3901348644925,3.12196411807678,0
12.9690164028531,26.6180524772575,100.162272898186,6.64944511562961,1
4.84105129394895,23.8620621722643,30.7508116829532,2.67577633731622,0
9.62566569064178,24.9357688907978,66.374977593927,3.1014900363549,0
9.81767661230631,23.6017763405981,69.8442930455752,6.11633971185357,1
7.12104111730407,19.2014770620971,39.7431665592623,3.58900793754463,0
7.20740627168344,19.5360223231088,40.3990179457806,2.0481473820884,0
14.5093442102304,24.1477735218074,117.099382026688,7.13306132918564,1
9.64012739351425,23.6710542526562,64.5641263936921,3.11473918004624,0
10.8327744108115,30.5856751813711,81.8055305142357,2.15007295387257,0
8.88888139733296,23.4171675257516,54.2177094527971,3.32707302422558,0
10.7597997800615,28.467366650687,79.2689991204604,3.73960885279562,0
10.2630094260847,18.320773678558,63.0378987848736,3.06507503522178,0
4.74207951504115,31.4811796878597,37.3066350967383,2.32944978293215,0
7.01616639461512,28.708135522804,49.6271210529352,8.62255017251291,1
8.5252079215072,30.7810479718681,63.478299302537,2.34630029723695,0
4.53385993927662,22.1896897524873,32.6314376056384,2.05577945482727,0
7.35687988325398,28.2509800087889,51.1326006772701,3.32768750599508,0
5.73769961151507,19.341809277438,34.0398670951898,3.88903895024524,0
13.1700312272448,19.420115751359,100.319710926653,9.58013073812144,1
7.09768896025558,19.8491354483534,46.6547009129134,2.01908466155236,0
5.72147184799518,20.2917663404807,30.8334584237356,3.24625269266935,0
7.89817683422739,23.168239111969,50.9021927556513,3.41865605044467,0
11.196768571467,31.573908964358,91.5240873391402,9.56119072721359,1
3.7874639875371,33.948391083854,42.1274426801936,3.15471039447485,0
5.16875056323588,27.6491599346508,41.7684579956696,3.53694275212453,0
11.3316832670847,17.6947827296045,71.013678951747,9.60919990303531,1
12.0270792576491,23.3998690536675,90.6531994187791,10.9743388143219,1
10.4130513553208,33.7237077781969,79.7909603580049,3.17525628292081,0
13.5503827264391,21.4108855065678,103.460314907642,6.67887400287794,1
5.02560228093112,27.3856197209557,37.0973510768725,2.4922056426801,0
11.4425727864171,33.7026729455236,95.1667213265537,6.72099762850068,1
14.0071219089601,24.213646720917,112.456620286111,6.71954859682103,1
4.8088759092367,25.0079810823369,33.2096905688094,3.09669637572483,0
5.92516772875417,33.3738741950734,48.7780852486986,2.14596634186799,0
9.56021486508965,33.5964714201935,73.7689687340822,3.00790530779543,0
7.12943204371197,33.0897374677914,57.0930742940166,2.68845251108029,0
11.2876689693887,25.2726906135569,85.1491620214696,7.37600507377381,1
3.69081142110129,27.7962250119041,32.7962250119041,2.74758183082324,0
4.92916970788152,26.780123517563,38.4026270521302,3.5516433143283,0
11.5948596777555,18.1698963985564,77.3961489684307,10.0240820278869,1
14.6474243812073,27.4689800876294,123.305234124628,7.56653805613618,1
14.1546045181481,21.3828864575646,113.408962292627,7.70264138116964,1
13.8128039210738,17.614710012003,105.344182636467,7.62415304142581,1
4.53291976684312,19.3000600913809,34.3255828508228,3.86959322647537,0
4.75114701685924,21.2732059436504,35.130733900123,3.02454990673866,0
3.86717708177847,34.0290360155344,40.3394046310881,6.92219611828519,1
9.51048279773749,34.8153432339681,80.6570207995158,2.69494852979319,0
13.5898340748285,32.3377272758309,116.892609147308,10.8884049629644,1
9.38150280080266,24.237219580149,60.8295596782045,8.61381880683677,1
12.3805834247513,24.3123450515644,94.0753228377354,11.8782650289701,1
5.26144544293514,30.2945701396333,42.9012768758715,2.92638552412637,0
13.357335121996,16.9681615423252,100.842233805191,6.42835325042545,1
5.24909724870422,34.880747393076,49.4801358229936,2.11902879078397,0
3.65716951279828,28.8442976643618,35.0670175634208,2.98058239299141,0
8.05789212513718,20.9857138207753,51.772283616228,7.20364517761926,1
9.66125316010126,33.1769638506104,71.0859150804859,3.84454828422953,0
14.6489041142567,26.0515769352349,119.927370568479,6.82593946537272,1
4.1010460012943,16.7037995491943,23.9180695953951,3.90557323375342,0
6.28701711875466,17.1649148641771,32.5026624647167,3.76382532828348,0
4.26128482898459,15.6332971052882,24.1119322313639,2.47665340931713,0
7.6852756408514,19.3238947244609,45.000646889374,2.66675579925788,0
6.46813299825324,16.0282788994363,34.5704588258297,3.74961542120728,0
9.15960419361488,25.205449305236,56.1866479050587,2.90298949900707,0
7.17908018100896,16.6588077764366,44.9300968695073,3.68851373592073,0
14.1387362190012,23.8624456604331,115.686955882081,7.13308166713438,1
12.4793735565965,19.7240148148431,88.0750571668404,7.63837037251132,1
13.3321364233677,26.194413952582,102.86954312416,7.57342640606941,1
4.55401135131475,23.7793558288381,28.7793558288381,2.4747143787184,0
9.90084200386457,31.7508092552005,70.6035356446271,3.03819614227391,0
5.5773904306183,21.7308950905981,35.1859576718088,2.86094944476099,0
13.4188628572907,19.6046329384235,102.213290621137,11.0680047540486,1
3.18023306104109,33.8023166669119,43.0783102839175,3.0105347976793,0
4.26893058156063,24.3272739280216,32.1266327467468,2.16133661499633,0
7.51268490656779,15.5631551846492,43.8364472867922,3.92189753212553,0
7.82512687311832,16.588727676493,41.5282667237852,2.27126724204572,0
6.32664099574419,26.111435351306,41.5504566806091,3.01555404831962,0
4.15275598511927,19.2154280475357,25.620758090555,2.98753616697473,0
4.42476486135112,17.9647123050733,25.8993417204115,3.36529167766646,0
6.81533704616801,18.9106475027329,38.170128637289,2.46565352301538,0
14.4095140089326,29.8949789911803,123.573837752481,9.52519869049646,1
5.48887877783189,33.9802792174226,44.0262659900837,3.44273921530369,0
11.9673638527107,17.5875593590539,79.939091133843,11.8440238849761,1
6.09826396808981,32.595604948197,51.1871981466149,2.76418757242541,0
3.44688306732942,29.2383964562547,34.2383964562547,3.63063344012838,0
3.19262651000474,26.1368663497202,31.1368663497202,2.95423579991575,0
4.83247117417412,16.340372770355,23.4311896982957,2.56363833574129,0
8.54501031597291,30.7548223389932,59.3857883794564,6.7548572266374,1
12.0708131704537,31.2456030858682,95.8781155936816,9.83396655549938,1
11.7457791833418,30.091637333585,93.7409718961676,9.31470041350339,1
7.22867330979644,26.0097912323493,46.2732636693019,3.96623387977289,0
8.74967134515496,27.6320958647361,57.981031266765,3.74560808581734,0
12.768885040508,23.7332578816596,95.870370046292,6.59522225077009,1
13.0608348765477,21.1569401781873,95.5383161952847,8.66694616238289,1
6.83900040501583,19.1542253852405,42.6276340091549,2.62976142393956,0
3.05118022088529,30.415217788314,35.415217788314,3.17088807542857,0
3.56317011871479,33.6955163536287,40.6798271197393,3.89010997895664,0
11.8536885312478,27.430314278754,87.7822816528666,9.08294452902014,1
6.2715873728701,25.6849485729391,42.0852270468362,2.42265411257106,0
8.77782974623983,32.6654093401069,64.6463541575957,2.34037192717899,0
5.30437519237373,15.8960594592363,25.7851732563594,2.29834647928856,0
13.1653549929863,21.0535108187322,99.8927593104234,6.09903026341185,1
9.04053131563864,22.6494222212551,58.3719652305549,3.45267411232526,0
9.32592210866714,15.6219898137268,58.3551997359633,2.61065388684981,0
6.45695505702906,25.3986590923704,42.6421405115162,2.72336242371014,0
9.14399076796708,33.8115282987154,74.5636237731567,3.9833488180766,0
3.02356374459024,30.9449003877458,35.9449003877458,11.642103685008,1
6.32754048411852,25.7018872337712,43.6442749839277,2.32806565120678,0
7.18515580246123,28.5308207982363,49.1931610901566,3.99748755596256,0
6.40741063546843,30.7046963835826,47.313877050995,3.06915653910449,0
4.03142673092901,20.2218660405368,25.2218660405368,2.48737587334383,0
9.2613745108087,20.5132720282211,58.2316513883518,3.05931171484564,0
12.4617496004822,27.1044757342892,96.4007554934949,7.35172164230923,1
14.3111812272981,28.4836223157046,120.60906850435,6.22231917216472,1
8.96747750539996,15.0722694693543,50.609703800264,3.13118397716848,0
10.1250463002653,32.1140195796655,79.9185884207672,2.31745385077138,0
6.49031925372565,17.898240929477,34.7648513227522,2.64963822509637,0
4.78991410704227,25.2470434681567,32.995356865707,2.75064103760181,0
4.58246028874129,26.2436077741616,38.611328057809,3.14370915442641,0
11.7883293104347,15.1438229878418,77.9719217847585,8.78060489444019,1
11.8136332241992,23.5770107584744,83.2041747667456,9.79059435585164,1
5.15220019963962,25.6748553293892,37.6996035395406,2.78113452168582,0
7.9627245573095,28.8141340075436,55.5110919830759,10.9475827680793,1
10.1297319346985,33.0634776893382,77.3243778168674,10.1860480794547,1
4.50338335423378,16.3712225299863,26.493295275723,3.78205540608508,0
12.4244273984264,20.6619742920102,88.1146740877442,9.80776902468134,1
10.4399064398429,25.5586462590301,74.000156110548,3.85133751908828,0
10.3826602981015,20.8046992937376,70.7410953151117,2.28519311269996,0
11.4144971030236,23.4026257311386,84.7171770000115,10.1970876411612,1
14.8461969847965,34.6410590651585,134.211245788756,8.95783383705742,1
9.74873347148614,16.1386672158995,55.919555317025,3.03986146908968,0
13.3729951403802,33.578264244096,110.841746314187,6.83545115078375,1
8.02450410068599,28.3595642791701,55.6368066348695,2.69967791010064,0
10.8536322147292,24.9716109253347,77.9020235572069,2.09444316058152,0
14.1031342543052,24.293941735364,109.004070336146,7.09756799956697,1
10.9698097877289,26.1786894167984,79.2693200368124,3.55822135539509,0
6.63696811131679,20.8317431446863,43.9167862213164,3.36029914838883,0
10.4393483263396,18.4360096144789,68.7415160830753,2.16058066037822,0
7.21581984429831,27.3948131149747,52.792142770293,2.69609256704626,0
6.86840010161303,34.7695459161007,58.6371969365851,3.36047122567364,0
10.3224607049564,25.3244132904956,73.3447320262143,3.07603923461738,0
4.92387878386064,28.4201670004883,40.0866980481309,8.12267383601506,1
8.84086722909304,25.3906515935315,59.7237093552533,3.75805706456758,0
14.3476114198367,19.0006172178242,115.426218076298,10.0865274017338,1
7.60697090374246,26.5739173505739,54.1148239615604,2.66621403515413,0
5.26755111894974,34.1575911995132,45.8128637884165,11.5625546175905,1
8.62606739570617,28.8484830783044,56.9099089100075,2.80323286713855,0
13.0908939774424,15.54673878138,90.8137422145127,9.79759590695691,1
13.1120126711404,22.2623761465433,99.3428666536198,9.70573218590675,1
12.9336388735107,27.6777070523003,101.413360413179,11.5817758633056,1
3.13770615126976,26.341462158569,31.341462158569,3.85688690165398,0
6.20448371913954,17.4266742202329,31.5801335157143,2.99849984422241,0
14.9985094508911,33.7294656643923,132.138645518627,11.5862430773266,1
4.43619932630984,22.8767826648535,29.5182009174066,2.677465890842,0
8.8810739530516,29.5852544402684,69.2772851858269,3.55101090437326,0
12.4803138072322,30.7137451074873,100.470265117655,6.95379124718561,1
4.46656692112627,19.2598544372218,28.6173874682512,3.97014430241648,0
10.948910168295,28.2524868524514,82.9502888938205,2.91286348792185,0
8.85696534625589,25.4673419931791,57.749678378648,3.05435262325524,0
5.33147978503424,18.5659446038442,29.0002791083385,2.26620642598072,0
13.5435603189926,29.3688171632825,115.484563254672,6.80648422970198,1
5.17784877069276,25.811530209347,36.58974449326,2.7807944235919,0
10.6686343115373,19.2818757978886,67.3868232816014,3.78987144545392,0
11.8899225383751,23.3612362299446,83.8165083334083,8.5728373021743,1
9.75207463911874,28.6152303737828,74.1573835129379,3.31175785096275,0
10.5460988231663,34.8752304740363,82.1820184929435,3.37106139422466,0
4.42758475946405,25.9687566166116,33.1033694068664,2.20671107453177,0
6.69644384465438,30.8784007395532,49.0049543982809,2.45742903322188,0
10.0435464867561,21.611563447078,64.2317642413134,2.7303604833783,0
7.74556459569014,25.2312207745803,51.9736392770272,2.49101722632777,0
10.9673529771936,31.7005000073288,86.6283329586718,2.42820563320192,0
13.2234557376516,34.4091598051954,113.577063151027,9.21022231933231,1
5.2826650717462,18.5694401211079,31.6559017732899,11.2510582232903,1
13.839272410444,32.026151768065,119.415457167474,9.08706686592729,1
7.59811020517312,34.767939420053,60.6215408050277,3.54120965620358,0
14.3174919687391,24.0092403184281,117.198630092742,8.15285548684249,1
10.4085877562996,21.1592028788061,68.9438757331195,3.23237632756135,0
12.4811462537508,33.2491920919655,108.200803222614,6.82840449932524,1
9.17730514047871,19.3971446039801,59.6002744763545,3.96209401428998,0
9.37373633271971,34.7652741531619,75.4543081763475,2.62446657600261,0
6.93112678519166,23.0308322061402,48.5076823697137,3.55170711585994,0
4.55237648672827,16.8446725540414,28.5025762425061,2.48243100888342,0
7.60586294232508,17.7354975368853,44.2956740095979,3.71162586751655,0
5.57971776950013,24.5414465589693,38.0605533712817,11.6623790272963,1
3.394383070583,16.2189554771779,21.2189554771779,2.66380208714773,0
6.29864195790311,20.0377086981671,40.2849197164193,2.7777220978694,0
5.16691263200228,30.900045195082,42.8077683076965,2.61724604213589,0
13.5063637804575,30.7066385171272,115.075563345932,8.36492010163399,1
3.97483874917686,31.2163966739977,38.2889254834565,3.08914561807172,0
5.2067471889826,15.9252562311637,25.6490154862987,2.68089347030737,0
11.448368346436,30.3289799994939,89.8344623403795,10.2577206955192,1
14.0307106922433,31.1369309367661,124.475585461321,8.19960155608204,1
6.01750142678321,15.3209935460813,29.8255970598989,2.72523153777243,0
3.25561357753658,22.8265586871547,27.9324049866327,3.73424928957306,0
14.5260536730612,32.3115414345886,128.092846882703,7.41418514640102,1
11.1866476856874,34.1694926989956,86.1509867912879,10.2831208466008,1
6.72795235276627,33.3918388263436,51.2548932409815,2.23912121957431,0
8.66848130658288,25.9397586858578,58.7810490481269,2.4893910999084,0
10.1910704865452,21.1984254576602,70.250071663053,3.2926626998517,0
7.48642286478411,26.7852999221583,52.2701828609426,2.1848420397223,0
13.4938535594541,26.9198097575302,106.008284670629,10.1827436505803,1
11.7140710596915,28.2910370278006,88.8914893654156,10.9679731142462,1
14.4520884554905,26.8163004931701,129.093717630395,7.2720787814155,1
7.21278627417854,32.3611089741488,58.8647375188544,3.43841832730847,0
14.2460890646614,22.4795566485955,113.09766035696,7.38527577346703,1
8.74920689070893,19.8803307065099,55.7223707974608,2.06917621726899,0
10.7078716637817,15.4097314487868,64.8916523192675,3.19813669727987,0
11.8397664570586,19.6537721836369,83.0695599349898,9.84255918502182,1
12.7120556280682,18.2320329828946,92.5857034182282,6.93946188806015,1
7.75511240739233,19.7632079212324,48.1377468262188,3.76418475035648,0
8.37535174217725,32.6192633277047,60.6185426453141,2.14479200142267,0
12.807324313353,29.6319886476632,102.982356194472,8.59294277948045,1
11.6106864370915,19.8677816304625,80.9297327528035,10.0205387215047,1
14.2901905124957,30.8610854401403,123.386941160785,10.8524500928997,1
14.7551744570141,25.8824170636917,126.971012820928,10.4917504738188,1
5.14696003639016,23.1297248894994,31.7372949622421,3.73083040013219,0
5.73503294175306,19.1160452586825,34.3310456117951,3.58197455466019,0
11.5918373673486,21.2146376055167,84.4912950479613,6.17046345879342,1
11.9685928158509,16.5849303605934,77.1203557160054,11.1895156556519,1
10.2381546507903,19.6724701857194,67.0066684511375,3.27728507128129,0
13.5275971706581,28.3150279258349,109.897695712651,7.41459900932369,1
6.02388554532886,22.0204030801154,38.3758304167803,2.65599440534256,0
7.07384873156151,31.3944039090206,50.6924066436703,3.31541215589266,0
8.93576217728291,28.2230980161546,63.5008736996715,2.01870543667924,0
6.78032506762281,27.4870220548831,45.6071716653786,3.45276956346252,0
9.54526907210165,23.40555679573,65.4970254471995,3.23038524566353,0
11.1897369515753,27.9000456572904,81.0325581016807,6.48585893372764,1
5.64440281384434,32.4966130947942,52.6509735299689,2.70033865632846,0
8.82404944762057,21.2254530707668,55.6662017299411,3.61244752466448,0
14.9157762916497,21.8550405446208,123.679765430969,7.50130511721005,1
6.88993563817482,31.9735831303667,54.0519724310919,3.04682441767554,0
3.42434303389577,25.5978822569099,30.5978822569099,3.43583908899665,0
12.8082207514082,33.4737617441454,102.955667815444,6.63184475468709,1
9.03968140319595,18.7510589546878,49.391258719375,2.68454958345883,0
3.63340627342285,19.2974652264759,26.0990026464255,2.04585458421952,0
13.6836603266909,32.2491749146411,117.049413994776,7.47816108104186,1
7.85417255976429,16.9898076190834,42.7181115502861,3.28748020919994,0
14.1512781856848,24.4332475058104,108.952328499417,6.58889489218467,1
7.82493808560674,31.7880711855024,61.6870804478804,2.87095297461163,0
3.92198741729617,28.8747320715452,33.8747320715452,2.80269340875329,0
5.94361372943991,24.2448296900387,40.8265837818658,2.95433974944555,0
7.20312606848643,18.3039698830062,41.7313039286102,2.92793132464064,0
12.0087395082627,26.0163178367462,91.0352112057375,9.85512367951903,1
5.2169778281914,34.7595733775548,45.7524249434454,3.36294371878168,0
8.17168384471049,31.1031508933127,58.6670046707344,8.2956857459033,1
13.4789450377916,16.0985766811452,96.2481212552973,7.25394072057715,1
9.4051330964734,29.2185675238937,71.700906527195,2.84800984505315,0
4.23785663698868,34.5323254913603,46.0406032453966,9.09762567151036,1
3.29426984465559,18.8674784710818,23.8674784710818,2.25181109336048,0
11.4697176139326,34.1281541264306,95.397026573869,7.18798403142458,1
14.7495298914986,19.6669109454631,117.9983022183,10.617425378686,1
12.4219831554277,31.3879564491849,105.581835106111,8.00687882940259,1
12.176714362145,17.9883736838266,87.4745744478131,6.8262755715965,1
11.1053701881362,25.2820947627433,80.5343695810696,10.7325206957964,1
12.546032523584,22.2802936626854,91.4160390362791,7.3041730518161,1
3.48021342807172,28.4137505389929,36.3980843402466,2.07898638075358,0
6.17617958060225,18.5823418060342,34.3446128856939,2.59821397207624,0
11.3447704316586,26.5949668170461,84.4720571564241,10.2149549070899,1
13.4038599552929,15.0484737530767,96.09504383002,10.8227774074808,1
11.0952824618019,23.5130847046461,79.0129117996347,8.85400351486989,1
5.11531353580118,25.315864180031,33.0027072595828,2.0782054127429,0
14.2357015193483,31.7559319963442,121.419233651354,10.8850266273663,1
13.8405444013302,30.1527532755779,115.467434527112,8.83418357811417,1
4.04014519368128,16.8378327821084,22.2110912647167,3.74117660962812,0
5.31600045089104,27.5006733474881,34.866162909266,3.74363246639003,0
6.30231636732632,28.2000577240428,49.0594356938265,3.38338243052754,0
11.8609424472553,29.6805747206605,91.5186618702545,8.63261602460762,1
13.3124799396103,26.0972006939069,102.269797460687,9.50474100947089,1
9.93986864941861,17.1471101980125,63.4918032332812,3.23683666017806,0
5.39574684781995,27.8069556129441,40.8983731954549,3.52146351917529,0
7.98107865145635,28.4106170598013,60.4231679299581,3.63721261064167,0
4.65431040316929,20.0021398310397,31.5421364408334,2.18141897301886,0
14.0087542423011,33.9655052023064,116.47336653509,6.17864772126997,1
12.1743712849257,24.0529823014185,90.8215737805395,6.21393673190849,1
9.12256600567293,32.3343127776582,68.4660877494664,2.13155967738623,0
8.44290051805006,28.0616218524156,62.0049451844808,3.16997627320545,0
4.17410494014684,27.330702186583,37.0966567856436,8.35065449262972,1
6.82410427560393,25.9880175959427,45.3780100144921,3.27179649562414,0
4.44759354428876,27.9513492043428,35.6195244906126,2.23860066811073,0
12.3880567603471,31.8867050016623,103.906668714425,11.3063433825998,1
9.53860448011434,30.5375764687392,73.3214654127109,2.57223774415988,0
5.72732857698191,28.4525493288872,41.8223433266075,2.15503991057362,0
5.69043407107124,15.6369066734396,31.602923777283,2.3264107042887,0
6.12477837018943,15.1738954466104,28.2300809215139,3.4530930935825,0
6.70647302779507,22.1707528998761,42.7147740105025,2.57260473234991,0
7.65246158137692,15.6126764239561,40.4170357507375,3.59836776204929,0
6.57058718852685,25.3569490647765,42.5992955104107,2.37734762092673,0
11.1546707343978,15.0710780160704,72.3517763135212,8.66649738707182,1
3.42088343166095,24.6146079888513,31.231968052677,2.54518567617408,0
6.93732377917642,22.5521722488533,43.8761300734819,2.41904594948054,0
11.9435024742962,34.1492807590437,97.3861362731798,10.1325831774321,1
14.3136958209034,16.1170709998515,109.443382879225,10.9724716005089,1
12.6327906018906,16.3038194650721,86.8615353481556,10.4717968903621,1
5.88991451485865,31.9853309448884,46.5964083684056,7.41061814122072,1
5.79498562060598,30.9051575646781,43.6388186770079,10.9378067250387,1
5.28404153660627,33.7169230434334,48.1589007736545,2.83750521629166,0
13.5899704183033,16.5647329719241,98.3872089830475,6.54724377514058,1
5.85426824689464,27.4019954896251,37.1338256888564,2.85678815151806,0
12.0981674809575,25.2880974755693,88.0458264758983,11.8572360780359,1
6.13259677685624,21.4314808972986,34.2777888059849,3.12959724637476,0
3.39698212089019,27.2162290118658,32.2162290118658,3.86238831669672,0
11.8013724008252,33.3615557697032,99.8611907327951,10.9819911094181,1
11.7144217175424,16.2513101296482,80.3178362068487,10.6451840916001,1
4.06750933153264,28.1945228036767,33.1945228036766,2.18554174485002,0
6.92041509515522,20.7034301285725,44.5234240762289,3.60831360409651,0
14.3803834822683,23.1089538295518,115.935881438012,9.95683232564811,1
4.95538798298621,31.9938906892,42.3214460419058,2.82675966793115,0
4.04006967183492,17.4345901075595,23.7101364274015,3.20582953977313,0
10.1352466573395,31.8594214720276,78.5771274492363,3.63414204337299,0
14.1718783841517,23.0848548872663,113.562335354861,6.11035473844947,1
4.6053396929171,34.677749574642,48.6720649540175,2.21387945804655,0
9.15614752392021,33.3603132301058,68.7129543987936,2.56951322139519,0
11.2079905694035,23.1534876547682,75.4366134378234,11.6137818699437,1
5.06195711528193,20.9584061618313,31.8832792552284,9.96967591557465,1
3.13511872190627,19.4189276632866,24.4189276632866,2.78208365438876,0
13.6521975657567,19.3547187923899,103.487963871651,10.2602957827751,1
3.42277524784031,30.374761284932,36.7524277403676,2.88716414083916,0
6.0894994056921,30.1088496372594,43.5821877641837,2.6295320953361,0
10.820208380888,34.5650646274221,90.5340740870247,2.21720395461141,0
6.42939520026915,16.6661954377445,35.7783403895776,2.0846630353515,0
3.1164911588978,19.4036676071001,25.0213514601646,2.42031338354274,0
9.90542201357979,34.6742187186455,72.778045988951,2.56485388989308,0
6.69350734001653,25.9274875770236,43.6563327984377,3.29630001439866,0
4.81816874222548,26.0734083113312,38.8652870442129,2.850719465539,0
14.655399740791,21.9754199059556,116.320557399813,6.10664899526694,1
4.97966721478743,29.0757287189076,40.5169088099338,3.61916043756614,0
11.7268252937193,24.9952756267653,88.835794982932,7.05356767854849,1
13.6886902979222,24.3898652225913,105.356470531195,6.74859041303804,1
13.3045813887233,25.9954568916061,106.564146250233,10.9663318985866,1
5.21108480590136,15.5036040294519,24.459312032569,3.89910858817972,0
5.84170240433087,25.6252127874351,40.6713638916508,2.57150817833112,0
3.22035163803087,17.6592912166747,22.6592912166747,3.82018383950247,0
14.1768656071783,24.1785818844352,115.478658384851,9.09584936255465,1
13.6454541198877,16.6454240479739,102.05458482693,7.19341309167727,1
10.1455940276345,32.7792329824177,82.0561212779627,9.6518923272192,1
4.31241186608224,22.568512095045,29.5366618302048,3.75074931197031,0
5.08251176211002,23.6070942084352,32.486638305288,3.33370295416722,0
9.9235244511913,29.8412236325089,72.5744032583531,7.64764182819628,1
6.01988368200174,18.1154903876681,35.9023487822785,3.65079909621705,0
6.60206199883258,26.5004738384285,49.4464857359657,3.35511488739353,0
5.05184818731622,25.2209550146511,33.9232980611694,2.61874704967835,0
5.27510062887318,22.3660715534955,31.6265194383153,3.80719798279806,0
8.56105385268542,28.6667103281201,65.5727188343064,2.64119575488668,0
9.11848767154123,30.8897240558247,67.0714669365762,3.3542183387165,0
9.13895867597679,24.3536898638779,65.205972374295,2.3893631628051,0
14.9656655924031,27.5470221159459,133.504150468968,6.77899000653652,1
4.55514980724168,33.25078233638,43.0777131916651,10.2913723158226,1
12.0740386606528,24.1394372467879,89.5543557459035,11.4029850082384,1
12.5250809666987,17.7003989430896,87.1138744342731,10.1525107928775,1
10.0185911852462,25.8646618873903,72.4479718439522,2.51066811696835,0
8.5528581632319,23.6005611118607,56.0789774113682,2.60317530889523,0
13.7211196482034,30.3662615998814,114.832609828047,7.08459926579982,1
12.9381626288775,30.9534922166861,107.117119872571,11.7645470785172,1
3.60349123234444,18.4369194374306,23.4369194374306,2.78886551117759,0
14.5558050370542,23.758778726412,117.055825413454,11.6811402526616,1
3.08807870104373,20.3364198966791,25.3364198966791,9.44613802137355,1
9.8775864562073,34.0937844920785,78.5744345782137,2.4992357012986,0
9.86916980312487,33.7374426774744,76.5598025494201,2.21461646047035,0
13.0125559774862,23.6869750396299,98.957633135838,9.16648846049966,1
7.61659281510451,23.6202137563243,50.336742547633,3.54259655348993,0
4.09249042855179,29.9295430099328,36.3099438113201,3.30980839574894,0
9.9802472324271,26.9195189915112,73.5794212467094,6.27248713199692,1
3.29815032436478,20.1814197318864,25.1814197318864,3.15308954093936,0
7.34154913088594,24.6634013046301,49.3946374605549,3.6279239873539,0
14.8238016250239,32.8021675336019,136.249649680013,9.12553922711183,1
13.4253464346602,28.6310818363906,112.562195426494,10.0753157417705,1
4.82996090113446,26.2625305657777,34.3982388655156,2.05474694547762,0
12.585913068673,32.5350784885195,103.421343755145,9.34048918969527,1
12.7319630330583,20.5255276532904,93.0647033466542,9.22637470452665,1
14.1384866295261,34.9369495079951,123.418754842437,10.045412952752,1
5.69261119252781,18.9967966664617,31.4923874578994,3.91016972092358,0
8.98760969399952,31.7958705583404,70.916213753974,3.19879951734109,0
12.9293290969329,29.8468392158334,107.275507162551,8.42945653320282,1
11.0080054199784,32.281078348103,86.2196044734299,7.32372821055456,1
10.1272337206052,26.6983514896334,76.6775276768206,3.58972877796728,0
10.8237098492489,19.6476252775388,70.8031682109741,3.78031338517294,0
5.86219215358816,24.6703986262942,42.1283903679748,2.58222644286473,0
3.30648101850949,32.2475042716512,37.2475042716512,3.94562367564614,0
11.8350870893584,30.9560900935634,100.013955981195,6.2331792033659,1
6.92150190397053,18.4702107370455,43.8377840727413,3.93037096169755,0
7.52108264304176,34.8441985776731,57.8461944745106,2.2443632947907,0
10.3513926497946,15.6082448237473,64.2219439730738,3.91476862082239,0
10.8859805083622,22.8529692655932,80.0208881123648,3.88508715828239,0
5.43478680747411,30.0880263065559,42.2732845801019,2.5569829954802,0
12.912378454145,34.4747936579585,108.002994668797,9.52809673935418,1
7.56247926294575,17.8425328426808,41.0659983924107,3.91910564430843,0
10.5809329020167,33.4808109730646,84.9405050810942,3.42404973006506,0
14.5969369878277,19.380479091062,118.344672561563,8.33531958978491,1
9.77743482319963,26.0527709362846,67.0222816362548,2.99055203132124,0
7.30693370146628,23.6561493950873,43.5285330077175,3.14134779791203,0
10.4276413048817,31.1611020902285,79.0658646171076,3.70854596694027,0
9.02151741675803,17.7713916182412,55.555584618608,2.97762294420914,0
8.42851497333422,18.8173984233167,51.0380728095314,3.77146821472954,0
11.7872488170752,26.350250091248,84.8232108036936,7.31535583463109,1
14.0941217998092,19.1990336676429,112.44613169943,7.49425207284084,1
8.75125698340307,32.5998529710894,63.5913404457723,2.60298067362492,0
4.05876181200115,26.5670600902923,34.531394555976,9.04375219372921,1
9.83584268020889,33.2351020994971,81.4437758399531,2.70687685934485,0
5.93941026137801,30.286831647213,48.877086445543,2.31406226394333,0
3.47493493770443,24.4988627822718,34.4586300993739,3.79716102487808,0
12.4576824797242,28.8481659686998,93.9577550675434,9.86125682874523,1
6.27321883997746,16.1960440251597,39.2184564948569,2.72748136536609,0
12.3248459153086,27.6251706251271,94.388889336612,11.815040127416,1
8.85850731705846,34.6809452876708,70.6124015937413,2.65205696522138,0
6.81523069290138,17.3876896045973,35.4922560005066,3.38805244486915,0
6.76830540061076,24.0313334790415,44.680752897233,3.13650707788566,0
3.50429712103337,15.3706788940076,20.6244435115068,10.0612610036132,1
9.41279804285461,28.762557168472,67.2185187071978,2.90128735398351,0
12.8826186719611,15.3884526288936,89.18426801795,7.66493121287642,1
4.00674422999254,24.1054444045706,29.9311551572593,3.19738684214025,0
4.30270446730461,19.3830082033137,27.5493730921684,2.01745957582659,0
9.3510711224126,31.1443099219388,73.5956619174723,2.361830158748,0
10.9217017154832,27.9127481351701,76.6670320464874,3.43997844127746,0
11.3369519080399,28.3253765778812,83.8134048694109,8.8992282300579,1
6.75866034176263,25.997822125161,48.045035599054,3.55297636833248,0
3.45333330967376,20.0089280614941,25.0089280614941,9.06395690297345,1
7.97475455630874,31.3138204850035,60.5040191088607,3.57410441326357,0
5.71253005050353,32.6023991089825,45.6645474939525,3.53289538111274,0
3.01337796302888,23.7663419799287,28.7663419799287,2.11195014436851,0
11.2285988667088,26.7265963011132,88.138291519846,6.8238442567675,1
14.4247504686544,27.4860084861073,122.811739575706,10.1059113718,1
7.69382112642034,29.5521111947542,56.6498762420435,3.73244050792742,0
6.60358115245756,26.8180749837719,44.6987172301882,3.67290717073415,0
9.64502175132354,31.131951531497,73.0815708423811,2.32677821943973,0
13.2237150967786,31.4817615792551,109.208248413403,9.45374456360897,1
12.5396090963151,26.1310073090427,99.0741972885066,9.8103970460834,1
11.2170804597429,32.6590760838007,89.970433293324,8.13246536269326,1
8.18528509559648,19.0587728409493,51.2834693674557,9.90994630746659,1
11.2852082382518,23.2723086741435,80.5084812382079,7.33853026220792,1
5.59230421501928,27.6021969869629,37.4326229508523,3.36661851691336,0
6.40732125415496,17.0514539434424,37.7915209048085,3.20575771069456,0
12.3338473308046,29.3728724157035,93.4287523474048,8.33111288210927,1
14.1597616361563,24.5936667554812,113.124813001081,8.14149522291788,1
5.28059404340028,22.5798767421575,35.5596673983498,3.18063491333506,0
6.55275947301879,24.0369341466786,45.9461929068265,2.5336887946562,0
3.07452320628619,22.3517231061908,29.0499225561775,10.5464972057949,1
8.17874694336482,19.7907608778224,46.7260159383164,3.57808499941705,0
5.52354086103121,33.3174485147742,50.1421254289319,3.23628788512199,0
10.6970973906435,30.9872458982141,84.1949398806829,2.09884830321205,0
11.5150705881373,21.6788004277492,81.8820756814632,8.4873596759698,1
4.42533257278182,18.3810334317885,25.6874550228972,3.26890109689097,0
3.98572802438318,17.3325245228043,24.7726967533612,3.78610682682219,0
13.876020834964,30.9066569615364,113.881179530291,7.76966958392142,1
7.67086505689157,29.0405645696705,56.2025354682708,2.43373889086571,0
9.40084196719217,16.5046531028238,56.8906335416807,7.10424856242843,1
14.558898778964,17.3318797933251,113.119601171607,11.1702961773242,1
12.108648146596,33.2760806739447,102.142497834237,11.9626937211544,1
6.90648357118787,32.3954278782762,54.0391388305317,3.97501158309519,0
4.03019161344352,20.8390488887501,25.8390488887501,6.84520508184896,1
9.43228820026093,17.0399993891709,57.4689778479408,3.33367555613291,0
7.03350531524797,31.1778276307703,50.8539085136382,2.47055270483004,0
3.26022485431322,15.5234732840046,20.5234732840046,2.00180796647223,0
12.2538279990453,27.7269539184425,99.0325873273853,7.88268022451096,1
7.61890955824779,18.2017402958272,45.998652326938,10.8139760453191,1
9.85585380070483,28.8324885740105,69.0471328670052,2.5717942009728,0
12.0689142695548,18.3603939231182,84.3785775383691,11.7374243401314,1
14.2901690388125,21.9809745459479,114.095166111106,10.5567118072311,1
10.3478680642155,17.4417383263723,65.6962689060318,3.4045451435832,0
6.78475414536172,20.7417406203082,36.7849540760644,11.559220953758,1
4.32091809416421,17.5819472529517,27.9273852720428,3.99716520185788,0
3.88702665493527,24.2677234238233,35.8210391820338,2.83845796780034,0
6.83628928647275,27.988154606652,50.6158848299809,3.5684387671026,0
10.9300696674721,22.8902113732476,76.9416186498496,3.70731995300417,0
11.3418247767323,34.0591700291845,86.7916834122028,6.53571449177009,1
5.49261648075585,30.0973078148351,45.1201982087774,3.42902097999667,0
3.99355126306017,25.8875066147769,35.7246350065309,3.43432442116987,0
6.66612793543237,26.2704578387723,43.2657751636724,11.2011401130627,1
9.57089471825487,21.4120790661629,61.0313710843066,2.45339719836251,0
12.0560360936984,25.2503953389959,90.3456935192485,11.9038607901121,1
9.35588784684051,30.1562339438295,66.93679639335,9.24973331851469,1
6.44380503296489,15.0361925095157,34.3913342008614,3.59008754526228,0
10.4901566791669,24.6118379475123,73.7107601092412,3.29596696981063,0
6.17803986211435,33.0831308206872,52.8691435589159,2.57628747608359,0
10.8323149720143,31.9900042801497,83.2836115865431,3.80344805159505,0
13.1027760939209,19.4199086910328,94.7721903639798,11.091719382948,1
10.6673738444212,29.7247288415529,80.9013691482158,3.70828910534221,0
9.78757762772081,26.6974727330746,69.9627838162966,3.3367762946305,0
6.68570531125034,25.5107222864699,45.1941361419279,2.82822341527196,0
13.5213244792555,28.2288902570057,109.578603778949,8.29140087551643,1
14.8658626166076,27.6413522503604,127.365285974829,10.0827071511731,1
12.3297531745193,16.4283479562477,86.0157405745332,8.70706966099157,1
9.88372629084503,23.3368447139953,64.8849844079517,3.66552994366012,0
4.69535199169202,18.9859444162967,27.1456215183633,3.94956198058132,0
6.77914826871124,29.0116688159346,46.693630868325,2.22801651045122,0
7.4023118230942,20.4662066433895,47.9220372849271,3.54101652754685,0
6.50274265232959,23.7283886881506,41.2368125601145,2.95004980185773,0
8.35143377698713,31.4325129442255,58.4985976919782,3.95805929740677,0
10.3275902024117,30.6612597480303,80.4236102567687,3.12958302156088,0
5.55497508618196,32.0832029965651,50.4614682346326,3.50045537788157,0
5.99711705144045,24.5810769035632,40.3373884296608,3.61214869105318,0
4.34580579865316,33.5298947999946,41.532487491195,2.53327258319285,0
6.69106307009763,15.6310937611493,37.8659080567221,3.87587950874678,0
8.96937934301572,33.7656649268811,66.9018806743236,3.30838409907181,0
8.87769341652106,21.9725758516373,58.095279372352,3.53944963461234,0
14.9469265421568,31.2564615338507,131.768161901203,9.71619949889198,1
14.7733027567635,33.9664219384356,133.260710055851,6.55053432000777,1
8.23875326017372,32.8362814336417,65.8865997002393,3.03774383897918,0
14.6642474614838,28.9603823474694,127.256477735353,11.4207466421533,1
5.57277485010977,28.4036627892058,43.2652209163233,6.09154359792377,1
9.49345063330744,34.4715594554603,73.0260561958084,2.01987501804037,0
8.44122377363678,24.3021747009735,54.6734845514004,2.0351339308589,0
14.6113067701506,17.0803412337523,110.924357055728,9.33150638234157,1
13.0341146776243,15.4829483394875,89.7859170536885,6.61361283442897,1
5.5697630973689,32.6260040854931,47.9494282303296,2.07510376308398,0
8.27446922586469,15.5238203915259,45.3930496637813,3.84557985553188,0
5.02172365975737,34.0165597859598,42.3351171701871,3.60792790104708,0
9.34904652546301,26.3983528478637,65.1170546391068,11.7939391211769,1
